occupation_type,signup_goal,plan_type,signup_discount_used,avg_quiz_score,video_replay_count,course_completion_rate,days_since_last_login,engagement_trend,hands_on_exercises_completed,project_submissions,forum_posts,goal_progress_score,peer_completion_percentile,tenure_months,payment_failures,support_tickets_raised,satisfaction_score,churned,days_to_churn,monthly_price,clv
Working Professional,Certification,Annual,No,60.6,2,61.6,1,0,4,0,1,52.5,47.3,18,0,0,3,0,,10,190
Career Switcher,Certification,Monthly,Yes,73.4,3,69.4,1,0,2,0,0,34.5,58.9,23,1,0,3,0,,15,360
Working Professional,Certification,Annual,No,81.7,0,87.9,1,0,11,1,2,43.7,86.3,5,0,1,4,0,,10,60
Working Professional,Certification,Annual,No,59.0,3,38.0,22,-1,3,0,0,33.0,18.0,4,1,1,3,1,33.0,10,50
Student,Certification,Monthly,No,81.7,1,87.7,47,0,9,5,2,97.5,86.0,5,0,0,4,0,,15,90
Student,Hobby,Annual,Yes,70.8,3,61.4,4,1,3,2,3,85.3,47.1,10,0,0,4,0,,10,110
Student,Hobby,Monthly,Yes,85.7,0,84.8,3,0,8,3,4,61.8,82.5,0,0,1,3,0,,15,15
Career Switcher,Get a Job,Monthly,Yes,67.0,1,33.1,2,1,2,0,3,14.6,13.5,1,0,0,4,0,,15,30
Working Professional,Certification,Annual,No,75.7,1,66.0,17,0,8,0,1,17.7,53.2,19,2,1,3,0,,10,200
Working Professional,Get a Job,Monthly,Yes,69.4,3,91.2,2,-1,3,0,0,10.0,89.9,1,0,2,5,0,,15,30
Student,Certification,Annual,Yes,68.6,1,74.7,25,-1,10,1,0,26.4,67.3,2,0,2,3,0,,10,30
Career Switcher,Get a Job,Annual,No,73.9,3,53.7,11,0,5,4,2,100.0,35.8,22,0,1,3,0,,10,230
Career Switcher,Get a Job,Annual,Yes,78.1,0,79.3,22,-1,5,0,1,10.6,75.1,2,0,1,4,0,,10,30
Student,Certification,Annual,Yes,51.3,2,99.5,8,0,10,2,1,68.2,96.2,2,0,0,5,0,,10,30
Student,Certification,Monthly,Yes,91.5,0,80.7,11,-1,11,5,2,100.0,77.2,20,1,2,4,1,258.0,15,315
Student,Get a Job,Annual,Yes,42.1,8,23.2,9,-1,1,0,0,10.3,7.5,3,0,1,3,1,25.0,10,40
Student,Certification,Monthly,Yes,59.7,5,39.1,17,0,5,1,2,75.6,19.1,5,1,0,4,1,18.0,15,90
Working Professional,Certification,Annual,No,68.6,3,50.3,18,0,5,0,4,29.7,32.1,6,1,0,3,1,23.0,10,70
Working Professional,Get a Job,Annual,Yes,76.2,1,54.8,8,-1,2,0,1,10.4,37.3,16,1,0,4,1,55.0,10,170
Student,Hobby,Monthly,No,93.6,1,87.8,10,-1,8,3,0,68.7,86.1,0,0,1,4,0,,15,15
Working Professional,Certification,Monthly,Yes,42.1,5,43.9,25,0,5,2,2,63.0,24.0,2,0,0,3,1,140.0,15,45
Student,Certification,Annual,No,62.4,1,80.4,26,-1,7,4,1,85.7,76.8,7,0,1,4,0,,10,80
Student,Certification,Annual,No,38.1,8,14.5,10,-1,1,1,0,39.5,3.6,4,0,0,2,1,66.0,10,50
Working Professional,Certification,Monthly,Yes,70.5,1,9.1,0,0,1,0,0,41.3,2.1,2,1,0,3,1,7.0,15,45
Working Professional,Get a Job,Monthly,Yes,74.1,4,61.8,1,0,2,0,0,9.5,47.5,4,0,1,3,0,,15,75
Working Professional,Certification,Monthly,Yes,93.9,0,99.8,19,-1,8,1,1,60.8,96.4,24,1,1,5,1,33.0,15,375
Student,Hobby,Annual,No,71.8,1,22.9,0,1,0,0,0,11.6,7.3,0,0,0,2,0,,10,10
Working Professional,Certification,Monthly,Yes,85.7,0,74.4,2,-1,13,1,0,67.8,66.7,1,0,2,5,0,,15,30
Working Professional,Certification,Annual,No,78.8,1,85.4,2,1,7,3,5,88.4,83.4,0,1,0,5,0,,10,10
Student,Certification,Monthly,Yes,63.5,2,38.2,9,1,7,2,4,59.2,18.2,7,0,1,3,0,,15,120
Working Professional,Get a Job,Annual,Yes,48.9,5,0.0,8,1,1,1,4,34.2,0.4,0,0,0,2,1,19.0,10,10
Student,Certification,Monthly,No,74.1,4,40.1,3,1,4,1,4,54.6,20.0,4,1,0,3,0,,15,75
Student,Hobby,Annual,No,47.6,3,16.5,2,1,3,0,4,24.6,4.3,15,0,0,3,0,,10,160
Career Switcher,Get a Job,Monthly,No,89.4,0,51.7,14,-1,4,1,0,35.4,33.6,0,0,4,2,0,,15,15
Career Switcher,Get a Job,Annual,No,67.6,2,76.4,27,-1,11,5,0,100.0,70.5,3,0,1,3,1,40.0,10,40
Career Switcher,Get a Job,Monthly,No,87.9,0,100.0,0,-1,8,3,0,64.6,98.2,3,1,0,5,0,,15,60
Student,Certification,Annual,Yes,62.8,2,55.6,1,0,7,5,1,100.0,38.4,3,0,1,3,0,,10,40
Student,Hobby,Annual,No,74.0,4,69.6,10,0,5,2,2,39.7,59.2,10,0,0,4,0,,10,110
Working Professional,Get a Job,Monthly,No,73.1,4,25.4,16,1,0,0,3,20.8,8.7,0,0,0,3,0,,15,15
Working Professional,Certification,Annual,Yes,69.3,5,52.2,15,-1,3,0,0,50.1,34.0,12,0,2,4,1,11.0,10,130
Student,Get a Job,Annual,Yes,63.5,3,43.4,12,0,8,2,2,75.1,23.2,14,1,1,4,1,68.0,10,150
Working Professional,Hobby,Monthly,Yes,75.9,1,86.2,21,-1,6,3,0,65.2,84.4,4,0,2,4,0,,15,75
Student,Get a Job,Annual,No,56.1,2,1.0,2,0,0,0,1,6.6,0.7,17,0,1,1,0,,10,180
Career Switcher,Get a Job,Monthly,Yes,51.9,1,48.9,1,1,1,1,3,15.2,30.0,3,0,0,3,0,,15,60
Student,Certification,Annual,No,88.6,1,89.4,9,0,9,0,1,40.2,88.0,9,1,0,5,0,,10,100
Working Professional,Certification,Annual,Yes,80.9,0,83.6,17,-1,9,6,0,97.4,81.2,3,0,1,5,0,,10,40
Student,Certification,Monthly,Yes,71.0,4,70.7,8,1,6,0,6,8.3,61.1,0,0,0,4,0,,15,15
Working Professional,Certification,Annual,No,95.0,0,71.0,32,-1,8,2,0,55.4,61.8,0,0,3,4,1,188.0,10,10
Working Professional,Certification,Annual,No,66.0,3,0.0,15,-1,2,1,1,28.4,0.4,4,1,3,1,1,5.0,10,50
Student,Get a Job,Annual,No,89.8,2,96.5,12,0,7,5,3,100.0,94.5,24,0,0,4,0,,10,250
Career Switcher,Get a Job,Annual,No,72.6,2,70.2,0,1,7,3,4,85.5,60.5,1,0,0,4,0,,10,20
Working Professional,Certification,Annual,No,54.6,4,86.4,1,0,8,5,2,100.0,84.6,18,0,0,5,0,,10,190
Career Switcher,Get a Job,Annual,Yes,97.7,2,81.1,15,0,11,3,1,90.4,77.6,20,1,0,4,0,,10,210
Career Switcher,Get a Job,Annual,Yes,84.9,0,86.2,2,1,10,0,2,11.9,84.5,4,0,0,5,0,,10,50
Working Professional,Certification,Annual,No,68.2,4,100.0,0,1,9,2,4,77.2,98.2,4,0,0,4,0,,10,50
Career Switcher,Hobby,Monthly,No,80.9,2,52.2,24,-1,5,0,1,41.9,34.1,5,0,0,3,0,,15,90
Student,Certification,Monthly,No,63.9,6,63.9,22,0,3,3,2,67.1,50.3,11,0,0,4,0,,15,180
Student,Get a Job,Annual,Yes,82.4,0,98.3,2,0,6,3,1,77.3,95.6,1,1,1,5,0,,10,20
Student,Get a Job,Annual,Yes,34.1,11,28.2,15,1,1,1,4,40.5,10.3,3,0,0,3,0,,10,40
Student,Hobby,Annual,Yes,54.7,3,56.3,0,1,3,1,4,33.5,39.2,1,0,0,3,0,,10,20
Working Professional,Certification,Monthly,No,84.7,2,57.7,3,0,8,6,1,100.0,41.2,16,0,0,4,0,,15,255
Student,Get a Job,Monthly,No,66.3,1,84.3,9,0,6,2,3,55.7,81.9,0,0,1,4,0,,15,15
Career Switcher,Get a Job,Annual,No,73.1,0,76.4,14,0,8,2,0,51.6,70.4,11,0,2,4,0,,10,120
Working Professional,Certification,Annual,No,49.8,4,44.2,0,-1,3,1,0,32.2,24.3,4,0,3,2,1,5.0,10,50
Student,Certification,Monthly,Yes,97.7,0,79.7,3,1,5,1,1,59.5,75.9,10,0,0,4,0,,15,165
Working Professional,Certification,Annual,No,87.9,1,75.2,2,1,10,3,1,62.1,68.1,17,0,0,3,0,,10,180
Student,Get a Job,Annual,Yes,67.0,0,54.9,67,0,2,0,2,7.2,37.5,3,1,0,4,0,,10,40
Career Switcher,Hobby,Monthly,Yes,63.9,3,89.0,11,-1,8,4,0,73.0,87.6,2,1,1,5,1,23.0,15,45
Student,Get a Job,Monthly,Yes,85.4,5,76.1,5,1,15,3,6,95.6,69.8,8,0,0,5,0,,15,135
Career Switcher,Get a Job,Monthly,Yes,99.7,1,100.0,0,1,6,1,6,50.4,98.2,24,0,0,4,0,,15,375
Working Professional,Certification,Annual,No,84.3,1,77.8,9,1,9,3,2,88.6,72.4,10,0,0,4,0,,10,110
Student,Certification,Monthly,No,100.0,1,67.1,10,1,2,0,0,24.4,55.1,12,0,2,3,1,47.0,15,195
Student,Get a Job,Monthly,Yes,56.2,4,13.5,16,0,1,0,1,13.4,3.2,7,0,0,2,1,108.0,15,120
Career Switcher,Get a Job,Annual,No,57.7,5,66.5,3,0,3,3,2,75.9,54.3,3,0,1,4,0,,10,40
Working Professional,Certification,Monthly,Yes,52.2,2,70.4,39,0,7,0,0,33.2,60.8,8,0,0,4,1,66.0,15,135
Working Professional,Hobby,Monthly,No,76.6,1,62.7,5,0,2,0,1,13.6,48.6,1,0,0,4,0,,15,30
Working Professional,Hobby,Monthly,No,72.6,4,84.5,3,0,10,1,1,53.5,82.2,5,0,1,5,0,,15,90
Student,Get a Job,Annual,No,67.7,8,27.4,4,-1,1,1,0,34.4,9.7,6,0,1,3,1,15.0,10,70
Working Professional,Get a Job,Annual,No,82.1,2,90.6,7,1,14,3,5,89.4,89.0,18,0,0,4,0,,10,190
Student,Hobby,Monthly,Yes,88.5,0,91.4,27,-1,9,0,1,39.8,90.1,20,0,4,3,0,,15,315
Career Switcher,Certification,Monthly,Yes,47.1,3,41.1,13,-1,7,3,0,87.5,20.9,0,0,1,3,1,5.0,15,15
Working Professional,Hobby,Annual,No,61.0,2,15.6,8,-1,1,0,1,28.5,4.0,7,0,1,2,1,5.0,10,80
Student,Get a Job,Annual,Yes,82.3,0,96.0,1,1,9,2,2,67.6,94.1,12,0,0,5,0,,10,130
Student,Certification,Monthly,No,63.0,1,52.1,1,1,3,2,0,67.1,33.9,6,0,2,2,0,,15,105
Student,Certification,Monthly,Yes,58.0,5,48.2,6,0,1,0,2,46.3,29.2,0,0,1,3,0,,15,15
Student,Certification,Monthly,Yes,85.3,0,92.4,13,0,9,5,0,100.0,91.0,2,0,0,4,0,,15,45
Working Professional,Certification,Annual,No,50.7,2,74.2,13,-1,14,0,1,15.7,66.6,3,0,1,4,0,,10,40
Working Professional,Get a Job,Monthly,No,65.5,3,15.2,2,0,0,0,3,15.2,3.9,8,0,1,3,0,,15,135
Career Switcher,Get a Job,Annual,Yes,74.9,6,29.2,1,-1,2,0,0,0.0,11.0,0,0,3,2,1,5.0,10,10
Working Professional,Certification,Monthly,No,61.4,5,79.0,4,0,9,2,4,77.4,74.4,6,1,0,5,0,,15,105
Student,Certification,Monthly,Yes,81.7,2,87.1,25,-1,10,1,1,32.2,85.5,0,0,0,4,0,,15,15
Working Professional,Hobby,Annual,Yes,61.5,0,58.6,7,0,1,0,2,34.3,42.3,4,0,1,3,0,,10,50
Working Professional,Certification,Monthly,Yes,91.1,1,65.2,3,1,3,3,3,78.3,52.3,4,0,0,3,0,,15,75
Working Professional,Certification,Annual,No,68.1,4,63.8,3,1,4,0,2,41.1,50.1,4,0,0,4,0,,10,50
Working Professional,Get a Job,Monthly,Yes,80.1,0,98.3,1,-1,10,2,0,63.7,95.6,9,0,1,5,0,,15,150
Working Professional,Certification,Annual,No,81.2,1,100.0,6,-1,12,0,0,41.5,98.2,0,0,1,4,0,,10,10
Working Professional,Hobby,Monthly,Yes,60.6,6,47.9,15,0,5,3,1,70.2,28.9,2,3,0,4,1,134.0,15,45
Working Professional,Get a Job,Annual,Yes,39.2,8,38.2,34,-1,2,1,0,37.4,18.1,8,0,1,2,1,5.0,10,90
Student,Get a Job,Monthly,No,75.4,2,100.0,6,0,10,3,0,67.3,98.2,22,0,0,5,0,,15,345
Student,Certification,Annual,No,71.1,2,26.0,1,0,0,0,1,45.4,8.9,7,0,0,2,0,,10,80
Student,Get a Job,Annual,No,78.3,0,100.0,11,1,16,5,3,100.0,98.2,17,0,0,5,0,,10,180
Working Professional,Certification,Annual,No,66.6,4,59.0,14,0,0,0,1,23.5,43.1,24,0,0,4,0,,10,250
Student,Hobby,Monthly,Yes,63.5,4,56.5,0,-1,3,1,0,79.1,39.4,17,0,1,3,0,,15,270
Working Professional,Certification,Annual,No,100.0,0,71.9,18,-1,11,1,0,4.4,62.8,24,0,1,3,0,,10,250
Career Switcher,Get a Job,Monthly,Yes,47.9,10,19.5,17,-1,0,0,0,11.0,5.6,12,0,3,2,1,5.0,15,195
Student,Certification,Monthly,Yes,81.0,0,68.8,6,0,1,0,3,0.0,57.8,17,0,0,4,0,,15,270
Working Professional,Certification,Monthly,Yes,61.4,2,35.9,8,0,1,0,4,35.1,16.0,5,0,1,3,0,,15,90
Working Professional,Get a Job,Monthly,No,65.0,5,64.0,12,1,3,3,4,78.0,50.4,3,0,0,3,1,172.0,15,60
Student,Certification,Monthly,Yes,65.2,3,77.3,11,-1,10,5,0,61.0,71.5,24,2,0,4,0,,15,375
Student,Certification,Annual,No,57.9,6,34.0,0,0,0,0,0,46.3,14.3,0,0,0,3,0,,10,10
Student,Certification,Annual,No,78.6,1,69.6,1,0,5,0,0,10.7,59.1,24,0,0,3,0,,10,250
Student,Get a Job,Annual,No,90.9,2,83.8,1,-1,6,0,0,19.5,81.5,4,0,0,4,0,,10,50
Career Switcher,Certification,Annual,No,77.1,0,63.3,14,1,6,2,3,45.4,49.5,0,0,1,4,0,,10,10
Career Switcher,Get a Job,Annual,No,71.6,2,59.9,5,-1,7,2,0,55.4,44.6,12,1,1,3,1,74.0,10,130
Working Professional,Get a Job,Monthly,Yes,55.2,4,49.6,7,0,3,0,1,0.0,31.3,4,0,0,3,0,,15,75
Career Switcher,Certification,Annual,No,77.8,3,55.4,14,-1,4,3,1,81.4,38.2,12,0,0,3,0,,10,130
Career Switcher,Certification,Annual,No,100.0,1,87.1,4,0,14,5,1,96.4,85.4,0,0,0,5,0,,10,10
Student,Get a Job,Annual,No,64.3,7,43.8,13,1,1,1,2,31.3,23.8,24,1,0,3,1,29.0,10,250
Career Switcher,Get a Job,Monthly,No,64.4,5,75.5,5,-1,7,1,0,34.0,68.5,8,0,2,4,0,,15,135
Working Professional,Certification,Annual,No,61.6,3,51.1,4,0,2,0,0,5.3,33.0,0,0,0,3,0,,10,10
Career Switcher,Get a Job,Monthly,No,62.7,5,40.8,4,-1,8,2,2,66.9,20.6,0,0,2,2,0,,15,15
Career Switcher,Get a Job,Monthly,Yes,28.8,4,24.5,33,0,0,0,3,4.4,8.2,7,0,1,2,1,51.0,15,120
Student,Get a Job,Monthly,No,76.1,1,98.6,14,0,7,5,2,100.0,96.0,24,1,1,5,0,,15,375
Student,Certification,Annual,No,57.3,2,91.8,0,1,6,1,2,37.8,90.5,5,0,1,4,0,,10,60
Student,Certification,Annual,No,45.8,8,33.9,31,-1,4,1,2,39.2,14.2,3,0,0,4,1,5.0,10,40
Working Professional,Certification,Annual,No,81.3,1,71.2,14,1,11,2,1,39.7,61.9,22,0,0,3,0,,10,230
Career Switcher,Get a Job,Annual,No,53.8,2,55.7,1,0,5,1,1,18.9,38.5,24,1,0,3,0,,10,250
Career Switcher,Get a Job,Monthly,No,64.9,3,53.0,0,1,5,5,3,100.0,35.0,12,0,0,4,0,,15,195
Student,Hobby,Monthly,No,92.0,0,77.7,3,1,16,3,4,85.9,72.3,10,0,0,4,0,,15,165
Working Professional,Certification,Monthly,No,48.9,3,21.2,9,0,2,1,0,36.5,6.5,0,0,1,3,0,,15,15
Working Professional,Certification,Monthly,Yes,47.0,3,10.5,9,-1,0,0,0,31.8,2.5,3,0,2,2,1,5.0,15,60
Student,Hobby,Annual,No,74.0,5,74.5,3,0,16,6,1,100.0,66.9,20,0,1,5,0,,10,210
Student,Hobby,Monthly,Yes,87.2,3,92.9,5,-1,7,2,2,64.3,91.5,3,0,0,5,0,,15,60
Student,Certification,Monthly,Yes,46.4,7,25.3,2,0,0,0,0,37.3,8.6,3,1,1,2,0,,15,60
Career Switcher,Get a Job,Monthly,No,76.1,1,98.9,0,1,11,1,4,35.9,96.1,6,2,0,4,0,,15,105
Student,Certification,Monthly,Yes,78.7,1,88.9,7,-1,8,1,0,35.2,87.5,4,2,3,4,1,5.0,15,75
Working Professional,Certification,Monthly,No,39.1,7,8.3,4,1,2,0,2,35.8,1.9,15,0,0,3,0,,15,240
Working Professional,Certification,Annual,Yes,82.0,0,74.7,7,1,9,1,1,73.0,67.2,0,0,0,5,0,,10,10
Working Professional,Certification,Annual,No,83.1,0,100.0,29,-1,11,3,1,67.2,98.2,8,0,2,5,0,,10,90
Career Switcher,Get a Job,Annual,No,65.3,3,47.8,1,0,6,1,3,43.7,28.7,9,0,1,3,0,,10,100
Career Switcher,Get a Job,Annual,No,88.8,0,69.6,0,1,6,3,2,86.8,59.2,16,0,0,4,0,,10,170
Student,Hobby,Monthly,Yes,87.0,0,90.8,0,1,8,2,2,51.2,89.2,4,0,0,5,0,,15,75
Working Professional,Certification,Monthly,No,71.5,5,49.4,6,-1,9,2,1,73.4,30.9,2,0,0,4,0,,15,45
Student,Certification,Annual,No,63.2,3,66.2,12,0,7,3,0,86.7,53.7,7,0,0,4,0,,10,80
Student,Get a Job,Annual,No,55.4,2,54.3,8,0,4,1,0,40.8,36.6,10,0,1,4,0,,10,110
Student,Certification,Monthly,Yes,69.4,2,39.1,6,1,1,0,4,56.2,18.9,1,1,2,3,0,,15,30
Working Professional,Hobby,Monthly,Yes,78.5,0,69.6,4,1,5,2,5,87.5,59.3,1,1,0,4,0,,15,30
Working Professional,Certification,Monthly,Yes,65.1,2,21.3,3,1,2,0,3,30.8,6.6,2,1,0,2,1,36.0,15,45
Student,Hobby,Monthly,Yes,37.0,10,8.4,4,1,1,1,4,48.4,2.0,2,0,0,2,1,52.0,15,45
Student,Certification,Annual,No,89.0,2,89.4,9,-1,4,2,0,38.6,88.0,11,0,3,3,0,,10,120
Career Switcher,Get a Job,Annual,No,72.9,6,79.1,1,1,10,3,2,100.0,74.8,6,1,0,4,0,,10,70
Student,Get a Job,Annual,No,64.3,2,42.8,14,1,5,4,6,100.0,22.4,6,0,1,3,0,,10,70
Student,Certification,Monthly,Yes,82.9,3,59.4,8,-1,2,0,3,20.9,43.9,0,2,2,5,1,47.0,15,15
Working Professional,Certification,Monthly,Yes,92.9,1,97.1,3,1,7,1,3,31.0,94.8,24,0,0,5,0,,15,375
Career Switcher,Get a Job,Monthly,Yes,28.0,2,42.5,6,0,5,1,1,25.6,22.2,14,0,0,4,0,,15,225
Student,Certification,Monthly,Yes,76.5,0,90.8,32,-1,10,3,0,100.0,89.3,4,0,2,4,0,,15,75
Working Professional,Hobby,Monthly,No,48.6,5,3.2,0,1,0,1,10,63.5,0.9,0,0,0,2,1,5.0,15,15
Working Professional,Get a Job,Annual,No,77.5,1,87.7,2,-1,4,2,0,45.1,86.0,9,2,2,4,0,,10,100
Student,Hobby,Monthly,No,71.9,4,66.0,5,0,3,1,5,28.3,53.3,6,0,1,4,0,,15,105
Working Professional,Certification,Annual,No,79.5,0,93.5,10,0,8,3,0,76.8,92.1,9,0,0,5,0,,10,100
Working Professional,Certification,Monthly,No,62.5,3,58.0,2,0,3,1,1,29.8,41.6,9,0,1,4,0,,15,150
Working Professional,Get a Job,Monthly,No,41.9,5,13.7,26,-1,3,3,0,82.5,3.3,1,0,4,1,1,5.0,15,30
Working Professional,Certification,Monthly,No,63.2,1,46.9,10,-1,7,2,0,83.3,27.5,3,0,0,3,0,,15,60
Working Professional,Certification,Monthly,Yes,76.1,1,97.7,20,-1,7,4,0,100.0,95.2,0,0,0,5,0,,15,15
Student,Get a Job,Monthly,No,85.2,1,85.7,3,0,18,4,1,92.9,83.8,24,0,0,5,0,,15,375
Career Switcher,Get a Job,Annual,No,52.4,4,28.8,17,-1,4,1,0,24.9,10.7,13,0,2,2,1,36.0,10,140
Student,Hobby,Monthly,No,85.4,0,100.0,4,1,8,6,2,100.0,98.2,21,0,0,5,0,,15,330
Student,Get a Job,Annual,Yes,60.3,2,78.1,2,1,7,0,2,21.3,72.9,0,1,0,4,0,,10,10
Student,Hobby,Monthly,Yes,75.4,0,100.0,24,-1,11,2,1,47.7,98.2,5,0,1,5,0,,15,90
Working Professional,Certification,Monthly,Yes,62.4,2,77.7,0,0,6,0,3,35.5,72.2,11,0,0,4,0,,15,180
Working Professional,Certification,Monthly,Yes,72.7,4,36.4,28,0,2,0,3,23.2,16.4,0,0,1,2,1,17.0,15,15
Student,Get a Job,Annual,No,83.4,3,85.0,6,-1,10,3,0,100.0,82.8,12,0,3,3,0,,10,130
Working Professional,Get a Job,Monthly,Yes,51.6,4,67.1,49,-1,2,1,0,41.2,55.0,8,0,1,3,1,27.0,15,135
Student,Get a Job,Annual,Yes,59.8,6,28.1,7,1,0,0,3,8.1,10.2,24,0,0,2,0,,10,250
Working Professional,Get a Job,Annual,Yes,72.8,5,31.6,14,-1,6,0,0,0.0,12.4,1,0,2,3,0,,10,20
Student,Get a Job,Annual,Yes,100.0,0,91.2,0,0,6,4,1,99.4,89.8,7,0,1,5,0,,10,80
Working Professional,Certification,Annual,Yes,57.1,4,71.5,6,0,17,3,1,37.1,62.4,23,0,0,4,0,,10,240
Working Professional,Hobby,Monthly,No,100.0,1,100.0,13,0,12,0,2,44.1,98.2,10,0,0,5,0,,15,165
Career Switcher,Certification,Monthly,Yes,100.0,1,76.1,15,-1,11,1,0,55.0,69.7,3,0,3,4,1,63.0,15,60
Student,Certification,Monthly,Yes,68.5,3,21.3,1,1,2,1,4,55.7,6.6,1,0,1,2,1,40.0,15,30
Student,Get a Job,Annual,No,65.5,5,52.0,5,0,5,1,0,28.9,33.8,24,0,1,3,0,,10,250
Student,Get a Job,Monthly,Yes,59.6,1,71.9,5,1,12,5,5,100.0,62.8,0,0,0,4,0,,15,15
Career Switcher,Get a Job,Monthly,Yes,69.0,4,47.7,1,1,3,1,5,50.8,28.7,24,0,1,3,0,,15,375
Career Switcher,Get a Job,Annual,No,48.9,4,26.5,5,1,2,0,6,3.3,9.1,2,0,0,3,0,,10,30
Student,Certification,Monthly,No,68.9,3,42.2,16,-1,4,2,0,77.7,21.9,15,0,2,2,1,98.0,15,240
Working Professional,Certification,Annual,No,92.5,1,97.9,3,1,10,2,3,62.1,95.3,6,0,0,5,0,,10,70
Career Switcher,Get a Job,Annual,No,60.8,1,69.9,5,0,2,1,0,29.7,59.9,19,0,0,4,0,,10,200
Working Professional,Certification,Monthly,Yes,66.4,3,38.6,32,0,5,1,1,63.5,18.7,4,2,1,2,1,5.0,15,75
Working Professional,Certification,Monthly,No,44.5,4,17.2,0,-1,0,0,1,11.9,4.6,15,0,0,2,1,5.0,15,240
Student,Hobby,Monthly,No,75.6,0,69.8,8,1,7,5,5,67.7,59.6,2,0,0,5,0,,15,45
Student,Get a Job,Annual,No,74.0,4,17.8,13,0,2,0,4,6.0,4.9,5,0,1,3,0,,10,60
Career Switcher,Certification,Annual,Yes,71.0,1,39.8,14,1,4,1,2,41.6,19.6,14,0,0,2,0,,10,150
Career Switcher,Hobby,Annual,No,66.7,4,19.5,12,-1,2,0,1,15.4,5.7,1,2,2,2,0,,10,20
Working Professional,Certification,Annual,No,65.6,6,73.7,12,1,9,0,2,37.4,65.4,10,0,0,4,0,,10,110
Student,Certification,Annual,No,77.5,0,95.2,0,-1,11,2,0,48.3,93.4,4,0,0,5,0,,10,50
Student,Certification,Monthly,Yes,69.6,2,49.0,7,1,8,2,4,40.4,30.2,5,0,0,3,0,,15,90
Working Professional,Hobby,Monthly,No,74.7,1,59.1,15,-1,3,1,1,59.7,43.3,6,0,1,4,0,,15,105
Career Switcher,Certification,Annual,No,73.2,1,76.4,0,1,6,1,4,38.6,70.4,2,0,0,5,0,,10,30
Career Switcher,Get a Job,Monthly,No,86.9,0,91.8,0,1,6,0,3,20.6,90.4,0,0,0,5,0,,15,15
Working Professional,Certification,Monthly,Yes,80.2,1,100.0,16,-1,10,3,0,81.9,98.2,0,1,0,5,1,15.0,15,15
Working Professional,Certification,Annual,No,72.9,3,60.2,12,0,7,10,0,100.0,45.0,4,0,0,3,0,,10,50
Student,Certification,Monthly,Yes,92.8,1,100.0,5,0,7,3,1,91.5,98.2,2,0,0,5,0,,15,45
Student,Get a Job,Annual,No,76.3,0,81.4,28,-1,8,3,3,89.2,77.9,8,0,0,4,0,,10,90
Career Switcher,Certification,Annual,No,89.6,0,78.2,14,0,6,0,4,29.7,73.1,10,0,1,4,0,,10,110
Working Professional,Certification,Monthly,No,79.1,0,90.2,34,-1,9,2,0,67.7,88.7,5,0,1,5,0,,15,90
Student,Hobby,Annual,Yes,42.4,9,33.3,26,-1,3,4,1,88.2,13.6,7,0,3,2,1,5.0,10,80
Student,Hobby,Monthly,Yes,89.6,0,70.9,6,1,11,3,5,53.6,61.5,6,0,1,3,0,,15,105
Working Professional,Certification,Monthly,No,72.0,6,38.5,14,-1,3,4,0,100.0,18.5,0,0,1,2,0,,15,15
Student,Certification,Monthly,No,69.2,3,56.5,11,1,4,0,2,31.0,39.4,14,1,0,4,0,,15,225
Student,Certification,Monthly,Yes,74.2,2,17.2,16,-1,1,0,0,31.3,4.7,0,0,2,3,1,127.0,15,15
Working Professional,Get a Job,Annual,No,64.8,5,48.8,15,-1,6,2,0,42.4,29.9,4,0,0,4,0,,10,50
Working Professional,Certification,Monthly,No,73.4,6,35.4,1,-1,2,0,2,31.9,15.4,0,0,3,2,1,27.0,15,15
Working Professional,Get a Job,Annual,Yes,61.1,1,43.5,2,1,2,2,3,61.7,23.3,8,0,0,3,0,,10,90
Student,Certification,Monthly,Yes,89.1,0,68.3,3,0,3,1,2,27.8,56.9,3,0,0,5,0,,15,60
Working Professional,Certification,Annual,Yes,68.3,4,70.4,17,-1,6,0,0,14.4,60.7,0,1,0,3,1,38.0,10,10
Student,Get a Job,Annual,Yes,64.3,4,63.9,16,-1,4,0,1,1.0,50.3,0,1,2,4,1,5.0,10,10
Student,Get a Job,Monthly,Yes,56.1,8,56.1,6,1,3,1,3,32.0,38.9,2,0,0,4,0,,15,45
Working Professional,Get a Job,Annual,No,74.0,3,47.3,8,0,4,1,2,37.1,28.1,8,1,1,3,0,,10,90
Working Professional,Certification,Monthly,No,72.8,4,75.7,17,-1,13,1,0,41.7,68.9,10,0,1,4,0,,15,165
Career Switcher,Certification,Monthly,Yes,75.8,1,93.5,3,1,9,2,2,64.5,92.1,1,0,1,4,0,,15,30
Working Professional,Certification,Annual,Yes,54.6,5,52.8,0,1,5,0,2,40.1,34.8,1,0,0,4,0,,10,20
Working Professional,Get a Job,Annual,No,46.0,3,45.3,6,1,1,1,5,40.4,25.6,7,1,0,4,0,,10,80
Student,Get a Job,Monthly,Yes,79.4,2,77.2,24,0,7,4,3,100.0,71.4,24,1,1,5,1,69.0,15,375
Working Professional,Get a Job,Annual,Yes,92.3,1,83.1,15,0,5,0,1,12.9,80.5,6,0,0,5,0,,10,70
Student,Get a Job,Monthly,No,54.6,4,43.5,4,0,3,5,3,100.0,23.4,9,0,0,4,0,,15,150
Student,Hobby,Monthly,No,93.8,3,74.1,0,0,8,1,2,47.8,66.1,6,0,1,3,0,,15,105
Career Switcher,Get a Job,Monthly,Yes,74.3,4,42.5,10,0,2,0,1,3.4,22.1,0,0,1,3,0,,15,15
Working Professional,Certification,Annual,No,69.9,2,68.8,17,-1,3,1,1,43.6,57.6,23,0,1,4,0,,10,240
Career Switcher,Get a Job,Annual,No,64.0,0,62.5,10,1,6,0,2,16.5,48.3,0,1,0,3,0,,10,10
Working Professional,Certification,Monthly,No,49.2,4,9.2,5,0,1,0,2,39.7,2.2,11,0,2,2,0,,15,180
Working Professional,Certification,Annual,No,84.8,3,88.5,1,0,6,0,0,37.6,87.2,24,0,3,3,0,,10,250
Working Professional,Certification,Annual,Yes,58.4,6,90.9,24,-1,12,1,1,37.9,89.3,3,1,1,5,0,,10,40
Working Professional,Certification,Annual,No,58.3,2,41.8,3,0,5,5,0,100.0,21.5,1,0,0,3,0,,10,20
Working Professional,Get a Job,Monthly,Yes,84.9,0,69.2,2,0,4,2,1,57.9,58.6,6,0,0,5,0,,15,105
Student,Certification,Monthly,No,41.8,6,25.1,16,-1,0,0,0,20.9,8.4,12,0,2,2,1,5.0,15,195
Working Professional,Certification,Annual,No,47.1,8,45.7,39,1,2,0,2,43.4,26.2,23,0,1,3,1,91.0,10,240
Student,Get a Job,Annual,Yes,69.7,0,46.2,10,0,1,0,1,0.0,26.9,9,0,1,4,0,,10,100
Student,Hobby,Monthly,Yes,74.4,0,91.8,9,0,13,0,0,70.3,90.5,3,0,1,4,0,,15,60
Working Professional,Certification,Annual,No,77.3,2,64.1,3,0,8,4,2,100.0,50.8,5,1,1,4,0,,10,60
Student,Certification,Annual,No,65.5,2,58.8,0,1,3,1,4,45.8,42.6,11,1,0,3,0,,10,120
Career Switcher,Get a Job,Annual,Yes,100.0,0,54.5,2,0,2,2,1,64.1,36.8,12,0,0,4,0,,10,130
Career Switcher,Get a Job,Monthly,No,66.6,0,36.3,8,-1,3,2,0,68.5,16.2,0,0,4,2,1,5.0,15,15
Career Switcher,Get a Job,Annual,No,66.5,4,50.7,1,0,3,2,3,52.4,32.5,7,0,1,2,0,,10,80
Working Professional,Certification,Annual,No,58.0,4,60.4,21,-1,6,1,0,53.5,45.4,24,1,2,3,0,,10,250
Student,Certification,Annual,No,71.9,5,79.8,2,1,10,1,4,64.8,76.1,12,1,1,5,0,,10,130
Career Switcher,Get a Job,Annual,No,79.2,1,69.5,7,0,4,3,1,67.0,59.0,0,0,2,4,0,,10,10
Working Professional,Certification,Monthly,Yes,88.1,0,86.3,7,1,9,1,2,23.4,84.5,2,0,0,5,0,,15,45
Career Switcher,Get a Job,Annual,No,47.7,6,4.9,9,-1,3,2,0,67.5,1.1,4,0,1,2,1,37.0,10,50
Career Switcher,Certification,Annual,Yes,66.3,3,75.2,3,-1,9,1,0,40.9,68.2,9,0,4,3,0,,10,100
Career Switcher,Get a Job,Monthly,Yes,76.7,1,99.7,20,0,10,1,4,31.1,96.3,6,0,0,4,0,,15,105
Student,Certification,Monthly,Yes,78.8,1,95.6,5,-1,5,3,0,70.1,93.8,0,0,1,4,0,,15,15
Working Professional,Get a Job,Monthly,No,70.1,5,75.7,12,-1,6,0,1,0.0,68.9,10,0,1,4,0,,15,165
Career Switcher,Get a Job,Monthly,Yes,78.1,1,78.6,10,-1,8,1,0,30.9,73.8,14,0,1,4,0,,15,225
Student,Get a Job,Monthly,Yes,57.9,3,60.5,1,1,2,2,3,46.8,45.6,1,0,0,3,0,,15,30
Student,Get a Job,Annual,No,93.4,3,78.5,9,1,16,4,2,100.0,73.7,0,0,0,5,0,,10,10
Working Professional,Get a Job,Annual,Yes,84.9,1,79.3,8,-1,8,3,0,86.3,75.1,12,0,3,4,0,,10,130
Career Switcher,Get a Job,Annual,Yes,49.8,8,13.8,22,-1,2,0,0,11.1,3.3,8,0,0,4,1,5.0,10,90
Working Professional,Certification,Annual,Yes,53.9,5,60.6,21,-1,2,0,1,40.0,45.7,13,0,0,4,0,,10,140
Working Professional,Certification,Annual,No,54.3,0,63.4,1,1,4,1,1,86.9,49.5,6,0,1,4,0,,10,70
Student,Hobby,Monthly,Yes,80.2,2,94.8,0,-1,6,1,0,34.2,93.0,4,1,0,5,0,,15,75
Working Professional,Certification,Monthly,Yes,50.7,1,62.8,3,1,4,1,5,17.4,48.8,24,0,1,3,0,,15,375
Career Switcher,Get a Job,Annual,No,65.0,7,72.6,43,-1,8,1,0,34.7,63.8,12,0,2,4,0,,10,130
Student,Certification,Monthly,No,76.8,3,68.8,0,0,5,0,1,2.6,57.8,4,0,0,4,0,,15,75
Working Professional,Get a Job,Annual,No,69.0,2,83.5,11,-1,9,1,1,31.6,81.0,19,1,3,3,0,,10,200
Career Switcher,Certification,Annual,No,73.9,4,50.2,9,0,1,0,0,43.1,31.9,24,1,0,3,1,42.0,10,250
Working Professional,Get a Job,Annual,Yes,54.0,5,14.0,10,0,2,0,3,25.3,3.5,2,0,1,2,0,,10,30
Working Professional,Certification,Annual,Yes,78.9,1,74.2,2,1,11,6,2,96.5,66.4,17,0,1,4,0,,10,180
Working Professional,Certification,Monthly,Yes,60.8,4,66.5,2,1,1,1,4,30.9,54.4,0,0,0,4,0,,15,15
Working Professional,Certification,Monthly,Yes,65.1,4,56.6,5,1,5,0,3,35.5,39.6,1,0,0,4,0,,15,30
Student,Certification,Annual,Yes,73.6,7,16.2,1,1,1,1,3,56.3,4.1,1,0,0,2,0,,10,20
Career Switcher,Get a Job,Annual,Yes,71.5,3,59.3,0,0,2,0,5,18.1,43.8,3,0,1,3,1,62.0,10,40
Career Switcher,Get a Job,Annual,No,70.4,4,57.5,0,0,3,1,1,49.8,40.7,6,0,0,3,0,,10,70
Career Switcher,Certification,Monthly,No,58.7,3,35.6,8,-1,4,1,0,55.9,15.6,10,0,1,3,0,,15,165
Career Switcher,Get a Job,Annual,No,65.5,3,66.3,5,0,4,1,2,33.8,54.0,18,0,1,4,0,,10,190
Working Professional,Certification,Annual,No,70.0,1,52.3,3,1,6,0,6,45.9,34.2,1,1,0,3,0,,10,20
Working Professional,Certification,Annual,Yes,49.4,11,0.0,3,1,1,1,4,46.0,0.4,6,1,0,2,1,81.0,10,70
Working Professional,Certification,Monthly,Yes,63.1,5,68.9,2,1,8,1,4,49.1,57.9,6,0,0,4,0,,15,105
Working Professional,Certification,Monthly,Yes,75.8,0,82.6,5,0,10,3,2,67.6,79.6,4,0,0,4,0,,15,75
Working Professional,Certification,Annual,Yes,50.8,1,85.3,2,1,8,3,4,77.4,83.2,9,1,0,5,0,,10,100
Working Professional,Certification,Monthly,Yes,87.3,1,67.0,11,-1,1,0,1,5.6,54.8,5,0,0,4,0,,15,90
Career Switcher,Get a Job,Annual,No,89.0,1,76.5,1,1,6,2,2,70.3,70.6,6,1,0,3,0,,10,70
Student,Get a Job,Annual,No,51.3,2,76.3,29,-1,19,2,0,49.9,70.3,18,1,0,5,0,,10,190
Working Professional,Hobby,Annual,No,90.4,1,66.3,0,1,8,4,2,66.7,53.8,15,0,0,3,0,,10,160
Student,Hobby,Monthly,Yes,67.8,2,75.6,28,0,7,4,1,45.1,68.7,6,0,0,4,0,,15,105
Working Professional,Certification,Monthly,No,76.3,0,95.9,17,0,9,3,1,62.7,94.0,1,1,2,4,1,44.0,15,30
Student,Get a Job,Annual,No,62.6,3,61.3,11,0,5,1,3,25.4,47.0,24,0,0,4,0,,10,250
Working Professional,Certification,Annual,No,83.8,2,77.5,24,-1,13,1,2,48.3,71.9,7,1,1,4,1,50.0,10,80
Working Professional,Certification,Monthly,No,76.1,5,70.3,1,0,4,0,2,10.6,60.6,13,0,1,4,0,,15,210
Student,Hobby,Annual,No,57.8,4,40.6,1,0,2,0,0,33.3,20.5,0,1,1,4,0,,10,10
Working Professional,Certification,Monthly,Yes,52.5,1,61.2,2,1,6,0,6,19.8,46.8,18,1,1,3,0,,15,285
Student,Get a Job,Monthly,Yes,48.1,8,0.0,2,1,1,0,4,0.0,0.4,9,1,0,2,1,51.0,15,150
Student,Hobby,Monthly,Yes,72.8,2,43.9,3,-1,10,0,0,43.6,23.9,9,0,1,3,1,21.0,15,150
Career Switcher,Get a Job,Annual,No,78.6,1,69.6,8,0,4,1,0,32.8,59.1,0,0,0,4,0,,10,10
Working Professional,Certification,Monthly,Yes,79.8,1,65.2,0,1,5,2,0,60.6,52.3,9,0,0,4,0,,15,150
Student,Hobby,Annual,No,68.2,4,58.7,4,-1,3,1,1,62.5,42.5,0,0,0,4,0,,10,10
Working Professional,Get a Job,Annual,No,52.6,3,25.6,2,0,1,0,4,10.1,8.8,0,0,2,2,1,97.0,10,10
Working Professional,Certification,Monthly,No,59.8,2,79.1,9,1,5,0,1,25.0,74.6,3,0,0,4,0,,15,60
Student,Get a Job,Monthly,No,87.3,2,93.7,42,0,9,6,3,100.0,92.2,0,2,2,3,0,,15,15
Working Professional,Certification,Annual,No,62.7,5,82.2,7,1,7,3,2,70.1,78.8,1,0,0,5,0,,10,20
Student,Hobby,Monthly,Yes,72.2,3,44.5,5,-1,5,0,2,32.4,24.6,10,0,0,3,0,,15,165
Student,Certification,Annual,Yes,53.9,3,59.2,4,-1,0,0,0,40.0,43.5,14,0,1,3,0,,10,150
Working Professional,Hobby,Monthly,Yes,75.0,0,92.3,15,-1,3,1,1,38.3,90.9,1,0,0,5,0,,15,30
Working Professional,Certification,Monthly,No,63.1,3,52.4,0,-1,1,0,2,47.5,34.2,13,0,0,3,0,,15,210
Working Professional,Certification,Annual,No,85.7,1,71.5,32,-1,7,5,1,100.0,62.5,5,0,1,3,0,,10,60
Working Professional,Certification,Monthly,No,81.6,2,81.8,5,1,10,3,1,98.5,78.4,24,0,0,5,0,,15,375
Career Switcher,Get a Job,Annual,Yes,62.6,2,50.9,3,1,2,0,3,9.4,32.9,1,0,1,3,0,,10,20
Working Professional,Certification,Monthly,Yes,68.1,4,33.6,36,0,6,2,1,74.2,13.9,0,2,1,3,0,,15,15
Student,Get a Job,Annual,No,61.7,5,7.4,27,-1,0,0,1,0.0,1.6,14,0,2,1,1,5.0,10,150
Working Professional,Certification,Annual,Yes,48.7,6,11.1,10,-1,0,0,1,49.2,2.7,3,0,1,2,1,28.0,10,40
Student,Certification,Annual,No,57.1,2,7.8,0,1,0,0,6,40.3,1.8,4,0,0,2,0,,10,50
Working Professional,Certification,Monthly,Yes,73.0,2,37.6,13,0,5,3,4,65.3,17.7,5,0,2,3,1,99.0,15,90
Student,Certification,Annual,Yes,74.9,2,83.4,4,1,10,2,7,73.0,80.9,13,0,0,5,0,,10,140
Student,Certification,Annual,No,72.2,4,18.0,4,1,0,0,1,11.0,5.1,0,0,0,2,1,118.0,10,10
Career Switcher,Get a Job,Monthly,Yes,65.5,2,64.0,1,1,1,1,0,30.0,50.4,6,0,1,4,0,,15,105
Career Switcher,Get a Job,Monthly,Yes,84.0,0,98.3,7,1,12,2,4,51.5,95.7,4,0,0,5,0,,15,75
Working Professional,Certification,Annual,Yes,71.0,3,23.5,13,-1,2,1,0,58.8,7.6,3,1,1,2,1,5.0,10,40
Working Professional,Certification,Annual,No,80.5,1,100.0,3,1,15,2,1,78.7,98.2,3,0,0,5,0,,10,40
Student,Get a Job,Annual,No,43.4,11,23.9,27,-1,0,1,0,30.5,7.8,21,1,0,3,1,49.0,10,220
Student,Hobby,Monthly,No,11.2,10,45.4,2,0,3,1,1,30.9,25.7,2,1,1,3,0,,15,45
Student,Hobby,Monthly,No,74.3,3,60.4,0,1,9,4,4,65.3,45.4,4,2,0,4,0,,15,75
Working Professional,Certification,Annual,Yes,48.6,6,18.1,10,-1,4,0,2,31.4,5.1,5,0,1,2,1,80.0,10,60
Working Professional,Get a Job,Annual,No,66.8,4,0.0,18,0,3,1,0,35.3,0.4,10,1,1,1,1,25.0,10,110
Working Professional,Certification,Annual,No,65.5,2,32.7,30,-1,2,2,0,54.9,13.2,5,0,0,3,1,40.0,10,60
Student,Certification,Monthly,Yes,93.8,1,90.2,14,0,11,2,1,47.6,88.7,7,0,0,4,0,,15,120
Career Switcher,Certification,Monthly,Yes,76.0,1,100.0,2,1,6,3,1,99.4,98.2,4,1,2,5,0,,15,75
Working Professional,Certification,Monthly,No,72.5,4,26.9,38,-1,0,1,1,35.7,9.4,10,1,3,2,1,5.0,15,165
Working Professional,Certification,Annual,No,82.6,2,79.1,25,-1,9,4,1,77.5,74.8,5,0,1,4,0,,10,60
Working Professional,Certification,Monthly,Yes,75.5,1,73.3,1,0,7,2,0,77.2,64.8,2,0,1,3,0,,15,45
Working Professional,Get a Job,Annual,Yes,63.1,5,63.4,8,1,5,3,1,82.2,49.6,13,0,0,4,0,,10,140
Student,Certification,Monthly,No,86.1,0,81.3,8,1,5,0,1,37.7,77.8,11,0,1,5,0,,15,180
Working Professional,Certification,Monthly,No,53.4,2,47.6,5,1,1,0,0,16.9,28.5,7,0,0,4,1,36.0,15,120
Working Professional,Certification,Annual,No,74.8,3,67.8,41,0,4,0,3,37.6,55.9,5,2,0,4,1,86.0,10,60
Student,Get a Job,Annual,No,46.8,4,14.6,0,1,0,0,0,17.4,3.6,1,0,0,3,1,29.0,10,20
Student,Get a Job,Annual,No,73.1,4,55.2,9,-1,5,0,1,0.0,38.0,16,0,3,2,0,,10,170
Student,Hobby,Monthly,Yes,72.9,4,70.4,2,0,5,2,1,52.0,60.8,0,1,2,3,0,,15,15
Student,Certification,Annual,Yes,95.1,0,69.1,7,0,3,0,4,16.4,58.3,3,0,0,3,1,161.0,10,40
Career Switcher,Certification,Monthly,No,46.5,6,19.6,15,-1,1,0,0,22.1,5.7,15,0,1,2,1,5.0,15,240
Working Professional,Certification,Monthly,No,61.0,4,43.8,2,1,4,4,7,100.0,23.9,7,0,0,4,0,,15,120
Working Professional,Certification,Monthly,Yes,82.3,1,86.8,4,0,5,1,1,48.9,85.2,4,0,0,4,0,,15,75
Student,Certification,Monthly,Yes,75.0,0,85.2,30,-1,3,2,1,89.2,83.1,12,0,2,5,0,,15,195
Working Professional,Hobby,Monthly,No,72.7,0,44.6,14,0,9,0,3,62.2,24.9,24,0,1,2,1,96.0,15,375
Working Professional,Certification,Annual,No,55.7,1,61.8,8,-1,4,0,2,47.0,47.6,1,0,0,4,1,58.0,10,20
Student,Certification,Annual,No,61.1,3,0.0,2,1,0,0,3,51.8,0.4,0,2,0,2,0,,10,10
Working Professional,Get a Job,Annual,No,88.7,0,92.5,5,1,8,0,3,21.6,91.1,4,0,2,4,0,,10,50
Working Professional,Certification,Monthly,Yes,69.2,2,72.9,14,0,4,1,1,70.6,64.4,2,0,0,4,0,,15,45
Working Professional,Certification,Monthly,No,75.6,2,72.4,17,-1,7,3,0,83.2,63.5,8,0,3,3,1,121.0,15,135
Working Professional,Certification,Monthly,No,68.3,6,40.9,2,1,4,2,3,70.3,20.7,5,0,1,3,0,,15,90
Student,Get a Job,Annual,No,52.3,2,53.8,10,-1,3,1,1,41.6,36.0,5,0,0,3,1,151.0,10,60
Working Professional,Certification,Annual,No,84.0,1,66.3,0,0,7,2,1,53.4,54.0,3,0,1,3,0,,10,40
Working Professional,Certification,Annual,No,77.5,2,68.7,0,1,7,4,2,100.0,57.5,1,0,0,4,0,,10,20
Working Professional,Certification,Monthly,Yes,100.0,0,84.6,7,-1,11,2,0,78.9,82.3,1,0,3,4,0,,15,30
Career Switcher,Get a Job,Annual,Yes,54.8,5,71.2,2,-1,7,1,0,29.0,61.9,3,0,2,3,0,,10,40
Working Professional,Hobby,Monthly,No,82.3,1,84.8,0,-1,11,0,0,27.1,82.5,9,1,3,4,1,99.0,15,150
Student,Certification,Annual,Yes,50.3,6,100.0,13,0,8,3,0,66.7,98.2,3,0,0,5,0,,10,40
Student,Get a Job,Annual,Yes,72.4,1,80.0,6,1,11,1,2,48.6,76.3,3,0,0,5,0,,10,40
Working Professional,Get a Job,Annual,No,84.6,3,91.0,15,-1,11,1,0,32.6,89.6,4,0,1,5,0,,10,50
Student,Certification,Annual,No,38.9,11,35.5,10,0,3,3,3,58.4,15.5,24,0,0,2,1,59.0,10,250
Working Professional,Certification,Monthly,Yes,66.9,1,56.7,13,-1,2,0,0,14.4,39.8,0,0,0,5,0,,15,15
Career Switcher,Certification,Annual,No,61.6,2,65.1,3,-1,6,0,1,16.4,52.2,2,0,1,4,0,,10,30
Working Professional,Certification,Annual,No,59.5,3,59.0,3,-1,5,1,1,34.3,43.0,2,0,2,3,0,,10,30
Working Professional,Certification,Monthly,Yes,75.8,1,95.8,9,1,15,3,5,54.0,93.9,24,0,0,5,0,,15,375
Working Professional,Certification,Monthly,No,86.8,0,75.8,2,-1,11,1,0,54.1,69.0,4,1,1,5,0,,15,75
Working Professional,Certification,Monthly,Yes,68.0,4,48.3,16,1,4,2,2,57.2,29.3,6,0,0,4,0,,15,105
Working Professional,Certification,Monthly,Yes,73.1,7,78.6,7,0,12,1,4,53.0,73.7,1,0,0,5,0,,15,30
Career Switcher,Certification,Monthly,Yes,71.7,6,45.8,2,1,2,0,4,0.0,26.4,0,0,0,4,0,,15,15
Working Professional,Certification,Annual,No,70.0,2,36.1,9,1,7,1,2,61.1,16.1,3,1,0,2,0,,10,40
Career Switcher,Get a Job,Annual,No,53.7,6,40.0,29,-1,8,6,1,100.0,19.8,8,1,0,3,0,,10,90
Career Switcher,Get a Job,Monthly,No,86.6,1,91.2,0,1,14,4,4,100.0,89.9,9,0,0,5,0,,15,150
Student,Get a Job,Annual,No,74.4,9,100.0,1,0,12,2,0,75.2,98.2,11,0,0,5,0,,10,120
Student,Certification,Annual,No,75.9,1,66.7,18,-1,4,1,1,50.5,54.5,15,0,2,4,0,,10,160
Student,Get a Job,Annual,No,57.9,0,67.9,1,0,3,4,2,100.0,56.2,0,1,1,4,0,,10,10
Student,Certification,Monthly,Yes,63.1,1,58.1,0,1,1,0,5,1.8,41.6,0,0,0,3,0,,15,15
Student,Get a Job,Annual,Yes,67.4,6,77.6,4,0,9,2,0,56.8,72.0,12,0,0,4,0,,10,130
Working Professional,Certification,Annual,No,47.0,6,34.5,6,0,1,0,1,2.9,14.7,4,0,1,2,1,5.0,10,50
Student,Hobby,Monthly,Yes,44.7,5,42.9,8,1,2,0,3,44.7,22.5,23,0,0,3,0,,15,360
Student,Hobby,Monthly,Yes,61.0,1,60.8,7,0,4,0,2,41.1,46.0,22,0,0,3,0,,15,345
Career Switcher,Certification,Annual,No,77.8,1,67.5,24,-1,5,1,0,28.6,55.5,1,0,1,4,1,14.0,10,20
Student,Get a Job,Annual,No,60.2,5,41.4,14,1,1,1,1,56.7,21.1,9,0,0,3,0,,10,100
Career Switcher,Get a Job,Annual,No,54.7,6,59.2,41,-1,2,0,1,6.4,43.7,0,0,1,4,1,26.0,10,10
Student,Certification,Annual,Yes,57.8,2,64.3,6,0,4,0,2,0.0,51.2,4,0,0,4,0,,10,50
Student,Certification,Annual,Yes,63.2,2,47.3,0,1,1,0,3,40.2,28.1,14,0,1,3,0,,10,150
Working Professional,Certification,Annual,Yes,64.7,2,95.3,31,-1,10,3,1,85.4,93.5,4,0,0,5,0,,10,50
Working Professional,Get a Job,Monthly,Yes,100.0,2,94.1,0,0,14,3,2,80.2,92.6,0,0,0,5,0,,15,15
Career Switcher,Get a Job,Monthly,Yes,85.8,1,48.7,14,0,2,0,1,17.9,29.6,2,0,0,4,0,,15,45
Working Professional,Get a Job,Annual,No,85.4,2,78.2,0,1,10,4,4,100.0,73.0,0,0,0,5,0,,10,10
Career Switcher,Certification,Annual,No,87.5,0,64.6,14,-1,3,0,0,23.7,51.6,4,2,2,3,0,,10,50
Student,Get a Job,Annual,No,55.0,6,93.1,27,-1,12,1,0,38.9,91.7,9,0,1,4,0,,10,100
Student,Certification,Annual,Yes,51.7,3,10.6,4,0,2,0,1,43.9,2.6,8,1,0,3,1,68.0,10,90
Working Professional,Get a Job,Monthly,Yes,53.4,2,63.4,2,0,2,1,1,32.8,49.7,10,1,0,4,0,,15,165
Career Switcher,Get a Job,Annual,No,90.0,1,81.8,2,1,11,3,3,80.2,78.5,3,0,0,5,0,,10,40
Career Switcher,Get a Job,Monthly,No,61.8,0,71.3,6,0,7,3,0,84.6,62.1,2,1,0,4,0,,15,45
Working Professional,Hobby,Monthly,No,51.2,5,61.5,1,1,6,1,4,19.3,47.2,0,0,0,4,0,,15,15
Working Professional,Hobby,Annual,Yes,63.5,3,96.4,11,0,10,3,2,65.8,94.5,22,0,1,5,0,,10,230
Working Professional,Certification,Annual,No,66.4,7,73.4,4,0,13,2,2,30.3,65.0,1,1,0,4,0,,10,20
Student,Hobby,Annual,No,74.0,2,18.2,3,0,0,1,3,37.4,5.2,1,0,0,2,0,,10,20
Career Switcher,Hobby,Monthly,Yes,73.8,4,83.1,6,0,4,3,0,48.7,80.5,0,0,0,4,0,,15,15
Career Switcher,Certification,Monthly,Yes,57.6,2,59.1,7,-1,6,1,2,52.9,43.3,3,0,3,3,0,,15,60
Working Professional,Certification,Monthly,Yes,80.3,2,100.0,1,1,11,5,4,94.0,98.2,13,1,0,5,0,,15,210
Working Professional,Certification,Monthly,Yes,60.4,2,48.7,12,0,4,0,0,48.6,29.6,3,0,0,4,0,,15,60
Working Professional,Certification,Annual,Yes,67.7,4,33.8,21,-1,5,0,1,2.3,14.1,8,0,2,3,0,,10,90
Student,Get a Job,Annual,No,80.3,0,61.2,3,1,5,1,6,32.6,46.8,24,0,0,4,0,,10,250
Career Switcher,Get a Job,Annual,Yes,60.4,4,76.2,1,1,11,6,2,100.0,70.1,17,0,0,4,0,,10,180
Working Professional,Hobby,Monthly,Yes,61.5,7,70.9,14,-1,9,3,0,77.4,61.7,1,1,3,4,1,13.0,15,30
Career Switcher,Get a Job,Annual,Yes,78.9,1,71.1,2,0,7,2,2,81.5,61.8,3,1,0,5,0,,10,40
Student,Certification,Monthly,Yes,57.1,2,1.6,0,1,1,1,0,15.5,0.8,11,1,1,2,1,5.0,15,180
Career Switcher,Certification,Annual,No,64.2,2,77.0,9,-1,6,1,1,33.6,71.1,24,1,1,5,0,,10,250
Working Professional,Hobby,Monthly,Yes,78.3,0,49.4,2,1,1,1,2,80.0,31.0,10,1,1,3,0,,15,165
Student,Hobby,Monthly,Yes,100.0,1,100.0,1,1,13,1,5,36.2,98.2,2,0,0,5,0,,15,45
Career Switcher,Get a Job,Annual,Yes,79.1,2,58.3,39,-1,5,0,1,14.4,42.0,1,1,3,3,0,,10,20
Student,Get a Job,Annual,No,77.1,1,80.2,3,1,11,2,3,50.6,76.5,5,0,0,3,0,,10,60
Student,Certification,Monthly,Yes,78.0,2,83.5,23,-1,6,1,0,24.1,81.0,1,0,3,5,1,29.0,15,30
Career Switcher,Get a Job,Annual,No,53.9,1,62.3,1,-1,2,0,0,1.8,48.1,2,0,2,3,1,16.0,10,30
Career Switcher,Get a Job,Annual,No,71.7,1,61.5,17,-1,4,0,1,29.8,47.2,8,0,0,4,0,,10,90
Working Professional,Certification,Monthly,Yes,69.6,4,57.6,6,-1,4,0,0,12.5,40.9,5,0,1,3,1,41.0,15,90
Working Professional,Certification,Monthly,Yes,74.8,3,46.3,0,1,2,0,3,25.5,27.0,1,1,0,3,0,,15,30
Working Professional,Certification,Monthly,Yes,71.7,3,50.5,13,-1,7,3,1,71.2,32.4,1,0,1,3,0,,15,30
Student,Get a Job,Annual,No,75.7,0,70.2,22,-1,8,3,0,94.2,60.5,0,1,2,4,0,,10,10
Student,Certification,Annual,Yes,65.3,1,57.3,1,0,1,1,1,61.9,40.3,1,0,1,4,0,,10,20
Working Professional,Certification,Annual,No,70.9,4,19.9,12,0,1,0,0,31.6,5.9,17,0,2,2,0,,10,180
Working Professional,Get a Job,Annual,No,51.6,4,61.3,5,0,3,2,2,28.1,47.0,12,0,1,3,0,,10,130
Working Professional,Certification,Annual,No,65.2,4,53.0,14,-1,2,0,2,16.7,35.0,4,0,0,4,0,,10,50
Working Professional,Certification,Monthly,Yes,90.9,1,92.6,12,-1,14,6,0,100.0,91.2,10,0,0,5,1,66.0,15,165
Student,Hobby,Monthly,Yes,74.8,4,48.9,0,1,3,3,1,87.4,30.1,4,0,0,4,0,,15,75
Working Professional,Get a Job,Monthly,Yes,69.7,7,67.0,1,0,7,3,6,75.8,54.9,12,0,1,3,0,,15,195
Student,Hobby,Monthly,No,98.4,0,88.3,6,1,8,2,2,85.3,86.8,1,0,0,5,0,,15,30
Working Professional,Certification,Monthly,No,49.6,1,22.9,27,-1,1,0,0,36.1,7.2,1,0,0,4,1,30.0,15,30
Working Professional,Certification,Annual,Yes,53.4,4,62.1,4,1,1,0,1,47.0,47.8,0,1,0,3,0,,10,10
Career Switcher,Get a Job,Annual,No,95.7,1,59.9,9,0,4,2,0,82.6,44.5,2,1,1,3,0,,10,30
Working Professional,Hobby,Monthly,Yes,70.7,4,81.8,0,0,8,0,4,25.8,78.4,1,0,0,4,0,,15,30
Student,Certification,Annual,No,66.4,4,44.1,12,0,4,1,1,20.7,24.1,12,0,3,3,0,,10,130
Student,Certification,Annual,No,52.0,7,51.4,9,0,0,0,3,32.8,33.5,2,0,0,4,0,,10,30
Working Professional,Hobby,Annual,Yes,76.7,0,64.2,12,1,3,2,3,74.3,50.9,5,0,0,4,0,,10,60
Working Professional,Certification,Annual,No,78.2,3,68.5,23,-1,5,1,1,35.0,57.2,11,0,3,3,0,,10,120
Student,Certification,Annual,Yes,53.6,5,87.9,1,1,8,2,5,60.5,86.2,9,0,0,4,0,,10,100
Student,Certification,Annual,Yes,67.9,2,57.8,3,1,6,1,4,63.3,41.3,1,2,0,4,0,,10,20
Working Professional,Certification,Annual,Yes,65.0,1,49.1,54,0,2,0,0,46.8,30.4,0,0,0,3,0,,10,10
Student,Get a Job,Annual,No,73.8,2,49.0,1,1,1,1,2,29.2,30.1,19,0,0,4,0,,10,200
Career Switcher,Get a Job,Monthly,Yes,53.2,4,55.0,12,-1,7,4,1,100.0,37.8,7,1,2,3,0,,15,120
Working Professional,Hobby,Monthly,Yes,88.8,0,90.8,12,0,6,0,2,26.0,89.2,9,0,0,4,0,,15,150
Student,Hobby,Monthly,No,83.7,1,82.9,11,-1,8,1,0,28.3,80.1,3,0,3,3,1,5.0,15,60
Student,Get a Job,Monthly,Yes,64.6,0,59.3,2,1,4,1,1,48.6,43.8,2,1,0,4,0,,15,45
Career Switcher,Get a Job,Monthly,Yes,66.8,1,36.5,2,1,6,5,2,100.0,16.5,6,1,0,3,0,,15,105
Working Professional,Certification,Annual,Yes,68.0,5,49.1,10,0,2,0,2,32.9,30.6,0,0,0,3,0,,10,10
Working Professional,Hobby,Monthly,Yes,58.3,1,58.1,2,1,5,0,1,34.4,41.9,12,0,0,3,0,,15,195
Career Switcher,Hobby,Monthly,Yes,63.3,5,54.4,10,0,5,2,1,68.2,36.7,8,0,0,3,0,,15,135
Career Switcher,Get a Job,Annual,Yes,65.9,2,46.7,6,-1,3,0,0,3.2,27.3,11,0,1,2,1,8.0,10,120
Career Switcher,Certification,Annual,No,94.2,0,72.4,4,0,6,1,0,62.1,63.5,6,0,0,5,0,,10,70
Working Professional,Certification,Monthly,No,84.2,0,86.5,3,1,16,4,3,86.7,84.9,6,0,0,5,0,,15,105
Working Professional,Certification,Monthly,Yes,84.0,1,86.9,29,-1,7,4,0,100.0,85.3,7,0,3,3,1,14.0,15,120
Student,Get a Job,Annual,Yes,75.5,2,94.8,7,1,13,5,6,100.0,93.1,12,0,0,5,0,,10,130
Working Professional,Certification,Annual,No,53.2,2,58.9,8,-1,4,2,0,44.3,42.9,2,0,0,4,0,,10,30
Working Professional,Certification,Annual,No,69.4,3,13.5,29,-1,0,1,2,53.1,3.2,9,0,0,2,1,22.0,10,100
Working Professional,Certification,Monthly,Yes,84.6,1,100.0,10,0,14,2,2,66.3,98.2,6,0,0,5,0,,15,105
Career Switcher,Get a Job,Monthly,Yes,51.1,2,54.8,31,-1,6,1,1,33.9,37.5,5,0,0,3,1,8.0,15,90
Student,Hobby,Annual,No,79.5,1,73.8,1,0,12,4,1,68.8,65.5,6,0,0,5,0,,10,70
Working Professional,Get a Job,Monthly,Yes,100.0,1,79.1,18,-1,7,4,0,100.0,74.8,2,0,0,5,1,34.0,15,45
Student,Certification,Annual,No,85.9,1,74.1,4,-1,7,1,1,30.5,66.0,0,0,1,4,0,,10,10
Working Professional,Certification,Monthly,No,91.2,1,67.7,16,-1,1,0,1,17.1,55.9,11,0,0,3,1,5.0,15,180
Student,Certification,Monthly,No,73.3,3,67.3,19,-1,1,0,0,37.9,55.3,19,1,2,3,1,24.0,15,300
Student,Certification,Monthly,Yes,84.5,0,77.8,3,1,5,1,6,41.8,72.4,5,0,0,4,0,,15,90
Student,Get a Job,Monthly,No,59.2,4,53.2,5,1,2,0,6,0.0,35.2,14,2,0,3,0,,15,225
Working Professional,Get a Job,Annual,Yes,81.9,1,42.5,12,-1,1,0,0,0.4,22.1,6,1,3,2,1,59.0,10,70
Working Professional,Certification,Annual,No,79.8,1,76.6,1,-1,4,0,0,36.1,70.8,21,0,0,4,0,,10,220
Working Professional,Certification,Monthly,Yes,74.3,5,33.5,14,0,8,2,3,56.0,13.8,5,0,0,3,0,,15,90
Career Switcher,Get a Job,Annual,No,89.7,1,72.2,1,1,10,1,4,34.0,63.2,1,0,0,4,0,,10,20
Working Professional,Certification,Monthly,No,61.9,3,59.7,24,-1,2,0,1,33.9,44.3,16,0,0,4,1,39.0,15,255
Student,Certification,Annual,No,67.2,3,42.7,3,0,3,1,3,51.8,22.4,12,1,0,4,0,,10,130
Career Switcher,Get a Job,Monthly,No,71.4,2,45.5,8,-1,5,0,0,11.2,25.9,4,1,0,4,0,,15,75
Student,Hobby,Annual,No,54.6,3,56.9,1,-1,5,2,0,10.1,40.0,14,1,1,3,0,,10,150
Career Switcher,Get a Job,Annual,No,73.4,2,44.9,3,1,1,0,5,9.4,25.2,0,0,1,3,0,,10,10
Student,Get a Job,Annual,No,44.2,9,9.2,5,1,0,0,1,4.8,2.1,12,1,2,1,1,82.0,10,130
Career Switcher,Certification,Annual,No,85.7,1,54.2,6,1,4,1,1,45.5,36.4,9,0,0,3,0,,10,100
Student,Certification,Annual,No,70.7,5,61.7,0,1,1,0,4,46.0,47.5,3,0,0,4,0,,10,40
Career Switcher,Get a Job,Annual,Yes,62.2,6,44.7,21,-1,7,4,0,99.3,25.0,12,0,1,3,0,,10,130
Working Professional,Certification,Annual,No,57.5,7,21.7,0,1,2,1,3,46.1,6.7,1,1,0,2,0,,10,20
Career Switcher,Certification,Annual,No,66.5,6,79.9,14,-1,4,2,0,67.2,76.2,1,0,1,4,0,,10,20
Student,Hobby,Monthly,No,80.3,1,85.1,6,-1,9,0,0,35.4,83.0,6,0,1,3,0,,15,105
Working Professional,Certification,Monthly,No,78.2,1,62.2,7,1,4,1,3,25.4,47.9,17,0,1,4,0,,15,270
Career Switcher,Get a Job,Annual,Yes,59.4,2,40.9,2,0,9,4,2,98.0,20.7,1,1,0,4,0,,10,20
Working Professional,Certification,Monthly,Yes,57.3,4,75.9,9,-1,9,2,1,59.5,69.4,6,0,2,4,0,,15,105
Working Professional,Get a Job,Annual,Yes,79.9,2,77.4,7,1,4,0,2,3.8,71.7,11,0,1,5,0,,10,120
Working Professional,Certification,Monthly,Yes,59.2,6,46.6,1,0,2,1,2,16.1,27.3,10,0,0,3,0,,15,165
Working Professional,Certification,Annual,No,70.9,2,70.0,2,1,7,2,3,48.0,60.0,7,0,0,4,0,,10,80
Working Professional,Hobby,Monthly,No,71.9,1,51.6,0,0,5,3,2,50.5,33.6,22,0,1,3,0,,15,345
Working Professional,Certification,Monthly,No,74.7,3,79.6,0,1,11,1,1,56.2,75.7,5,0,0,4,0,,15,90
Career Switcher,Get a Job,Annual,No,82.9,1,73.8,0,0,11,1,1,20.2,65.5,16,0,0,4,0,,10,170
Student,Certification,Annual,Yes,51.1,3,43.6,2,1,1,0,6,51.3,23.4,7,0,1,3,0,,10,80
Student,Get a Job,Annual,Yes,41.3,7,25.2,11,-1,3,1,0,56.6,8.5,10,0,0,3,1,50.0,10,110
Career Switcher,Get a Job,Annual,Yes,61.5,3,74.3,3,1,15,3,1,77.6,66.7,5,0,0,4,0,,10,60
Career Switcher,Get a Job,Annual,No,97.0,1,83.7,4,1,14,6,1,100.0,81.3,1,1,0,4,0,,10,20
Working Professional,Get a Job,Annual,No,100.0,1,81.6,1,0,9,3,0,94.4,78.0,0,0,1,5,0,,10,10
Working Professional,Certification,Monthly,Yes,97.5,1,67.9,8,-1,1,0,0,46.3,56.1,9,0,1,4,1,24.0,15,150
Student,Hobby,Monthly,Yes,67.1,3,35.9,4,0,5,0,0,32.6,15.9,3,1,0,3,0,,15,60
Student,Hobby,Monthly,Yes,43.3,8,39.5,11,0,4,0,3,33.4,19.4,6,2,1,3,1,5.0,15,105
Working Professional,Certification,Annual,No,34.9,7,41.1,13,0,4,2,2,53.5,20.9,10,0,0,3,0,,10,110
Working Professional,Certification,Monthly,Yes,60.8,6,75.8,8,-1,10,1,1,32.2,69.0,12,0,2,4,0,,15,195
Working Professional,Hobby,Monthly,Yes,67.0,1,70.8,3,1,11,2,2,73.7,61.4,5,0,0,4,0,,15,90
Student,Hobby,Monthly,Yes,89.5,0,86.7,7,1,7,1,1,52.3,84.9,3,0,0,5,0,,15,60
Career Switcher,Get a Job,Monthly,No,83.0,2,86.5,2,-1,8,2,3,52.7,84.7,11,0,0,5,0,,15,180
Career Switcher,Certification,Annual,Yes,73.4,2,57.7,23,-1,0,0,0,31.0,41.0,4,1,2,3,0,,10,50
Working Professional,Certification,Monthly,Yes,56.7,3,66.2,14,0,6,1,3,39.3,53.8,22,0,2,4,0,,15,345
Working Professional,Certification,Monthly,No,55.6,3,54.2,6,1,2,0,3,67.6,36.4,13,1,0,4,0,,15,210
Student,Hobby,Monthly,Yes,73.8,4,66.2,33,-1,5,0,0,36.3,53.6,10,0,2,3,0,,15,165
Career Switcher,Get a Job,Monthly,No,80.5,1,93.8,7,0,10,1,2,42.4,92.2,2,1,0,5,0,,15,45
Working Professional,Hobby,Monthly,Yes,75.9,2,61.1,3,-1,5,0,0,46.5,46.7,3,0,1,5,0,,15,60
Student,Certification,Annual,No,54.5,4,76.9,1,1,8,2,1,57.7,71.1,15,1,1,5,0,,10,160
Career Switcher,Hobby,Annual,Yes,79.8,1,79.1,7,1,11,1,5,56.6,74.9,0,0,0,5,0,,10,10
Career Switcher,Get a Job,Annual,No,76.4,1,100.0,19,-1,10,1,0,37.1,98.2,12,0,2,5,1,37.0,10,130
Career Switcher,Certification,Annual,Yes,53.9,3,80.4,20,-1,7,2,0,97.3,76.8,4,1,1,4,1,45.0,10,50
Working Professional,Get a Job,Annual,Yes,58.2,2,34.4,9,-1,1,0,0,9.0,14.5,12,0,0,3,0,,10,130
Working Professional,Certification,Monthly,Yes,80.3,1,80.0,4,1,9,4,8,50.9,76.3,6,0,0,4,0,,15,105
Working Professional,Get a Job,Annual,No,66.5,3,17.7,10,-1,1,0,0,31.9,4.9,5,1,3,1,1,5.0,10,60
Career Switcher,Hobby,Annual,Yes,93.8,2,74.2,14,0,6,1,0,42.4,66.5,9,0,1,4,0,,10,100
Career Switcher,Certification,Annual,No,77.5,3,85.3,5,1,9,5,2,100.0,83.3,13,0,1,4,0,,10,140
Student,Hobby,Monthly,No,62.7,3,71.9,6,1,4,1,1,41.8,62.9,9,0,0,5,0,,15,150
Student,Hobby,Monthly,Yes,69.8,3,56.4,11,0,7,5,1,81.0,39.3,4,0,0,4,0,,15,75
Working Professional,Get a Job,Annual,No,71.0,3,63.9,20,-1,2,0,0,0.0,50.3,3,1,2,4,0,,10,40
Career Switcher,Get a Job,Annual,No,59.1,4,41.0,15,0,9,3,0,65.0,20.7,14,0,0,3,0,,10,150
Career Switcher,Get a Job,Annual,No,56.3,2,54.6,0,1,2,0,2,2.8,37.1,5,1,0,3,1,80.0,10,60
Student,Get a Job,Monthly,Yes,80.5,2,71.1,1,1,5,2,5,65.1,61.9,12,0,0,4,0,,15,195
Working Professional,Certification,Monthly,Yes,82.7,0,84.2,19,-1,8,1,1,20.3,81.8,24,0,0,5,0,,15,375
Working Professional,Certification,Monthly,No,79.1,0,100.0,17,-1,8,1,0,52.6,98.2,8,0,0,5,1,17.0,15,135
Career Switcher,Get a Job,Annual,No,92.7,0,79.1,4,1,11,2,3,83.2,74.9,2,0,0,4,0,,10,30
Career Switcher,Get a Job,Monthly,No,61.9,2,27.6,8,1,1,0,2,12.9,9.7,16,0,0,2,1,111.0,15,255
Career Switcher,Get a Job,Monthly,Yes,95.1,1,82.9,23,0,9,2,2,46.1,80.2,2,0,0,4,0,,15,45
Working Professional,Get a Job,Annual,No,56.5,4,69.1,24,0,2,0,3,14.0,58.4,2,0,0,5,0,,10,30
Working Professional,Hobby,Monthly,No,54.8,2,36.6,15,-1,4,1,2,64.4,16.7,0,0,2,2,1,5.0,15,15
Student,Hobby,Annual,Yes,43.6,7,43.6,2,0,5,3,4,89.6,23.5,0,0,0,3,0,,10,10
Student,Hobby,Monthly,No,63.3,2,43.1,13,0,4,4,1,82.8,23.0,15,1,1,2,1,21.0,15,240
Career Switcher,Get a Job,Annual,No,62.4,0,39.8,1,1,1,0,7,16.0,19.7,2,0,0,4,0,,10,30
Career Switcher,Get a Job,Annual,Yes,77.9,2,53.3,22,-1,1,0,2,18.5,35.4,0,0,2,3,1,365.0,10,10
Career Switcher,Certification,Annual,No,73.7,0,60.4,1,1,9,1,0,54.0,45.3,3,0,0,4,0,,10,40
Career Switcher,Get a Job,Annual,No,52.1,2,91.3,10,-1,9,3,1,88.2,90.1,10,0,0,5,0,,10,110
Working Professional,Certification,Monthly,No,64.1,3,62.3,9,-1,2,2,0,50.4,48.1,3,0,2,4,1,35.0,15,60
Working Professional,Certification,Monthly,Yes,64.4,1,40.3,15,0,3,3,1,89.3,20.2,2,1,0,3,1,13.0,15,45
Career Switcher,Get a Job,Monthly,Yes,43.4,5,32.7,8,-1,4,2,1,54.6,13.2,5,1,1,3,1,94.0,15,90
Career Switcher,Get a Job,Annual,No,55.3,3,71.0,0,1,6,3,3,100.0,61.8,0,0,0,5,0,,10,10
Student,Certification,Annual,No,58.4,1,78.2,12,1,12,3,2,65.4,73.1,5,0,0,4,0,,10,60
Working Professional,Certification,Monthly,Yes,91.5,1,61.5,4,0,2,0,2,42.0,47.2,24,1,0,4,0,,15,375
Student,Get a Job,Annual,No,72.9,4,86.1,3,1,13,3,0,72.2,84.4,12,0,0,5,0,,10,130
Career Switcher,Get a Job,Monthly,Yes,79.9,3,83.2,47,-1,10,4,0,100.0,80.7,0,0,0,5,0,,15,15
Working Professional,Certification,Annual,Yes,47.5,5,51.3,8,0,3,1,1,36.2,33.3,8,1,0,5,0,,10,90
Student,Get a Job,Annual,Yes,87.9,0,82.3,12,-1,7,0,0,0.0,79.2,4,0,0,4,0,,10,50
Working Professional,Certification,Monthly,Yes,89.5,0,88.7,7,1,6,0,4,21.4,87.4,14,0,0,4,0,,15,225
Working Professional,Hobby,Monthly,Yes,40.0,5,10.8,14,0,1,0,1,45.4,2.6,0,1,0,2,1,85.0,15,15
Working Professional,Get a Job,Monthly,Yes,59.4,3,74.7,13,0,9,3,3,82.5,67.3,2,0,1,5,0,,15,45
Student,Get a Job,Annual,Yes,77.4,1,63.8,10,0,2,0,1,21.9,50.2,12,0,0,4,0,,10,130
Working Professional,Certification,Annual,Yes,79.7,0,84.0,60,0,11,1,0,31.0,81.7,15,0,0,4,0,,10,160
Working Professional,Certification,Monthly,Yes,59.8,4,46.4,6,1,0,0,1,40.5,27.0,6,0,0,3,0,,15,105
Working Professional,Certification,Monthly,No,65.4,4,53.2,12,1,5,1,1,36.1,35.3,0,2,0,3,0,,15,15
Working Professional,Certification,Monthly,Yes,61.0,2,76.7,15,-1,9,3,1,91.9,71.0,17,0,5,3,1,215.0,15,270
Career Switcher,Get a Job,Annual,No,71.7,1,47.9,4,1,7,2,2,67.8,28.9,3,0,0,4,0,,10,40
Working Professional,Certification,Annual,No,88.0,1,96.6,6,0,8,2,3,75.2,94.6,0,0,1,4,0,,10,10
Working Professional,Certification,Monthly,No,58.4,4,46.9,34,1,3,0,5,27.6,27.5,13,0,0,4,0,,15,210
Career Switcher,Get a Job,Annual,No,85.0,0,82.0,0,-1,6,4,0,100.0,78.6,4,0,3,4,0,,10,50
Working Professional,Certification,Annual,No,58.3,2,98.0,4,0,18,1,1,20.1,95.4,1,0,0,4,0,,10,20
Student,Get a Job,Annual,Yes,57.3,2,57.4,6,0,5,2,1,64.5,40.5,12,1,0,5,0,,10,130
Student,Certification,Monthly,Yes,82.3,0,78.9,0,0,9,2,1,62.1,74.2,4,0,0,5,0,,15,75
Working Professional,Get a Job,Annual,No,83.8,1,82.1,22,0,13,1,4,43.3,78.7,7,0,0,5,0,,10,80
Working Professional,Certification,Annual,No,82.8,0,75.0,3,0,8,1,0,43.9,67.9,13,0,1,4,0,,10,140
Working Professional,Certification,Monthly,No,50.3,0,35.0,2,1,4,1,3,30.2,14.9,5,0,0,4,0,,15,90
Student,Hobby,Monthly,Yes,63.0,2,96.2,17,-1,12,3,1,53.6,94.3,0,0,0,5,0,,15,15
Student,Get a Job,Monthly,No,82.3,0,73.9,3,1,12,1,2,34.9,65.6,24,1,0,5,0,,15,375
Student,Certification,Annual,No,70.6,4,24.6,10,0,0,0,1,26.1,8.2,2,0,1,1,1,98.0,10,30
Working Professional,Certification,Monthly,Yes,53.9,4,51.9,17,-1,6,0,0,42.9,33.8,24,2,2,3,0,,15,375
Working Professional,Certification,Monthly,Yes,76.9,0,85.4,15,-1,9,4,0,100.0,83.4,0,0,2,4,1,69.0,15,15
Working Professional,Certification,Annual,No,59.3,6,50.8,15,-1,2,1,0,45.7,32.8,5,1,2,3,1,324.0,10,60
Working Professional,Certification,Annual,No,96.9,3,79.3,0,0,9,1,2,45.4,75.0,9,0,1,4,0,,10,100
Career Switcher,Certification,Monthly,Yes,93.2,2,77.5,0,0,13,2,0,76.0,71.9,18,0,1,3,0,,15,285
Student,Hobby,Monthly,No,79.1,0,86.4,3,0,9,3,0,66.3,84.7,12,1,1,4,0,,15,195
Working Professional,Certification,Annual,No,90.4,0,92.3,0,0,13,1,4,41.9,90.8,2,1,1,5,0,,10,30
Working Professional,Certification,Monthly,Yes,71.0,1,51.2,6,1,4,0,3,10.2,33.1,2,0,0,4,0,,15,45
Working Professional,Certification,Monthly,Yes,81.5,0,100.0,5,0,5,1,1,58.2,98.2,3,0,0,5,0,,15,60
Working Professional,Hobby,Annual,Yes,92.2,0,95.6,8,0,9,4,0,78.7,93.8,0,1,0,5,0,,10,10
Career Switcher,Certification,Monthly,Yes,73.7,2,54.9,3,1,4,1,4,62.1,37.6,8,0,0,4,0,,15,135
Career Switcher,Get a Job,Annual,Yes,66.2,5,28.6,6,0,3,0,0,0.0,10.6,22,0,0,3,0,,10,230
Student,Get a Job,Annual,No,44.4,7,26.7,4,0,0,0,2,5.1,9.2,8,0,0,3,1,19.0,10,90
Career Switcher,Get a Job,Monthly,No,68.8,5,71.3,2,0,11,6,2,100.0,62.1,6,0,0,4,0,,15,105
Working Professional,Certification,Monthly,Yes,82.4,3,92.3,10,-1,7,3,1,79.9,90.9,5,0,3,4,0,,15,90
Student,Certification,Annual,Yes,84.2,1,52.2,11,0,5,0,2,12.3,34.1,7,0,0,4,0,,10,80
Working Professional,Certification,Annual,Yes,77.6,2,81.7,17,-1,5,1,0,58.8,78.3,9,0,3,4,0,,10,100
Career Switcher,Certification,Annual,No,61.9,1,45.4,20,-1,7,4,0,70.4,25.8,12,0,0,4,0,,10,130
Working Professional,Certification,Annual,Yes,40.3,5,47.5,12,-1,3,1,0,57.4,28.4,9,0,1,2,0,,10,100
Student,Hobby,Monthly,Yes,62.6,2,57.5,11,1,3,2,3,45.3,40.6,9,0,1,4,1,64.0,15,150
Working Professional,Certification,Annual,No,65.4,0,9.3,0,1,0,0,1,48.2,2.2,24,0,0,2,0,,10,250
Student,Get a Job,Annual,No,65.3,3,62.4,1,1,8,1,3,36.1,48.1,18,0,0,5,0,,10,190
Student,Certification,Monthly,Yes,79.3,1,50.8,16,0,6,2,3,65.2,32.6,13,1,1,3,0,,15,210
Student,Hobby,Monthly,Yes,99.8,0,86.8,2,0,9,3,0,68.8,85.1,0,0,0,5,0,,15,15
Student,Get a Job,Monthly,Yes,71.9,1,100.0,4,-1,12,5,1,100.0,98.2,8,0,1,5,1,35.0,15,135
Student,Get a Job,Annual,No,66.7,5,82.2,1,0,11,4,2,100.0,78.8,4,2,2,4,0,,10,50
Student,Hobby,Monthly,Yes,66.1,0,60.2,2,1,7,2,4,70.6,45.0,7,0,1,4,0,,15,120
Working Professional,Get a Job,Monthly,Yes,71.9,5,41.8,14,0,2,0,0,9.4,21.6,9,0,0,3,1,5.0,15,150
Student,Certification,Monthly,No,57.6,7,80.5,3,-1,9,3,0,96.9,76.9,10,0,1,4,0,,15,165
Student,Certification,Annual,No,71.8,3,67.7,5,-1,3,0,1,19.0,55.9,16,0,1,3,0,,10,170
Career Switcher,Get a Job,Annual,Yes,76.8,1,76.0,1,-1,12,4,0,100.0,69.6,19,0,0,5,0,,10,200
Working Professional,Certification,Monthly,Yes,73.1,3,44.2,11,1,1,1,3,53.5,24.3,7,0,1,3,0,,15,120
Working Professional,Certification,Monthly,Yes,76.9,0,66.4,13,1,6,1,1,63.5,54.1,17,1,0,4,0,,15,270
Student,Certification,Monthly,Yes,76.5,1,85.6,4,-1,18,2,0,61.8,83.7,11,0,1,4,0,,15,180
Student,Certification,Annual,Yes,43.4,6,18.7,15,-1,1,1,0,49.9,5.3,1,1,2,2,1,5.0,10,20
Student,Certification,Annual,No,79.6,1,82.5,2,-1,6,4,0,94.8,79.4,0,0,2,4,1,90.0,10,10
Student,Get a Job,Annual,Yes,59.9,5,73.6,11,1,6,1,4,22.8,65.3,0,0,0,4,0,,10,10
Student,Certification,Annual,No,53.6,0,46.2,13,1,2,0,3,35.9,26.7,7,0,0,3,1,74.0,10,80
Student,Get a Job,Annual,Yes,53.4,1,67.9,34,-1,7,4,2,100.0,56.2,5,0,3,3,0,,10,60
Student,Get a Job,Annual,Yes,76.5,2,98.3,2,0,8,3,1,100.0,95.7,9,0,1,5,0,,10,100
Student,Get a Job,Annual,No,66.7,2,62.9,0,0,3,0,2,2.2,48.9,14,0,0,4,0,,10,150
Working Professional,Get a Job,Monthly,No,44.8,7,35.5,3,1,3,1,3,17.0,15.6,1,0,1,2,1,51.0,15,30
Student,Hobby,Monthly,No,77.2,2,86.0,1,1,18,3,4,70.8,84.2,15,0,1,5,0,,15,240
Working Professional,Certification,Annual,No,48.4,4,25.2,1,1,1,0,3,46.2,8.4,0,1,0,3,0,,10,10
Working Professional,Hobby,Annual,Yes,72.1,7,71.7,4,1,7,1,4,49.4,62.7,17,0,0,4,0,,10,180
Working Professional,Hobby,Monthly,No,73.6,5,87.2,5,-1,11,1,1,78.3,85.6,15,0,1,4,0,,15,240
Student,Certification,Annual,No,83.3,0,92.8,23,0,11,1,3,33.3,91.5,9,1,1,4,0,,10,100
Working Professional,Get a Job,Annual,Yes,96.7,4,77.1,2,0,12,2,1,62.2,71.3,2,0,0,4,0,,10,30
Working Professional,Certification,Monthly,No,49.5,6,22.5,35,-1,0,1,0,43.4,7.1,0,0,2,1,1,5.0,15,15
Student,Hobby,Monthly,Yes,69.2,8,52.4,16,-1,2,0,0,51.0,34.3,12,0,0,4,1,127.0,15,195
Career Switcher,Get a Job,Monthly,No,65.9,5,73.9,21,0,5,0,2,18.0,65.8,1,0,0,4,0,,15,30
Career Switcher,Get a Job,Annual,No,76.5,2,72.1,26,-1,8,1,0,46.9,63.2,4,0,1,3,0,,10,50
Student,Certification,Monthly,No,73.2,3,34.5,13,0,5,0,2,28.1,14.6,6,0,0,4,0,,15,105
Student,Hobby,Monthly,No,64.7,4,64.4,15,0,3,2,1,78.9,51.3,9,0,0,4,0,,15,150
Career Switcher,Certification,Annual,No,63.4,5,55.4,5,0,5,2,1,65.2,38.3,5,0,0,3,0,,10,60
Working Professional,Get a Job,Annual,Yes,53.3,4,84.6,7,1,8,3,0,98.6,82.3,9,0,0,4,0,,10,100
Student,Certification,Monthly,Yes,84.8,0,46.2,26,0,0,0,2,52.5,26.7,13,0,0,3,0,,15,210
Student,Get a Job,Annual,Yes,76.9,4,83.1,4,1,8,3,2,85.2,80.6,9,0,1,5,0,,10,100
Working Professional,Certification,Monthly,Yes,83.8,0,73.9,0,1,8,2,7,49.9,65.7,2,0,0,4,0,,15,45
Working Professional,Hobby,Monthly,No,65.3,7,71.2,14,0,7,2,5,63.1,62.0,17,1,1,4,0,,15,270
Working Professional,Certification,Annual,No,60.1,3,49.4,8,1,4,2,2,74.9,30.9,6,0,0,3,0,,10,70
Working Professional,Certification,Monthly,Yes,53.8,6,43.5,16,-1,4,1,0,22.4,23.3,5,0,2,3,1,168.0,15,90
Working Professional,Get a Job,Annual,No,75.4,1,94.0,0,1,2,0,3,5.1,92.5,6,1,1,4,0,,10,70
Working Professional,Hobby,Monthly,No,54.4,1,80.6,9,1,8,4,4,90.2,77.0,5,0,0,4,0,,15,90
Student,Hobby,Monthly,Yes,97.7,2,78.5,2,0,5,2,0,21.2,73.6,11,0,2,3,0,,15,180
Student,Certification,Annual,No,50.4,3,53.4,23,-1,5,1,0,29.5,35.4,4,0,1,4,1,9.0,10,50
Working Professional,Certification,Monthly,Yes,74.1,2,80.4,1,0,7,1,2,35.8,76.8,11,0,1,4,0,,15,180
Career Switcher,Get a Job,Monthly,No,93.5,0,97.4,18,-1,12,2,1,59.2,95.0,11,1,1,5,0,,15,180
Working Professional,Certification,Annual,Yes,79.0,1,95.5,0,1,9,1,0,40.2,93.6,2,1,0,5,0,,10,30
Working Professional,Certification,Annual,No,72.6,0,46.9,0,1,4,2,2,55.5,27.6,0,0,0,4,0,,10,10
Student,Get a Job,Annual,Yes,55.5,2,41.8,2,-1,9,1,1,21.7,21.6,15,1,2,2,1,55.0,10,160
Working Professional,Certification,Monthly,Yes,49.3,4,49.5,4,1,2,0,6,56.5,31.1,1,0,1,3,0,,15,30
Working Professional,Hobby,Annual,No,81.6,0,89.1,9,0,7,2,1,50.9,87.7,0,0,1,5,0,,10,10
Student,Get a Job,Annual,Yes,92.6,1,68.9,1,1,1,0,2,0.0,57.8,4,0,0,4,0,,10,50
Student,Get a Job,Monthly,Yes,63.4,1,52.9,5,1,4,1,5,46.4,34.8,2,0,0,4,0,,15,45
Working Professional,Certification,Monthly,Yes,52.9,8,56.7,2,1,8,1,2,33.4,39.7,1,0,0,4,0,,15,30
Student,Get a Job,Annual,No,33.1,10,23.4,19,0,0,1,0,22.9,7.6,1,1,0,2,1,5.0,10,20
Student,Hobby,Annual,No,55.3,4,49.2,0,1,5,1,3,60.2,30.7,11,0,0,3,0,,10,120
Student,Certification,Monthly,Yes,68.3,2,79.6,4,0,7,0,1,22.2,75.8,12,0,0,4,0,,15,195
Student,Certification,Annual,Yes,94.0,1,87.9,9,-1,12,2,2,62.5,86.4,0,2,2,4,0,,10,10
Student,Hobby,Monthly,Yes,80.1,0,100.0,24,-1,6,1,1,40.5,98.2,6,0,1,5,1,45.0,15,105
Career Switcher,Get a Job,Annual,No,74.6,5,80.7,20,-1,6,0,1,5.4,77.2,1,1,1,5,1,123.0,10,20
Working Professional,Certification,Annual,No,64.0,3,57.7,22,-1,2,0,0,15.1,41.1,5,0,1,3,1,32.0,10,60
Working Professional,Certification,Annual,No,61.3,7,83.3,0,0,17,1,2,26.8,80.9,3,2,0,5,0,,10,40
Working Professional,Certification,Annual,No,91.1,2,85.3,18,0,8,3,1,100.0,83.3,1,0,0,4,1,109.0,10,20
Working Professional,Hobby,Annual,Yes,73.0,3,100.0,15,-1,8,6,2,87.6,98.2,23,1,0,4,0,,10,240
Student,Hobby,Monthly,Yes,38.5,6,20.3,23,0,0,0,0,18.1,6.0,24,0,2,2,1,5.0,15,375
Working Professional,Certification,Annual,Yes,59.9,2,64.1,3,-1,3,1,1,62.0,50.6,6,0,1,4,0,,10,70
Working Professional,Certification,Monthly,Yes,57.1,2,43.0,24,-1,4,0,1,34.0,22.8,1,1,3,3,1,5.0,15,30
Working Professional,Get a Job,Monthly,Yes,61.8,1,47.4,5,0,4,2,1,60.2,28.2,7,0,0,3,0,,15,120
Working Professional,Get a Job,Monthly,Yes,78.4,0,74.9,10,-1,5,3,0,80.1,67.6,21,0,1,4,0,,15,330
Student,Get a Job,Annual,No,68.4,4,79.7,5,0,8,1,1,30.9,75.9,3,1,0,5,0,,10,40
Student,Get a Job,Monthly,No,68.8,7,59.2,5,0,3,1,2,32.0,43.5,1,1,3,3,0,,15,30
Working Professional,Certification,Monthly,Yes,89.7,2,43.1,7,-1,4,1,0,62.0,23.0,9,0,2,3,1,87.0,15,150
Working Professional,Certification,Monthly,No,59.6,5,56.9,4,1,3,1,4,41.3,39.9,8,0,1,3,0,,15,135
Working Professional,Hobby,Monthly,No,98.0,0,65.4,15,-1,4,1,1,67.2,52.6,0,1,1,4,1,11.0,15,15
Working Professional,Certification,Annual,No,59.9,1,46.2,10,-1,6,2,0,59.2,26.8,15,0,1,3,0,,10,160
Career Switcher,Get a Job,Annual,Yes,71.3,3,78.0,11,0,9,1,1,32.9,72.7,8,1,0,5,0,,10,90
Working Professional,Get a Job,Monthly,Yes,65.8,2,28.1,2,1,1,0,2,0.0,10.3,1,0,1,3,0,,15,30
Student,Get a Job,Annual,Yes,71.9,4,30.4,34,0,6,2,2,81.4,11.7,0,0,3,1,0,,10,10
Student,Certification,Annual,Yes,76.7,3,55.1,10,0,3,6,3,100.0,37.9,24,0,1,3,0,,10,250
Student,Certification,Annual,No,76.5,0,74.2,2,1,11,3,4,75.0,66.5,11,0,1,4,0,,10,120
Student,Hobby,Monthly,Yes,58.7,3,21.2,13,1,2,1,1,77.9,6.5,3,1,0,2,1,130.0,15,60
Student,Get a Job,Annual,Yes,53.2,2,22.9,1,1,2,0,4,14.2,7.2,4,1,0,3,0,,10,50
Student,Get a Job,Monthly,No,100.0,0,76.6,0,0,9,2,3,65.3,70.7,6,0,1,4,0,,15,105
Student,Certification,Monthly,No,62.7,3,61.3,7,-1,7,3,0,75.9,46.9,10,0,1,4,1,70.0,15,165
Student,Get a Job,Monthly,Yes,80.5,0,66.3,8,0,1,0,2,2.3,54.0,1,0,0,4,0,,15,30
Career Switcher,Get a Job,Annual,No,45.9,4,30.4,2,1,1,1,3,47.2,11.7,1,1,0,3,0,,10,20
Student,Certification,Monthly,Yes,65.8,1,57.2,4,1,3,1,2,23.8,40.2,0,1,0,4,0,,15,15
Working Professional,Get a Job,Monthly,Yes,68.1,1,65.8,29,-1,5,1,0,25.2,53.0,24,0,1,3,1,268.0,15,375
Working Professional,Certification,Monthly,Yes,77.1,2,64.4,3,1,5,0,4,18.3,51.4,16,1,0,3,0,,15,255
Career Switcher,Get a Job,Annual,No,29.2,5,54.8,1,1,2,1,1,37.5,37.3,6,0,2,3,0,,10,70
Student,Get a Job,Annual,No,72.5,2,32.2,49,1,5,0,2,9.8,12.8,4,1,0,3,0,,10,50
Working Professional,Certification,Monthly,Yes,52.8,3,42.5,3,0,7,7,2,100.0,22.1,2,1,1,3,0,,15,45
Career Switcher,Certification,Annual,No,74.9,2,65.3,11,-1,5,1,2,79.8,52.6,7,0,3,3,0,,10,80
Career Switcher,Get a Job,Annual,Yes,54.5,4,57.4,2,1,3,1,4,42.6,40.3,9,1,0,3,0,,10,100
Career Switcher,Certification,Annual,No,57.2,1,71.9,7,1,10,4,4,82.6,62.9,9,1,1,4,0,,10,100
Student,Get a Job,Monthly,Yes,65.9,3,48.8,4,0,3,1,2,39.3,29.8,0,1,0,2,0,,15,15
Student,Hobby,Annual,Yes,54.2,3,30.5,32,0,2,0,0,46.7,11.8,9,0,0,2,0,,10,100
Working Professional,Certification,Monthly,No,62.9,4,24.5,5,1,1,0,1,25.0,8.1,16,0,1,3,1,178.0,15,255
Career Switcher,Get a Job,Annual,No,52.1,4,90.6,8,-1,9,1,2,38.9,89.0,0,1,3,4,0,,10,10
Working Professional,Certification,Monthly,Yes,42.5,5,20.5,28,-1,0,1,0,51.1,6.1,11,0,1,2,1,5.0,15,180
Working Professional,Hobby,Monthly,Yes,85.3,1,77.5,45,0,5,3,2,86.4,71.8,13,0,0,5,0,,15,210
Student,Certification,Monthly,Yes,50.6,4,91.0,1,1,11,2,4,61.0,89.6,2,0,1,5,0,,15,45
Working Professional,Get a Job,Annual,No,67.3,3,45.2,17,0,2,0,1,13.2,25.5,9,0,0,4,0,,10,100
Student,Get a Job,Monthly,No,81.3,2,80.4,4,-1,15,4,1,100.0,76.7,0,1,2,4,0,,15,15
Student,Hobby,Annual,No,60.8,3,34.3,9,0,3,0,2,33.5,14.4,8,0,0,3,0,,10,90
Working Professional,Certification,Monthly,Yes,57.6,3,28.8,4,1,3,3,5,63.5,10.6,5,0,0,3,0,,15,90
Working Professional,Certification,Annual,No,73.4,2,92.8,5,0,8,2,0,47.9,91.4,15,0,0,5,0,,10,160
Student,Get a Job,Annual,No,86.8,0,100.0,1,0,13,5,3,100.0,98.2,4,1,1,5,0,,10,50
Student,Get a Job,Annual,No,52.5,4,75.4,8,0,13,2,1,57.6,68.3,4,1,1,4,0,,10,50
Working Professional,Get a Job,Annual,No,67.7,4,74.8,7,1,10,5,2,100.0,67.5,21,0,0,3,0,,10,220
Student,Hobby,Monthly,Yes,44.0,11,36.3,2,0,4,3,1,64.3,16.2,21,0,0,3,1,20.0,15,330
Working Professional,Certification,Monthly,No,64.1,3,40.2,7,0,1,0,1,25.0,20.1,0,1,0,3,1,28.0,15,15
Student,Hobby,Annual,No,70.5,2,60.8,36,-1,3,1,1,45.6,45.9,5,0,1,3,0,,10,60
Working Professional,Certification,Monthly,No,57.2,1,44.9,12,0,1,1,1,44.3,25.2,1,0,0,3,0,,15,30
Working Professional,Certification,Annual,No,63.1,0,3.2,6,1,1,0,0,55.5,0.9,2,0,0,3,0,,10,30
Student,Certification,Annual,Yes,48.9,4,41.8,24,0,2,0,1,24.3,21.5,8,1,1,4,1,143.0,10,90
Student,Get a Job,Annual,No,71.2,5,66.1,8,0,7,2,0,65.6,53.4,1,0,0,3,1,165.0,10,20
Student,Hobby,Monthly,No,85.8,2,60.2,1,1,5,2,1,65.2,45.2,0,1,0,4,0,,15,15
Student,Hobby,Monthly,Yes,53.5,5,47.8,7,1,4,2,3,60.9,28.8,10,1,0,3,0,,15,165
Career Switcher,Certification,Annual,Yes,60.7,3,76.0,1,0,8,1,4,30.6,69.6,8,0,0,4,0,,10,90
Student,Certification,Annual,Yes,77.5,2,82.0,14,0,9,3,0,82.9,78.6,18,0,1,3,0,,10,190
Career Switcher,Get a Job,Annual,No,88.2,2,54.5,34,0,4,0,0,0.0,37.0,6,0,0,4,1,18.0,10,70
Student,Get a Job,Annual,No,47.6,6,6.8,4,0,2,1,2,24.8,1.4,23,0,1,2,1,60.0,10,240
Working Professional,Hobby,Annual,No,67.5,1,92.1,5,0,8,1,2,41.9,90.8,7,0,2,4,0,,10,80
Working Professional,Get a Job,Monthly,Yes,74.2,4,56.3,5,1,7,2,2,57.8,39.2,3,0,0,3,0,,15,60
Working Professional,Certification,Monthly,No,68.5,1,76.2,3,0,9,1,1,46.3,69.9,7,0,2,4,0,,15,120
Working Professional,Certification,Annual,Yes,32.8,14,52.6,15,-1,4,0,0,50.9,34.5,11,0,1,3,0,,10,120
Working Professional,Certification,Annual,Yes,77.5,2,73.1,9,1,6,0,5,39.5,64.6,3,0,0,4,0,,10,40
Student,Hobby,Annual,No,92.8,1,85.3,0,1,9,3,1,72.5,83.2,3,0,0,5,0,,10,40
Career Switcher,Get a Job,Annual,No,71.7,2,15.7,18,0,1,0,1,6.6,4.0,7,0,1,3,0,,10,80
Career Switcher,Get a Job,Monthly,Yes,54.5,2,42.9,2,0,4,1,2,31.7,22.6,4,1,0,3,0,,15,75
Career Switcher,Get a Job,Annual,Yes,62.3,2,66.5,38,0,5,1,1,23.7,54.3,5,0,0,4,1,80.0,10,60
Student,Certification,Monthly,Yes,96.5,1,77.1,4,1,11,1,4,13.4,71.3,24,1,0,4,0,,15,375
Working Professional,Certification,Monthly,No,83.6,1,86.8,9,1,6,2,5,40.9,85.1,0,0,0,5,0,,15,15
Career Switcher,Get a Job,Annual,No,79.6,1,93.9,0,0,4,2,0,71.7,92.4,8,0,1,5,0,,10,90
Student,Hobby,Monthly,Yes,75.3,1,88.4,4,0,10,3,2,59.3,87.0,20,1,0,5,0,,15,315
Student,Hobby,Annual,No,60.1,2,61.6,16,-1,5,1,1,42.1,47.4,2,0,3,3,0,,10,30
Working Professional,Get a Job,Annual,No,67.0,2,58.8,6,1,7,1,3,45.2,42.7,1,1,0,3,0,,10,20
Working Professional,Certification,Annual,Yes,68.8,3,43.6,23,0,5,0,1,0.0,23.6,3,0,0,3,0,,10,40
Career Switcher,Certification,Monthly,No,78.2,1,66.1,8,-1,9,5,0,96.2,53.5,0,0,0,4,0,,15,15
Student,Get a Job,Monthly,No,92.6,0,100.0,26,0,6,0,2,0.0,98.2,6,0,0,5,0,,15,105
Working Professional,Get a Job,Monthly,Yes,86.8,1,91.9,40,0,12,3,3,87.9,90.6,8,2,0,5,0,,15,135
Student,Get a Job,Annual,Yes,48.7,5,13.2,6,1,0,0,1,15.6,3.2,13,0,1,2,1,51.0,10,140
Student,Certification,Annual,Yes,73.4,3,56.3,8,-1,8,2,0,68.6,39.1,0,0,2,4,0,,10,10
Student,Get a Job,Annual,Yes,81.1,0,59.1,18,0,4,0,2,25.1,43.4,4,0,0,4,0,,10,50
Career Switcher,Hobby,Monthly,No,79.3,2,72.8,2,1,7,3,4,78.3,64.2,12,0,0,4,0,,15,195
Working Professional,Certification,Annual,No,60.6,4,65.7,19,0,4,0,2,33.7,52.9,11,0,1,4,0,,10,120
Working Professional,Certification,Monthly,No,100.0,1,83.9,8,1,10,1,2,81.5,81.6,0,0,1,5,0,,15,15
Working Professional,Certification,Monthly,No,50.8,6,57.3,12,-1,6,0,1,0.0,40.3,0,0,3,2,1,33.0,15,15
Career Switcher,Get a Job,Annual,No,53.8,4,37.3,0,1,3,1,4,57.0,17.3,12,0,0,3,0,,10,130
Working Professional,Certification,Annual,No,73.5,5,33.3,14,0,6,2,1,86.1,13.6,1,1,0,3,0,,10,20
Career Switcher,Certification,Monthly,Yes,100.0,0,94.2,3,1,16,0,3,27.8,92.8,6,0,0,4,0,,15,105
Working Professional,Certification,Monthly,Yes,57.5,2,88.9,16,-1,7,2,1,49.4,87.5,0,1,2,3,1,81.0,15,15
Working Professional,Certification,Annual,No,66.0,5,66.0,7,0,3,2,1,50.1,53.3,2,0,0,4,0,,10,30
Working Professional,Hobby,Monthly,Yes,86.2,0,77.4,3,1,7,2,4,55.7,71.7,1,0,0,4,1,185.0,15,30
Student,Hobby,Monthly,Yes,69.7,6,79.5,30,-1,6,1,0,67.9,75.5,10,0,4,3,0,,15,165
Working Professional,Certification,Annual,No,65.0,3,38.2,14,0,2,0,2,0.0,18.1,8,1,0,3,0,,10,90
Working Professional,Get a Job,Annual,No,78.5,0,95.8,42,-1,5,1,0,55.1,93.9,1,0,2,3,1,42.0,10,20
Student,Get a Job,Annual,Yes,74.1,3,43.1,4,1,4,3,2,85.0,22.9,0,0,3,2,0,,10,10
Career Switcher,Get a Job,Annual,No,85.5,1,71.8,10,0,12,1,1,46.8,62.7,5,1,0,4,0,,10,60
Working Professional,Certification,Annual,No,89.4,0,75.0,9,0,6,1,2,26.6,67.8,1,0,1,4,0,,10,20
Working Professional,Certification,Monthly,Yes,74.6,2,53.0,11,1,1,0,5,40.9,35.0,0,0,0,3,0,,15,15
Career Switcher,Get a Job,Annual,Yes,74.4,2,73.3,0,-1,8,4,0,100.0,64.8,2,0,2,3,0,,10,30
Working Professional,Hobby,Monthly,No,73.2,4,28.9,3,0,1,0,1,48.5,10.8,1,0,1,2,1,27.0,15,30
Student,Hobby,Monthly,Yes,77.3,3,70.9,24,-1,7,2,0,49.6,61.7,9,0,3,5,0,,15,150
Career Switcher,Certification,Annual,Yes,70.8,4,59.2,5,1,3,1,2,39.3,43.6,15,0,1,3,0,,10,160
Working Professional,Certification,Monthly,Yes,70.0,1,66.2,32,-1,5,3,0,56.5,53.5,2,0,3,3,1,15.0,15,45
Student,Certification,Monthly,No,87.9,3,54.4,2,-1,7,3,1,86.5,36.8,2,0,2,3,0,,15,45
Student,Get a Job,Monthly,Yes,92.7,0,68.1,59,0,7,2,4,73.4,56.6,3,0,3,3,0,,15,60
Working Professional,Get a Job,Annual,Yes,47.4,7,0.0,11,0,1,0,1,12.8,0.4,1,0,0,2,0,,10,20
Working Professional,Get a Job,Annual,Yes,70.2,2,41.0,14,-1,3,1,0,8.2,20.8,23,1,1,3,0,,10,240
Working Professional,Certification,Annual,No,59.7,4,46.3,5,0,6,4,2,100.0,26.9,2,0,0,3,0,,10,30
Career Switcher,Get a Job,Annual,Yes,65.3,1,65.1,23,-1,2,1,1,36.2,52.1,0,0,2,3,0,,10,10
Working Professional,Certification,Monthly,Yes,76.0,1,45.6,7,-1,1,0,2,0.0,26.2,6,0,0,3,1,10.0,15,105
Student,Get a Job,Monthly,No,80.0,2,89.8,11,-1,8,1,0,18.0,88.3,6,0,2,4,0,,15,105
Student,Certification,Monthly,Yes,68.3,1,44.8,0,0,5,2,0,44.2,25.1,7,1,0,4,0,,15,120
Student,Certification,Monthly,No,41.3,6,19.9,9,-1,1,0,0,30.0,5.9,24,1,1,2,1,5.0,15,375
Working Professional,Certification,Monthly,No,55.5,3,74.4,21,-1,7,4,0,74.7,66.8,3,0,2,3,0,,15,60
Student,Certification,Annual,No,83.4,0,100.0,1,1,6,1,1,31.7,98.2,3,1,1,5,0,,10,40
Working Professional,Certification,Annual,Yes,28.9,5,15.2,13,0,2,0,3,43.7,3.8,3,1,0,2,0,,10,40
Working Professional,Certification,Annual,No,87.8,1,70.1,0,-1,9,3,0,92.8,60.2,7,0,0,4,0,,10,80
Career Switcher,Get a Job,Monthly,No,77.8,0,74.7,26,0,10,2,1,69.5,67.3,7,1,0,4,0,,15,120
Student,Get a Job,Annual,No,89.7,1,70.0,40,0,4,0,2,0.0,60.0,6,0,0,4,1,97.0,10,70
Career Switcher,Get a Job,Monthly,Yes,67.0,4,26.3,4,1,0,1,0,44.4,9.0,3,0,0,2,0,,15,60
Student,Certification,Monthly,No,39.1,10,24.5,1,0,2,0,3,22.8,8.2,4,0,0,3,0,,15,75
Career Switcher,Certification,Annual,Yes,76.5,0,70.1,10,0,12,6,2,100.0,60.3,12,1,0,5,0,,10,130
Student,Get a Job,Annual,Yes,89.1,2,81.5,0,0,15,2,1,62.6,78.0,7,0,0,4,0,,10,80
Working Professional,Certification,Monthly,Yes,83.9,2,100.0,6,1,6,0,6,48.2,98.2,10,0,0,5,0,,15,165
Working Professional,Certification,Monthly,No,60.1,1,52.9,3,0,4,3,0,83.3,34.9,2,0,1,3,0,,15,45
Student,Hobby,Monthly,Yes,71.3,6,39.9,6,0,1,0,0,46.5,19.7,19,0,0,3,0,,15,300
Student,Hobby,Monthly,Yes,62.0,7,49.6,0,0,8,3,2,64.5,31.1,0,0,0,4,0,,15,15
Working Professional,Certification,Monthly,No,57.7,3,57.6,0,1,2,0,4,48.1,40.8,7,0,0,3,0,,15,120
Working Professional,Certification,Annual,No,84.3,1,77.5,0,1,10,4,2,100.0,71.8,13,0,0,4,0,,10,140
Working Professional,Hobby,Monthly,No,52.0,4,43.7,9,-1,5,1,0,45.0,23.7,16,0,3,2,0,,15,255
Working Professional,Certification,Monthly,Yes,56.6,6,21.9,8,0,1,0,2,23.4,6.8,3,0,0,2,1,67.0,15,60
Working Professional,Certification,Monthly,Yes,53.4,3,67.7,2,1,3,1,1,34.3,55.8,4,1,0,4,0,,15,75
Student,Get a Job,Annual,No,47.6,14,11.6,10,1,0,0,4,18.2,2.8,0,1,0,2,1,24.0,10,10
Student,Hobby,Monthly,No,72.2,3,84.2,21,-1,9,4,0,83.5,81.8,12,0,1,3,0,,15,195
Student,Hobby,Monthly,Yes,87.4,0,74.5,3,1,10,0,4,44.3,66.8,1,0,0,4,0,,15,30
Career Switcher,Get a Job,Annual,No,67.2,2,44.7,17,-1,4,2,3,56.4,25.0,4,0,0,3,0,,10,50
Working Professional,Certification,Annual,Yes,47.4,9,17.9,10,-1,2,0,0,51.9,5.0,24,1,2,3,1,56.0,10,250
Working Professional,Certification,Annual,Yes,82.6,0,82.3,0,0,14,0,1,7.7,78.9,19,0,2,4,0,,10,200
Working Professional,Get a Job,Annual,No,95.3,1,67.0,4,0,4,0,0,17.8,54.8,3,0,1,4,0,,10,40
Career Switcher,Hobby,Monthly,Yes,60.3,3,41.5,7,1,4,1,5,64.7,21.1,2,0,0,3,0,,15,45
Student,Get a Job,Annual,Yes,62.8,4,67.4,13,0,3,1,0,31.8,55.4,2,0,0,4,0,,10,30
Working Professional,Get a Job,Monthly,Yes,77.7,4,64.7,3,-1,5,2,0,45.5,51.9,9,1,3,3,1,61.0,15,150
Working Professional,Certification,Monthly,Yes,94.3,2,88.2,40,-1,9,4,0,95.7,86.7,10,1,3,4,1,5.0,15,165
Working Professional,Certification,Monthly,Yes,62.2,6,71.5,11,-1,11,2,2,77.9,62.5,1,1,0,4,0,,15,30
Student,Get a Job,Annual,No,50.0,1,68.4,4,1,3,0,3,27.7,57.0,2,0,0,5,0,,10,30
Career Switcher,Get a Job,Monthly,Yes,79.5,0,83.5,1,0,7,4,4,100.0,81.1,3,0,2,4,0,,15,60
Career Switcher,Get a Job,Annual,No,82.0,0,52.9,2,0,4,2,1,53.9,34.9,4,1,0,4,0,,10,50
Working Professional,Get a Job,Monthly,No,70.1,7,30.8,6,1,2,0,3,16.9,11.8,19,0,0,4,0,,15,300
Working Professional,Get a Job,Monthly,Yes,61.6,3,27.9,6,0,0,0,4,15.0,10.1,0,1,1,3,1,37.0,15,15
Career Switcher,Get a Job,Annual,No,84.9,0,74.3,14,-1,9,4,1,100.0,66.7,8,1,1,3,0,,10,90
Working Professional,Certification,Monthly,No,77.9,2,80.5,12,0,5,0,2,16.7,76.9,15,0,0,4,0,,15,240
Student,Hobby,Monthly,Yes,58.5,1,31.2,2,-1,0,1,1,59.0,12.0,10,1,1,2,1,5.0,15,165
Working Professional,Certification,Monthly,Yes,70.7,2,51.5,9,0,3,2,0,67.0,33.5,1,0,0,4,0,,15,30
Working Professional,Hobby,Monthly,No,49.7,3,35.3,0,1,3,1,1,86.4,15.3,5,0,0,4,0,,15,90
Working Professional,Certification,Monthly,Yes,80.3,1,65.0,5,0,2,0,1,31.3,52.1,19,0,1,4,0,,15,300
Working Professional,Hobby,Annual,No,66.1,2,38.6,14,0,5,4,2,100.0,18.8,0,1,0,3,0,,10,10
Career Switcher,Get a Job,Annual,No,63.5,1,78.6,5,1,9,5,1,100.0,73.8,24,0,0,5,0,,10,250
Career Switcher,Get a Job,Annual,No,69.5,2,36.5,18,-1,2,0,2,10.5,16.4,1,0,5,2,1,53.0,10,20
Working Professional,Get a Job,Monthly,No,70.6,7,61.8,37,1,4,0,3,22.4,47.6,1,0,0,4,0,,15,30
Student,Get a Job,Monthly,Yes,83.4,2,98.6,9,-1,5,3,1,77.2,95.9,13,1,1,5,0,,15,210
Career Switcher,Get a Job,Annual,Yes,78.9,1,62.3,1,1,6,1,5,33.1,48.0,14,0,1,3,0,,10,150
Career Switcher,Get a Job,Monthly,No,67.7,4,32.9,4,1,3,4,5,100.0,13.3,0,0,0,3,0,,15,15
Student,Get a Job,Monthly,Yes,81.5,0,76.5,0,1,11,2,0,58.4,70.7,1,1,1,4,0,,15,30
Career Switcher,Get a Job,Annual,No,76.0,3,81.0,9,-1,11,3,0,65.0,77.5,23,0,1,4,0,,10,240
Career Switcher,Get a Job,Annual,No,63.6,7,42.2,17,-1,11,2,0,78.0,21.9,2,2,1,3,1,16.0,10,30
Working Professional,Certification,Monthly,No,68.1,8,94.4,9,-1,13,3,0,70.4,92.9,0,1,3,4,0,,15,15
Working Professional,Certification,Monthly,Yes,67.8,4,65.8,15,0,3,1,0,56.8,52.9,2,0,1,4,0,,15,45
Working Professional,Certification,Annual,No,77.6,3,67.9,16,-1,3,2,0,63.7,56.3,10,1,1,4,0,,10,110
Student,Hobby,Annual,No,64.5,1,27.7,19,0,0,0,1,35.9,9.8,19,0,0,3,0,,10,200
Student,Certification,Annual,No,64.1,1,53.7,3,0,5,3,3,55.8,35.8,1,0,1,4,0,,10,20
Career Switcher,Get a Job,Annual,No,99.5,0,86.6,20,-1,6,0,0,0.9,84.9,2,0,1,5,0,,10,30
Student,Certification,Annual,No,84.1,0,100.0,10,-1,7,4,1,86.5,98.2,4,0,2,4,0,,10,50
Student,Hobby,Annual,No,58.6,2,56.5,3,1,7,1,3,42.9,39.5,11,0,1,4,0,,10,120
Working Professional,Certification,Annual,Yes,78.6,2,76.4,43,0,11,0,2,15.4,70.3,8,0,1,5,0,,10,90
Working Professional,Certification,Monthly,Yes,71.8,7,35.5,29,-1,5,1,2,34.7,15.5,3,0,1,2,1,72.0,15,60
Career Switcher,Get a Job,Annual,No,75.9,3,85.6,8,1,5,3,4,89.6,83.7,0,0,0,5,0,,10,10
Student,Certification,Monthly,Yes,72.1,6,75.3,18,-1,9,6,0,100.0,68.2,2,0,3,3,0,,15,45
Student,Certification,Monthly,Yes,87.8,3,53.2,3,1,3,2,4,42.5,35.2,1,0,1,4,0,,15,30
Working Professional,Certification,Annual,No,75.2,3,81.1,5,1,8,3,2,61.8,77.6,0,0,1,5,0,,10,10
Working Professional,Certification,Monthly,No,69.1,2,34.6,2,0,7,1,2,48.2,14.8,24,0,1,3,0,,15,375
Student,Certification,Annual,No,85.6,1,59.6,7,-1,6,0,0,27.5,44.3,2,0,4,2,0,,10,30
Working Professional,Certification,Monthly,No,73.5,3,88.9,6,0,14,2,2,54.5,87.6,14,0,2,4,0,,15,225
Student,Hobby,Monthly,Yes,71.8,1,72.7,2,-1,7,1,0,63.8,64.0,5,2,0,4,0,,15,90
Student,Certification,Annual,No,74.7,2,42.9,11,1,4,0,0,32.8,22.6,24,0,0,3,0,,10,250
Working Professional,Certification,Annual,Yes,68.6,2,51.8,1,1,5,2,2,35.7,33.7,1,0,1,3,0,,10,20
Working Professional,Certification,Monthly,Yes,70.1,1,48.7,0,1,4,2,3,48.0,29.5,0,0,1,4,1,46.0,15,15
Career Switcher,Certification,Monthly,No,61.2,2,32.5,4,1,7,2,3,35.1,13.0,0,0,1,2,0,,15,15
Working Professional,Get a Job,Annual,Yes,58.7,4,44.2,5,0,5,1,1,33.2,24.2,10,0,1,3,0,,10,110
Working Professional,Hobby,Monthly,No,55.0,1,70.7,3,-1,9,3,1,50.1,61.1,2,0,1,3,1,59.0,15,45
Working Professional,Certification,Annual,No,49.1,8,16.5,2,1,1,0,6,3.6,4.4,16,0,0,3,0,,10,170
Student,Certification,Annual,No,56.8,3,64.3,4,1,1,0,2,0.0,51.1,8,0,0,5,0,,10,90
Working Professional,Get a Job,Monthly,No,67.4,4,43.8,1,1,3,0,4,29.8,23.8,6,0,0,3,0,,15,105
Student,Certification,Monthly,Yes,71.5,4,31.3,5,1,4,2,3,39.5,12.2,5,0,0,2,0,,15,90
Career Switcher,Get a Job,Monthly,No,65.9,0,78.9,23,-1,8,2,0,56.8,74.3,2,0,2,3,1,5.0,15,45
Student,Get a Job,Annual,Yes,34.7,10,0.0,2,-1,0,0,0,10.6,0.4,0,0,2,1,1,21.0,10,10
Working Professional,Certification,Monthly,Yes,93.6,0,100.0,11,0,12,4,1,91.8,98.2,4,0,0,5,0,,15,75
Student,Hobby,Monthly,No,86.3,3,95.0,1,0,7,1,2,59.3,93.2,0,1,0,4,0,,15,15
Career Switcher,Get a Job,Annual,No,76.7,0,82.7,4,1,10,0,1,9.5,79.9,18,0,0,5,0,,10,190
Working Professional,Certification,Annual,No,98.6,1,73.3,3,0,8,1,0,38.2,64.9,14,0,1,4,0,,10,150
Working Professional,Get a Job,Monthly,Yes,55.3,3,47.6,27,-1,5,0,0,12.2,28.5,7,0,1,3,1,5.0,15,120
Student,Certification,Monthly,No,98.3,0,83.0,5,0,18,1,3,48.1,80.4,4,0,0,5,0,,15,75
Working Professional,Get a Job,Annual,No,55.5,5,58.7,11,0,3,2,2,60.5,42.5,4,0,0,4,0,,10,50
Student,Certification,Annual,Yes,73.6,3,35.8,9,0,4,1,0,54.6,15.8,4,1,0,3,0,,10,50
Career Switcher,Certification,Annual,No,50.9,2,56.4,1,0,3,0,1,20.6,39.2,10,2,1,3,0,,10,110
Student,Certification,Monthly,No,70.2,4,60.2,28,-1,4,1,1,42.0,45.0,1,0,1,3,1,39.0,15,30
Student,Get a Job,Monthly,Yes,75.8,2,75.5,4,1,6,1,1,21.7,68.5,6,0,1,4,0,,15,105
Student,Certification,Annual,Yes,67.7,4,99.8,0,0,7,1,3,41.3,96.4,13,0,0,5,0,,10,140
Working Professional,Certification,Monthly,Yes,80.7,2,78.0,3,0,10,2,3,50.4,72.7,5,0,0,3,0,,15,90
Working Professional,Certification,Annual,Yes,71.5,3,19.7,4,0,2,0,0,45.8,5.8,0,0,1,2,0,,10,10
Student,Hobby,Monthly,Yes,62.2,3,34.8,0,0,0,0,1,18.1,14.9,2,0,0,3,0,,15,45
Working Professional,Certification,Monthly,No,61.5,0,69.1,9,0,7,4,2,82.9,58.2,8,0,0,4,0,,15,135
Working Professional,Certification,Annual,No,82.2,0,69.2,4,0,3,1,1,37.1,58.5,21,0,0,5,0,,10,220
Working Professional,Certification,Annual,No,60.2,3,35.1,9,-1,5,0,0,40.1,15.2,17,0,0,3,0,,10,180
Working Professional,Certification,Monthly,No,83.7,2,100.0,0,0,5,0,0,10.9,98.2,13,0,1,4,0,,15,210
Working Professional,Get a Job,Annual,No,88.3,3,82.5,40,-1,10,2,1,60.0,79.5,23,0,1,4,0,,10,240
Working Professional,Certification,Monthly,Yes,45.0,0,16.0,1,1,1,0,4,31.2,4.1,2,0,1,2,0,,15,45
Student,Certification,Monthly,Yes,87.0,2,38.5,10,-1,7,1,0,58.9,18.4,0,1,3,1,1,5.0,15,15
Student,Certification,Monthly,Yes,100.0,1,89.3,12,0,10,4,2,77.2,87.8,3,1,0,5,0,,15,60
Career Switcher,Get a Job,Annual,No,73.8,3,55.3,1,0,6,1,1,21.9,38.1,6,0,1,5,0,,10,70
Career Switcher,Get a Job,Annual,Yes,79.0,0,99.5,1,1,9,4,4,100.0,96.3,3,1,0,5,0,,10,40
Working Professional,Certification,Annual,Yes,85.6,1,63.6,1,1,4,0,3,9.1,49.9,0,1,1,4,0,,10,10
Student,Get a Job,Monthly,Yes,65.9,3,47.5,2,0,6,2,1,54.8,28.4,5,1,0,3,0,,15,90
Working Professional,Get a Job,Annual,Yes,72.7,2,61.0,1,1,6,3,2,82.6,46.2,1,0,0,4,0,,10,20
Working Professional,Certification,Monthly,Yes,50.3,3,80.1,11,-1,15,4,1,99.2,76.4,10,0,1,5,0,,15,165
Student,Get a Job,Annual,No,72.1,2,60.2,5,-1,5,0,1,0.0,44.9,0,0,1,4,0,,10,10
Student,Certification,Monthly,Yes,77.5,2,69.4,7,0,5,3,1,70.6,58.9,24,1,0,5,0,,15,375
Working Professional,Get a Job,Monthly,Yes,77.7,0,99.5,0,0,10,2,0,60.3,96.2,16,0,2,5,0,,15,255
Working Professional,Hobby,Monthly,Yes,86.0,2,75.3,19,-1,9,1,1,37.1,68.2,16,1,2,5,0,,15,255
Student,Certification,Annual,No,58.4,1,58.6,1,0,4,0,1,24.6,42.3,12,2,1,4,0,,10,130
Student,Get a Job,Monthly,Yes,62.0,1,70.0,4,0,12,5,1,100.0,60.0,8,1,0,4,0,,15,135
Student,Certification,Annual,No,98.4,0,100.0,0,1,10,3,2,67.4,98.2,0,0,0,5,0,,10,10
Working Professional,Certification,Monthly,Yes,67.7,2,62.4,1,0,3,0,1,24.5,48.2,8,0,0,4,0,,15,135
Student,Hobby,Monthly,Yes,73.0,5,100.0,10,-1,10,2,1,73.3,98.2,10,1,4,4,0,,15,165
Student,Get a Job,Annual,No,69.0,2,53.2,11,0,7,3,1,82.8,35.2,1,1,0,3,0,,10,20
Working Professional,Hobby,Annual,Yes,57.7,5,60.9,11,0,3,2,1,80.1,46.0,7,0,0,4,0,,10,80
Student,Hobby,Annual,No,94.4,3,70.7,8,-1,6,1,1,25.4,61.3,5,0,2,4,0,,10,60
Working Professional,Hobby,Monthly,No,62.1,2,61.5,30,-1,7,3,0,65.9,47.1,5,0,1,3,0,,15,90
Student,Certification,Monthly,No,53.1,2,60.9,7,1,2,0,4,41.6,46.1,1,1,0,4,0,,15,30
Student,Certification,Monthly,Yes,63.2,2,75.9,5,0,7,2,3,49.2,69.3,10,1,0,4,0,,15,165
Student,Certification,Annual,Yes,40.0,2,31.7,2,1,3,1,5,41.5,12.5,20,0,0,3,0,,10,210
Working Professional,Certification,Monthly,No,60.2,5,44.5,1,0,3,3,0,93.9,24.6,12,0,0,3,0,,15,195
Career Switcher,Get a Job,Annual,Yes,55.5,5,60.1,7,-1,4,1,2,27.3,44.9,3,0,1,4,1,106.0,10,40
Career Switcher,Get a Job,Annual,No,79.3,0,69.9,3,0,4,4,0,100.0,59.9,24,1,2,4,0,,10,250
Working Professional,Certification,Monthly,No,59.9,1,66.0,7,1,4,1,3,56.2,53.2,3,0,0,4,0,,15,60
Working Professional,Certification,Monthly,No,83.3,0,71.6,2,1,11,4,3,91.1,62.6,2,0,0,5,0,,15,45
Student,Hobby,Annual,Yes,91.0,1,59.0,18,-1,5,1,1,50.6,43.2,24,0,2,3,0,,10,250
Student,Get a Job,Annual,No,81.7,0,63.0,81,-1,5,1,0,24.8,49.1,12,2,2,3,0,,10,130
Career Switcher,Certification,Monthly,No,66.8,3,31.5,3,0,8,4,6,100.0,12.3,11,0,0,3,0,,15,180
Student,Certification,Monthly,No,72.1,3,44.4,18,-1,2,2,0,41.2,24.5,0,0,0,3,1,204.0,15,15
Student,Hobby,Monthly,Yes,47.1,10,12.3,20,-1,0,0,0,45.9,2.9,1,0,1,2,1,5.0,15,30
Student,Certification,Monthly,Yes,68.0,0,54.6,55,-1,2,0,1,22.2,37.0,0,0,3,2,1,5.0,15,15
Student,Certification,Monthly,Yes,57.1,2,47.2,4,0,1,0,0,24.1,28.0,11,0,0,3,0,,15,180
Student,Hobby,Monthly,Yes,80.4,1,87.7,14,-1,9,0,0,37.0,86.0,2,2,0,5,0,,15,45
Working Professional,Certification,Annual,No,100.0,2,85.7,2,1,11,5,5,100.0,83.8,1,0,1,5,0,,10,20
Working Professional,Certification,Monthly,No,77.5,2,75.1,9,0,8,2,3,83.4,68.1,1,0,0,4,0,,15,30
Career Switcher,Get a Job,Monthly,Yes,40.1,5,43.6,12,1,4,0,3,11.1,23.5,8,0,0,4,1,5.0,15,135
Career Switcher,Get a Job,Monthly,No,64.6,5,36.5,13,-1,2,0,0,2.8,16.5,4,0,3,2,1,5.0,15,75
Student,Get a Job,Annual,Yes,71.8,2,75.1,2,1,14,3,3,70.6,68.0,22,0,0,4,0,,10,230
Student,Certification,Annual,Yes,71.3,3,58.1,18,-1,2,0,0,47.4,41.8,3,1,1,3,1,89.0,10,40
Working Professional,Certification,Monthly,Yes,59.0,0,47.1,5,0,2,0,1,32.6,27.9,14,0,0,3,0,,15,225
Working Professional,Get a Job,Annual,Yes,73.7,5,77.6,2,1,8,3,4,82.7,72.0,6,1,0,5,0,,10,70
Student,Get a Job,Annual,No,51.4,3,66.1,7,1,3,1,4,35.6,53.5,9,0,1,3,0,,10,100
Working Professional,Get a Job,Monthly,Yes,55.8,3,33.5,19,-1,3,1,1,42.7,13.8,1,0,2,2,1,72.0,15,30
Working Professional,Hobby,Monthly,No,79.7,0,85.5,34,0,11,0,1,33.8,83.6,11,0,1,4,0,,15,180
Working Professional,Hobby,Monthly,Yes,54.8,1,62.3,13,0,6,0,4,30.0,48.0,0,0,0,4,0,,15,15
Working Professional,Certification,Monthly,No,78.1,4,95.1,0,0,12,4,2,70.4,93.3,9,0,0,5,0,,15,150
Student,Certification,Monthly,Yes,49.5,4,33.8,1,1,7,5,2,88.8,14.1,5,0,0,3,0,,15,90
Career Switcher,Get a Job,Annual,Yes,96.5,2,89.9,0,1,5,3,3,81.6,88.3,2,0,0,5,0,,10,30
Working Professional,Certification,Annual,Yes,58.4,1,46.2,1,1,7,3,4,91.1,26.8,5,1,1,3,0,,10,60
Student,Hobby,Monthly,Yes,66.6,3,50.8,4,0,10,2,2,52.4,32.7,15,0,0,3,0,,15,240
Career Switcher,Certification,Annual,Yes,75.0,1,50.0,4,0,4,1,2,48.9,31.6,1,1,1,4,0,,10,20
Working Professional,Certification,Monthly,No,61.5,3,23.0,1,1,1,1,1,61.9,7.3,1,0,0,2,0,,15,30
Career Switcher,Certification,Monthly,No,72.2,2,80.7,21,-1,14,2,0,65.7,77.3,6,0,0,4,1,64.0,15,105
Working Professional,Certification,Annual,No,78.6,1,63.2,9,-1,4,3,0,100.0,49.4,7,0,3,2,1,145.0,10,80
Working Professional,Hobby,Monthly,Yes,84.4,3,84.0,15,0,8,3,0,71.0,81.7,4,0,0,4,0,,15,75
Student,Get a Job,Monthly,Yes,81.9,1,75.0,4,1,12,2,2,58.4,67.9,2,0,0,4,0,,15,45
Student,Certification,Monthly,Yes,67.4,2,50.2,5,0,7,3,0,69.3,32.0,0,1,1,3,0,,15,15
Working Professional,Certification,Annual,No,67.8,8,68.6,3,0,3,0,1,59.9,57.4,0,0,1,3,0,,10,10
Working Professional,Certification,Annual,No,100.0,1,68.3,5,1,8,4,2,100.0,56.8,0,0,0,4,0,,10,10
Student,Get a Job,Annual,No,84.2,3,86.8,9,-1,6,0,0,0.0,85.2,18,0,2,4,0,,10,190
Student,Hobby,Monthly,No,56.2,3,64.3,6,0,3,1,0,81.7,51.2,1,0,0,3,0,,15,30
Career Switcher,Get a Job,Monthly,Yes,71.5,2,39.5,18,-1,4,1,1,40.0,19.4,2,0,1,3,0,,15,45
Career Switcher,Get a Job,Annual,Yes,65.0,0,73.2,23,-1,9,4,2,100.0,64.7,24,0,1,4,0,,10,250
Working Professional,Certification,Monthly,Yes,68.0,2,82.3,6,-1,8,2,0,67.8,79.3,20,0,3,3,0,,15,315
Student,Get a Job,Annual,Yes,51.6,6,95.5,2,1,5,3,4,75.4,93.7,0,2,0,5,0,,10,10
Student,Certification,Monthly,Yes,63.8,4,49.8,29,-1,3,3,0,78.0,31.4,6,1,3,3,1,39.0,15,105
Student,Certification,Monthly,Yes,97.2,1,82.9,13,0,6,1,2,40.4,80.1,8,0,0,4,0,,15,135
Career Switcher,Get a Job,Annual,No,78.7,1,83.8,10,-1,11,2,1,56.4,81.4,0,0,1,5,0,,10,10
Student,Get a Job,Annual,No,32.6,7,35.0,13,-1,5,1,0,44.6,15.0,10,0,1,4,0,,10,110
Working Professional,Certification,Monthly,No,88.3,0,100.0,0,0,6,1,2,41.0,98.2,24,0,0,5,0,,15,375
Student,Hobby,Annual,No,86.3,1,87.3,0,0,5,1,2,51.5,85.7,4,0,0,5,0,,10,50
Working Professional,Hobby,Annual,Yes,64.6,2,65.3,1,1,6,2,4,64.9,52.4,4,0,0,3,0,,10,50
Working Professional,Get a Job,Annual,Yes,80.8,1,63.6,1,-1,3,1,3,44.4,49.8,8,0,3,3,0,,10,90
Career Switcher,Get a Job,Monthly,No,57.1,4,96.0,5,1,12,3,2,97.7,94.1,10,0,0,5,0,,15,165
Student,Get a Job,Annual,Yes,62.9,0,45.5,1,1,4,0,6,10.1,26.0,12,0,1,3,1,71.0,10,130
Student,Get a Job,Annual,Yes,92.5,1,40.1,19,-1,7,3,0,81.2,19.9,0,0,1,2,0,,10,10
Student,Certification,Monthly,Yes,65.9,5,9.5,8,-1,0,0,2,58.6,2.3,12,0,0,2,0,,15,195
Career Switcher,Get a Job,Monthly,Yes,42.0,6,29.9,4,1,2,0,2,0.0,11.5,15,1,0,3,0,,15,240
Career Switcher,Get a Job,Annual,No,69.1,0,29.5,0,1,2,0,2,18.7,11.3,0,0,0,3,0,,10,10
Working Professional,Certification,Monthly,Yes,68.8,1,56.1,8,1,3,0,4,27.8,38.9,0,0,1,3,0,,15,15
Working Professional,Get a Job,Annual,No,88.0,2,57.6,1,0,6,1,1,40.7,40.8,6,0,0,4,0,,10,70
Working Professional,Certification,Monthly,No,70.2,3,61.1,13,1,3,0,3,30.6,46.5,5,0,0,3,0,,15,90
Student,Hobby,Monthly,Yes,63.7,5,66.3,16,-1,7,5,0,100.0,53.9,24,0,2,3,1,11.0,15,375
Career Switcher,Get a Job,Monthly,Yes,85.7,0,82.6,7,0,9,7,0,100.0,79.7,2,1,1,4,0,,15,45
Working Professional,Certification,Annual,Yes,71.8,4,41.1,1,0,5,0,2,8.7,20.9,7,1,1,3,0,,10,80
Working Professional,Hobby,Monthly,Yes,58.7,5,72.6,15,-1,9,4,1,58.0,63.7,5,0,1,4,0,,15,90
Working Professional,Hobby,Monthly,No,87.3,2,74.0,3,1,11,5,7,86.8,65.9,6,0,0,5,0,,15,105
Student,Certification,Annual,No,72.9,7,51.2,2,0,8,3,1,84.1,33.3,8,1,0,4,0,,10,90
Student,Get a Job,Annual,No,70.0,5,44.8,6,1,2,0,5,23.1,25.1,6,2,0,4,0,,10,70
Working Professional,Get a Job,Annual,Yes,72.7,4,49.6,25,-1,4,1,1,28.3,31.4,0,0,0,3,1,13.0,10,10
Student,Certification,Annual,No,53.9,4,92.4,3,1,14,1,5,11.8,91.0,14,0,0,5,0,,10,150
Working Professional,Certification,Monthly,Yes,62.1,2,54.9,23,-1,3,1,1,51.5,37.6,1,0,3,3,0,,15,30
Student,Get a Job,Annual,No,70.1,1,29.6,0,1,0,2,2,60.4,11.3,2,0,0,2,0,,10,30
Working Professional,Certification,Annual,No,67.1,6,35.8,0,0,1,0,0,32.1,15.8,8,0,0,3,1,58.0,10,90
Student,Get a Job,Monthly,Yes,89.1,0,75.9,11,0,9,2,1,49.0,69.1,5,0,0,4,0,,15,90
Working Professional,Certification,Monthly,Yes,73.3,1,39.1,2,1,5,0,4,47.9,19.0,6,0,1,2,0,,15,105
Working Professional,Certification,Annual,No,82.8,1,94.2,3,0,9,2,3,47.8,92.7,5,0,0,4,0,,10,60
Student,Get a Job,Annual,Yes,70.1,1,26.7,1,0,0,1,7,38.1,9.2,4,0,1,3,0,,10,50
Working Professional,Certification,Annual,No,85.8,3,78.2,4,1,10,3,1,79.1,73.1,5,0,1,5,0,,10,60
Working Professional,Certification,Monthly,Yes,76.0,2,95.2,3,1,4,1,1,53.2,93.3,1,1,0,4,0,,15,30
Working Professional,Hobby,Monthly,Yes,70.2,6,42.4,13,-1,1,0,0,28.8,22.0,24,0,0,4,1,5.0,15,375
Career Switcher,Get a Job,Annual,No,69.8,5,63.8,12,0,5,3,1,75.8,50.2,6,0,1,4,0,,10,70
Working Professional,Certification,Monthly,No,55.7,1,54.2,30,-1,2,2,0,72.8,36.5,2,0,3,3,1,51.0,15,45
Student,Certification,Monthly,Yes,77.6,1,79.5,12,0,7,4,0,98.3,75.6,9,1,1,4,1,199.0,15,150
Student,Get a Job,Annual,No,69.4,4,65.2,11,-1,8,4,0,100.0,52.4,16,0,3,3,0,,10,170
Student,Hobby,Monthly,Yes,62.5,1,17.8,11,0,0,0,4,56.9,5.0,2,1,2,2,0,,15,45
Working Professional,Certification,Annual,No,86.6,2,98.1,21,-1,11,0,1,35.1,95.5,3,0,4,4,0,,10,40
Student,Certification,Annual,No,51.2,2,17.1,3,1,1,0,2,24.4,4.6,4,0,1,2,0,,10,50
Working Professional,Get a Job,Annual,No,63.7,2,77.7,3,1,6,1,3,40.2,72.2,1,0,0,5,0,,10,20
Working Professional,Certification,Monthly,No,85.4,1,86.5,13,0,9,4,0,96.8,84.8,13,0,2,3,0,,15,210
Student,Hobby,Monthly,Yes,74.7,5,64.5,2,0,2,0,2,47.1,51.5,7,0,0,5,0,,15,120
Working Professional,Certification,Annual,No,69.3,2,87.3,24,-1,12,3,1,61.8,85.7,0,0,1,4,0,,10,10
Student,Get a Job,Annual,Yes,73.8,6,78.7,7,0,4,0,0,0.2,73.9,24,0,2,3,0,,10,250
Student,Get a Job,Annual,No,72.7,3,71.3,3,-1,14,5,0,100.0,62.1,6,0,2,4,0,,10,70
Working Professional,Certification,Annual,No,47.3,12,20.6,14,1,0,0,4,27.8,6.2,17,0,0,2,1,5.0,10,180
Working Professional,Hobby,Monthly,Yes,64.8,1,47.8,3,1,1,0,2,10.9,28.7,5,0,0,4,0,,15,90
Working Professional,Get a Job,Annual,Yes,94.2,1,92.6,33,-1,6,1,0,21.3,91.2,6,1,1,4,0,,10,70
Working Professional,Certification,Monthly,Yes,60.1,1,64.1,40,-1,6,1,2,25.2,50.6,4,0,3,3,0,,15,75
Student,Get a Job,Monthly,Yes,65.2,3,61.0,10,-1,1,2,1,70.7,46.3,4,0,1,4,1,92.0,15,75
Career Switcher,Certification,Monthly,No,61.9,2,53.9,1,1,4,5,0,100.0,36.0,1,1,0,4,0,,15,30
Working Professional,Get a Job,Annual,No,68.7,4,46.8,3,1,3,0,2,10.4,27.4,24,0,0,3,0,,10,250
Working Professional,Certification,Monthly,Yes,61.3,2,27.2,7,0,2,0,3,24.7,9.5,1,0,0,2,0,,15,30
Student,Hobby,Monthly,Yes,77.3,1,89.7,19,-1,8,3,0,54.1,88.1,5,1,0,5,1,44.0,15,90
Working Professional,Get a Job,Monthly,No,73.0,3,51.4,2,0,3,2,1,67.6,33.3,0,0,0,3,0,,15,15
Working Professional,Certification,Annual,Yes,81.6,1,76.3,1,0,4,0,1,39.8,70.2,24,0,0,4,0,,10,250
Student,Certification,Annual,No,54.2,2,18.7,0,-1,2,0,0,19.4,5.3,6,0,2,2,0,,10,70
Career Switcher,Get a Job,Annual,No,64.9,4,56.9,7,1,6,0,8,24.0,39.9,13,1,0,4,0,,10,140
Student,Certification,Annual,No,66.6,2,27.7,21,-1,0,2,0,71.2,9.9,6,1,1,2,1,5.0,10,70
Career Switcher,Get a Job,Monthly,Yes,76.8,2,73.5,0,-1,11,2,0,51.5,65.2,13,1,2,5,1,260.0,15,210
Working Professional,Get a Job,Annual,Yes,58.1,3,70.9,2,-1,10,4,1,100.0,61.4,6,0,0,4,0,,10,70
Student,Certification,Monthly,Yes,83.7,1,80.9,11,-1,11,4,0,84.5,77.5,4,0,1,4,0,,15,75
Working Professional,Certification,Monthly,Yes,87.8,0,78.4,17,-1,8,2,0,64.7,73.5,4,0,2,4,0,,15,75
Career Switcher,Certification,Annual,Yes,55.2,1,40.5,16,-1,4,1,1,23.6,20.3,0,0,1,2,1,47.0,10,10
Working Professional,Get a Job,Annual,No,62.6,1,44.0,15,0,5,1,2,27.9,24.1,3,1,0,3,0,,10,40
Career Switcher,Get a Job,Annual,No,62.0,5,86.7,1,0,9,0,2,17.9,85.0,24,1,1,4,0,,10,250
Working Professional,Certification,Monthly,No,100.0,1,91.7,5,0,12,1,1,21.2,90.3,9,0,0,3,0,,15,150
Working Professional,Certification,Annual,Yes,63.6,2,45.8,41,-1,5,0,1,27.0,26.3,20,0,4,2,1,5.0,10,210
Career Switcher,Get a Job,Monthly,No,95.2,1,78.4,44,-1,12,1,0,22.7,73.4,1,1,0,4,0,,15,30
Student,Certification,Monthly,No,51.0,2,59.9,9,-1,4,0,0,43.7,44.7,5,0,5,2,0,,15,90
Working Professional,Get a Job,Monthly,No,55.2,1,63.8,12,-1,3,0,2,13.4,50.1,0,2,1,4,1,8.0,15,15
Student,Get a Job,Monthly,No,59.7,3,54.5,30,0,5,1,3,20.3,36.9,9,1,0,4,0,,15,150
Career Switcher,Get a Job,Annual,No,57.3,3,19.6,5,1,0,1,0,24.6,5.7,12,0,0,2,0,,10,130
Career Switcher,Get a Job,Monthly,No,66.0,3,54.4,1,1,4,1,5,35.1,36.6,11,0,0,4,0,,15,180
Student,Get a Job,Monthly,Yes,59.4,5,53.2,11,-1,5,0,1,0.0,35.1,0,1,1,3,0,,15,15
Working Professional,Certification,Annual,No,57.7,4,96.1,32,-1,9,3,0,58.5,94.3,2,1,6,4,1,121.0,10,30
Career Switcher,Get a Job,Annual,Yes,87.4,1,100.0,11,-1,9,2,0,51.8,98.2,8,3,2,4,1,24.0,10,90
Student,Hobby,Monthly,Yes,88.4,1,89.6,16,-1,6,1,0,69.3,88.1,11,0,0,4,0,,15,180
Working Professional,Hobby,Monthly,Yes,84.2,0,69.8,5,1,5,1,2,41.3,59.7,2,0,1,4,0,,15,45
Career Switcher,Get a Job,Annual,Yes,77.9,4,90.2,1,1,8,4,2,100.0,88.7,4,0,0,5,0,,10,50
Student,Get a Job,Annual,Yes,71.4,6,21.0,1,-1,1,0,1,5.3,6.5,3,2,1,3,0,,10,40
Working Professional,Certification,Annual,Yes,62.5,4,44.3,40,-1,2,1,0,56.2,24.4,0,0,4,2,1,57.0,10,10
Student,Get a Job,Annual,Yes,55.7,4,22.5,6,-1,2,0,0,0.0,7.0,6,0,0,2,1,126.0,10,70
Career Switcher,Get a Job,Annual,No,75.4,3,88.3,0,-1,10,2,1,52.8,86.8,8,0,1,4,0,,10,90
Career Switcher,Certification,Annual,Yes,52.4,2,30.8,31,-1,0,0,3,28.4,11.9,2,0,2,2,1,10.0,10,30
Career Switcher,Get a Job,Annual,No,55.1,4,49.3,6,0,3,1,1,36.8,30.7,9,0,1,3,0,,10,100
Working Professional,Certification,Monthly,Yes,87.3,2,79.3,18,-1,12,2,0,64.9,75.2,2,0,0,5,1,102.0,15,45
Career Switcher,Get a Job,Monthly,No,98.5,0,79.6,7,0,10,5,1,100.0,75.7,10,0,0,4,0,,15,165
Career Switcher,Get a Job,Annual,No,75.9,1,72.9,1,0,6,1,2,40.1,64.3,4,1,2,4,0,,10,50
Student,Certification,Monthly,No,86.6,1,85.1,9,0,8,5,2,100.0,83.0,16,0,0,4,0,,15,255
Career Switcher,Get a Job,Monthly,No,66.3,3,29.9,59,-1,0,0,1,11.7,11.5,6,0,1,3,1,92.0,15,105
Student,Certification,Annual,Yes,49.9,7,51.1,0,0,2,0,1,14.8,33.0,1,0,0,3,0,,10,20
Working Professional,Certification,Monthly,No,79.2,0,64.5,18,-1,4,2,1,35.7,51.5,13,1,4,2,1,5.0,15,210
Student,Get a Job,Annual,No,78.5,0,80.6,2,1,7,2,2,48.8,77.0,12,1,0,5,0,,10,130
Student,Hobby,Monthly,No,71.1,1,67.5,5,0,8,2,3,34.7,55.5,0,0,0,5,0,,15,15
Student,Get a Job,Annual,No,66.4,4,68.7,4,1,4,0,5,12.2,57.5,0,1,2,4,0,,10,10
Working Professional,Hobby,Annual,Yes,84.4,1,91.6,22,-1,4,2,0,74.1,90.2,1,0,2,4,1,76.0,10,20
Student,Hobby,Monthly,No,55.2,5,23.1,7,0,1,0,2,25.8,7.4,14,0,0,3,0,,15,225
Working Professional,Certification,Monthly,Yes,58.4,1,36.7,5,0,2,0,0,45.1,16.7,3,0,0,4,0,,15,60
Student,Certification,Annual,No,54.9,4,57.7,17,-1,6,2,0,66.8,41.1,5,0,0,4,0,,10,60
Student,Certification,Annual,Yes,71.3,3,64.6,0,1,2,1,1,36.7,51.7,7,0,0,4,0,,10,80
Working Professional,Hobby,Annual,No,53.7,4,80.1,0,0,12,1,3,44.8,76.4,10,0,0,4,0,,10,110
Working Professional,Certification,Monthly,Yes,59.7,1,44.7,0,0,4,2,1,76.7,25.0,14,1,0,3,1,365.0,15,225
Student,Certification,Annual,Yes,59.4,5,36.9,11,1,2,1,6,10.1,17.0,5,0,0,3,0,,10,60
Working Professional,Certification,Monthly,Yes,66.1,1,44.1,7,0,3,1,1,61.7,24.1,4,1,0,3,1,283.0,15,75
Career Switcher,Get a Job,Annual,No,47.7,7,58.9,20,-1,5,4,1,100.0,42.8,1,0,1,3,1,49.0,10,20
Working Professional,Certification,Monthly,No,71.3,1,85.0,6,0,8,1,1,36.2,82.9,7,0,0,4,0,,15,120
Student,Get a Job,Annual,Yes,88.7,1,77.5,2,0,10,2,0,59.1,71.7,6,0,1,5,0,,10,70
Student,Certification,Monthly,Yes,72.0,2,80.7,16,-1,13,4,1,100.0,77.2,2,1,2,4,1,5.0,15,45
Career Switcher,Certification,Monthly,No,93.1,3,71.4,3,1,16,1,5,25.4,62.3,4,0,1,4,0,,15,75
Student,Get a Job,Annual,No,90.0,0,94.3,27,-1,8,3,0,83.2,92.8,10,2,2,3,0,,10,110
Career Switcher,Certification,Annual,No,81.7,1,59.3,2,-1,5,3,0,84.7,43.8,7,1,4,4,1,107.0,10,80
Working Professional,Certification,Annual,No,71.1,2,62.1,1,-1,3,0,1,33.1,47.8,5,0,3,3,0,,10,60
Career Switcher,Certification,Annual,No,70.3,3,75.4,6,1,8,2,6,60.8,68.3,2,1,0,4,0,,10,30
Working Professional,Certification,Monthly,Yes,81.5,2,75.1,0,1,7,2,4,87.3,68.0,8,0,0,4,0,,15,135
Career Switcher,Certification,Monthly,Yes,64.1,2,67.3,0,1,5,1,2,28.4,55.3,7,0,0,4,1,55.0,15,120
Working Professional,Get a Job,Monthly,Yes,41.8,8,16.6,6,0,2,1,1,24.4,4.4,4,0,1,2,1,139.0,15,75
Working Professional,Certification,Annual,No,77.4,2,84.6,2,1,8,2,2,22.3,82.2,2,0,1,4,0,,10,30
Working Professional,Get a Job,Monthly,No,53.0,3,45.4,0,-1,1,0,0,0.0,25.7,1,0,1,3,0,,15,30
Working Professional,Hobby,Annual,No,55.6,7,71.4,3,1,8,4,3,70.0,62.2,3,1,0,3,0,,10,40
Working Professional,Hobby,Annual,Yes,70.0,0,29.7,6,0,0,0,2,44.8,11.4,19,0,0,4,0,,10,200
Career Switcher,Get a Job,Annual,Yes,68.6,4,34.7,5,1,6,1,5,44.6,14.8,11,1,1,3,0,,10,120
Career Switcher,Get a Job,Annual,Yes,48.8,8,44.6,1,-1,5,0,1,0.4,24.8,17,0,2,3,1,60.0,10,180
Working Professional,Certification,Annual,No,72.5,1,5.8,8,0,1,0,3,27.9,1.2,14,0,1,3,0,,10,150
Working Professional,Certification,Annual,Yes,84.5,2,70.4,12,0,10,5,1,100.0,60.8,4,0,1,3,0,,10,50
Working Professional,Hobby,Monthly,Yes,53.1,3,52.2,11,1,4,3,4,67.2,34.0,6,0,0,4,0,,15,105
Working Professional,Get a Job,Annual,No,89.1,1,85.3,5,1,7,1,3,40.2,83.3,1,0,0,5,0,,10,20
Student,Get a Job,Monthly,No,46.6,3,17.8,1,1,1,0,5,21.2,5.0,10,0,0,2,1,5.0,15,165
Student,Hobby,Monthly,No,100.0,0,63.1,6,1,3,1,4,36.1,49.2,4,0,0,4,0,,15,75
Working Professional,Certification,Monthly,Yes,63.8,3,79.5,22,-1,8,0,2,13.0,75.6,1,0,4,4,1,41.0,15,30
Student,Hobby,Monthly,No,72.2,4,76.1,6,-1,10,5,1,100.0,69.6,0,1,3,3,1,99.0,15,15
Student,Get a Job,Annual,No,41.6,6,19.3,2,1,1,0,5,15.8,5.5,9,0,0,3,0,,10,100
Student,Certification,Monthly,No,69.1,2,19.2,0,1,1,1,2,25.1,5.4,5,0,0,3,0,,15,90
Student,Certification,Annual,No,73.4,1,61.1,28,-1,4,0,0,14.2,46.6,0,0,3,3,1,116.0,10,10
Student,Certification,Monthly,Yes,68.7,1,58.6,13,0,1,0,4,27.0,42.3,13,0,0,4,0,,15,210
Career Switcher,Get a Job,Annual,No,61.6,0,41.7,3,-1,2,0,0,23.9,21.2,7,0,3,2,1,16.0,10,80
Working Professional,Certification,Monthly,Yes,55.8,4,15.9,3,-1,0,2,0,74.7,4.1,0,2,1,2,0,,15,15
Working Professional,Certification,Annual,Yes,87.0,1,75.9,22,-1,7,2,0,76.0,69.3,2,0,1,3,0,,10,30
Working Professional,Certification,Annual,No,70.5,2,70.3,1,1,7,2,2,53.5,60.7,10,0,0,4,0,,10,110
Student,Hobby,Monthly,Yes,93.1,0,93.8,7,1,6,1,3,49.9,92.2,0,1,0,5,0,,15,15
Career Switcher,Get a Job,Annual,No,62.1,5,54.1,12,1,2,1,3,27.0,36.2,10,0,0,4,0,,10,110
Working Professional,Certification,Monthly,Yes,63.5,5,42.5,5,-1,3,2,0,53.8,22.2,5,0,0,3,1,25.0,15,90
Student,Get a Job,Annual,No,82.2,1,91.0,0,-1,9,3,1,73.8,89.5,12,0,2,3,0,,10,130
Working Professional,Certification,Monthly,No,45.7,10,7.9,2,1,0,0,3,16.9,1.8,15,0,0,1,1,121.0,15,240
Career Switcher,Certification,Monthly,Yes,51.8,4,27.9,23,-1,3,1,1,34.1,10.1,11,0,1,2,0,,15,180
Career Switcher,Get a Job,Annual,Yes,86.5,1,78.7,7,0,9,5,0,100.0,73.9,0,1,0,4,0,,10,10
Working Professional,Get a Job,Monthly,No,52.4,5,85.9,16,-1,9,1,0,39.2,84.0,4,0,1,5,0,,15,75
Working Professional,Get a Job,Annual,No,42.7,6,48.8,8,1,4,1,3,51.7,29.7,3,0,0,4,0,,10,40
Student,Certification,Annual,No,98.0,2,60.2,28,-1,3,1,0,39.5,45.1,5,0,0,4,1,40.0,10,60
Career Switcher,Certification,Monthly,No,49.1,5,18.4,23,0,2,1,3,53.8,5.2,24,0,0,3,1,69.0,15,375
Student,Get a Job,Monthly,Yes,72.8,1,100.0,6,0,5,6,1,100.0,98.2,1,2,0,5,0,,15,30
Career Switcher,Certification,Monthly,Yes,71.0,3,41.2,3,0,2,2,1,74.4,21.0,16,0,1,2,0,,15,255
Working Professional,Certification,Annual,Yes,27.8,5,49.3,9,1,6,1,1,26.2,30.8,24,0,0,4,1,53.0,10,250
Working Professional,Certification,Annual,No,66.0,5,74.5,11,0,12,0,3,22.0,67.0,24,1,0,5,0,,10,250
Working Professional,Hobby,Monthly,No,76.7,1,97.9,6,0,10,5,2,99.9,95.3,12,0,3,3,0,,15,195
Student,Get a Job,Annual,No,75.3,1,73.3,17,-1,7,1,0,40.8,64.9,5,0,0,4,0,,10,60
Student,Certification,Annual,No,83.6,0,73.8,2,1,8,3,3,84.0,65.4,1,1,0,5,0,,10,20
Student,Get a Job,Annual,No,64.2,2,36.8,4,0,5,0,2,24.1,16.8,7,0,0,2,0,,10,80
Student,Get a Job,Monthly,No,80.7,1,92.0,11,0,9,2,1,42.7,90.6,7,0,2,5,0,,15,120
Working Professional,Certification,Monthly,Yes,59.7,4,22.3,2,-1,0,0,0,11.2,6.9,3,0,4,2,0,,15,60
Working Professional,Get a Job,Annual,Yes,48.8,10,22.5,5,0,0,0,2,15.6,7.1,7,0,0,3,1,117.0,10,80
Student,Certification,Monthly,No,50.5,4,87.7,33,-1,13,4,0,100.0,85.9,0,0,3,5,1,57.0,15,15
Career Switcher,Get a Job,Monthly,No,48.1,6,33.9,9,-1,3,2,1,66.6,14.2,8,0,3,2,1,17.0,15,135
Career Switcher,Get a Job,Annual,No,85.1,0,95.0,29,-1,9,2,0,87.1,93.2,18,1,0,5,0,,10,190
Career Switcher,Get a Job,Annual,Yes,47.3,7,0.3,12,1,0,1,3,25.8,0.7,5,0,1,1,1,365.0,10,60
Career Switcher,Get a Job,Monthly,No,74.1,1,35.1,12,0,4,0,0,13.7,15.1,11,0,0,3,0,,15,180
Student,Certification,Monthly,Yes,66.0,2,78.7,8,0,14,3,2,73.9,74.0,8,0,0,5,0,,15,135
Working Professional,Hobby,Monthly,Yes,68.5,1,57.5,1,0,6,2,1,69.3,40.7,0,0,1,4,0,,15,15
Working Professional,Get a Job,Monthly,Yes,90.5,0,64.4,7,0,1,0,3,13.8,51.4,1,1,0,4,0,,15,30
Working Professional,Hobby,Annual,Yes,63.4,1,67.5,2,1,3,3,1,62.2,55.6,11,0,1,3,0,,10,120
Student,Certification,Monthly,Yes,79.2,5,72.0,66,-1,5,2,1,65.8,63.0,0,0,0,4,0,,15,15
Career Switcher,Get a Job,Annual,Yes,70.6,6,100.0,3,0,13,5,1,100.0,98.2,24,0,0,5,0,,10,250
Student,Certification,Annual,Yes,67.7,2,67.0,2,0,4,2,0,61.9,54.7,17,0,0,3,0,,10,180
Student,Get a Job,Annual,No,100.0,1,66.2,9,0,4,0,1,21.3,53.6,3,1,0,4,0,,10,40
Working Professional,Get a Job,Monthly,Yes,48.4,4,38.2,7,-1,1,1,0,59.8,18.3,2,1,1,2,0,,15,45
Working Professional,Certification,Annual,Yes,89.3,3,100.0,0,-1,13,2,0,31.3,98.2,7,0,1,4,0,,10,80
Working Professional,Certification,Annual,Yes,79.8,1,79.9,1,1,7,3,4,94.3,76.1,7,1,0,5,0,,10,80
Student,Hobby,Annual,Yes,62.8,5,39.6,16,1,3,3,3,79.6,19.6,0,0,1,3,0,,10,10
Career Switcher,Get a Job,Monthly,No,94.4,1,80.7,6,0,7,3,2,77.6,77.1,1,1,2,3,0,,15,30
Student,Get a Job,Annual,Yes,42.3,6,15.8,1,1,1,0,3,6.4,4.0,8,0,0,3,1,8.0,10,90
Student,Certification,Annual,No,62.2,1,49.8,6,1,5,1,4,58.2,31.5,12,1,0,4,0,,10,130
Career Switcher,Get a Job,Annual,Yes,51.9,1,27.2,2,-1,0,0,0,10.5,9.6,1,0,0,3,1,107.0,10,20
Career Switcher,Get a Job,Monthly,Yes,76.2,1,93.1,2,0,9,3,1,84.5,91.7,9,0,0,5,0,,15,150
Career Switcher,Get a Job,Annual,No,53.3,4,32.0,31,-1,5,1,0,28.1,12.7,16,0,5,1,1,73.0,10,170
Career Switcher,Certification,Annual,No,76.5,1,89.1,4,1,8,5,2,93.6,87.7,1,0,0,5,0,,10,20
Working Professional,Certification,Monthly,Yes,67.2,2,48.9,0,1,1,0,2,15.5,30.0,4,0,0,4,0,,15,75
Working Professional,Certification,Monthly,No,62.8,4,59.5,35,0,5,1,0,37.4,44.1,15,1,0,3,0,,15,240
Student,Certification,Monthly,Yes,75.8,2,72.9,15,0,9,2,0,58.1,64.3,3,1,0,5,1,124.0,15,60
Working Professional,Hobby,Monthly,No,66.0,5,58.9,2,1,2,1,4,55.3,43.0,2,0,0,4,0,,15,45
Working Professional,Certification,Monthly,No,53.7,4,63.7,5,1,6,0,1,17.7,49.9,10,0,0,4,0,,15,165
Student,Get a Job,Annual,No,100.0,2,74.7,19,0,6,0,2,17.6,67.4,4,0,0,4,0,,10,50
Working Professional,Certification,Monthly,No,62.7,1,20.4,4,0,0,1,1,31.4,6.1,9,1,1,2,0,,15,150
Working Professional,Certification,Monthly,Yes,36.7,7,30.1,8,-1,2,0,0,41.5,11.6,1,0,0,2,1,278.0,15,30
Student,Certification,Annual,No,57.4,5,62.8,7,1,3,1,4,32.0,48.8,6,0,1,3,0,,10,70
Student,Certification,Monthly,Yes,51.0,6,26.3,5,1,2,0,3,60.3,9.1,3,0,0,3,0,,15,60
Working Professional,Certification,Monthly,Yes,82.4,2,65.3,10,-1,6,1,0,54.7,52.5,24,0,3,2,0,,15,375
Student,Get a Job,Annual,Yes,74.8,2,48.0,6,1,8,6,6,100.0,29.0,7,2,1,3,0,,10,80
Career Switcher,Certification,Annual,Yes,76.0,2,45.6,0,1,7,3,5,72.4,26.1,9,0,0,4,0,,10,100
Working Professional,Certification,Annual,No,64.4,5,69.2,16,-1,3,1,0,54.1,58.5,1,0,2,4,1,36.0,10,20
Working Professional,Certification,Annual,No,65.8,1,45.2,1,0,1,0,0,11.2,25.5,24,0,0,3,0,,10,250
Working Professional,Certification,Monthly,Yes,64.4,5,60.8,6,1,5,2,6,45.4,45.9,0,0,0,4,0,,15,15
Career Switcher,Get a Job,Annual,Yes,68.8,5,33.8,8,-1,4,0,0,6.9,14.1,0,2,2,2,1,6.0,10,10
Student,Get a Job,Monthly,Yes,82.5,1,100.0,12,-1,9,4,0,100.0,98.2,0,2,1,4,0,,15,15
Working Professional,Get a Job,Annual,No,75.0,3,58.7,5,1,5,0,4,20.1,42.4,16,0,1,3,0,,10,170
Working Professional,Certification,Monthly,Yes,77.5,0,72.5,13,0,8,3,1,41.5,63.6,10,0,0,4,0,,15,165
Student,Hobby,Annual,No,77.5,1,98.0,1,0,5,1,3,35.2,95.4,24,0,0,5,0,,10,250
Career Switcher,Get a Job,Annual,No,83.3,1,62.8,10,1,6,3,6,84.1,48.7,0,0,0,4,0,,10,10
Working Professional,Get a Job,Annual,No,74.3,5,56.8,17,-1,5,4,0,100.0,39.9,9,0,0,4,1,135.0,10,100
Working Professional,Certification,Monthly,Yes,75.4,1,89.4,22,-1,7,4,1,93.7,87.9,6,0,0,4,0,,15,105
Career Switcher,Certification,Monthly,No,87.8,1,57.4,8,0,3,1,2,6.9,40.5,8,1,1,2,0,,15,135
Career Switcher,Certification,Annual,No,60.0,1,41.6,3,0,4,2,2,42.4,21.2,5,0,0,3,0,,10,60
Working Professional,Get a Job,Annual,No,57.2,5,58.8,1,0,2,0,2,17.2,42.7,8,2,0,4,0,,10,90
Career Switcher,Get a Job,Monthly,Yes,52.2,2,64.1,4,1,5,2,3,62.0,50.6,19,0,0,4,0,,15,300
Working Professional,Certification,Annual,Yes,72.7,3,38.6,7,0,2,0,2,32.0,18.5,7,0,0,3,0,,10,80
Working Professional,Certification,Annual,Yes,42.2,2,52.6,2,0,4,4,1,100.0,34.6,18,0,0,3,1,162.0,10,190
Working Professional,Certification,Monthly,No,76.9,1,87.2,30,-1,12,2,0,54.8,85.6,12,0,1,4,0,,15,195
Working Professional,Get a Job,Annual,No,68.4,2,70.5,22,-1,14,3,1,92.0,61.0,16,0,1,4,0,,10,170
Student,Certification,Annual,Yes,87.0,2,90.8,0,1,12,3,1,99.6,89.1,8,1,0,4,0,,10,90
Career Switcher,Certification,Monthly,Yes,59.9,1,23.7,8,-1,1,0,2,33.4,7.7,5,0,1,1,1,48.0,15,90
Career Switcher,Hobby,Monthly,No,67.0,3,52.7,15,-1,4,1,0,36.6,34.7,0,0,3,2,1,5.0,15,15
Student,Certification,Annual,No,86.8,0,79.8,2,0,8,1,2,38.6,76.0,14,0,0,4,0,,10,150
Career Switcher,Get a Job,Annual,No,90.7,1,76.2,7,1,15,4,1,100.0,70.0,2,0,1,4,0,,10,30
Student,Get a Job,Annual,No,59.8,3,59.1,5,1,3,1,2,12.6,43.5,0,0,1,4,0,,10,10
Student,Certification,Annual,No,72.7,5,12.9,2,0,0,0,0,18.1,3.1,5,0,0,3,0,,10,60
Working Professional,Certification,Annual,No,74.4,3,57.6,9,1,6,2,2,69.5,40.8,8,0,0,3,0,,10,90
Student,Certification,Annual,No,75.6,2,75.5,50,-1,12,3,0,75.1,68.5,8,0,0,5,0,,10,90
Career Switcher,Get a Job,Monthly,Yes,66.1,4,12.7,4,1,1,0,1,23.6,3.0,8,0,0,3,0,,15,135
Career Switcher,Get a Job,Annual,No,89.2,1,86.3,8,1,6,1,4,36.4,84.6,8,0,0,5,0,,10,90
Working Professional,Get a Job,Annual,Yes,41.7,6,7.3,3,1,1,1,3,43.8,1.6,13,0,0,2,0,,10,140
Student,Get a Job,Monthly,Yes,63.7,4,47.4,20,-1,4,2,0,42.4,28.3,11,0,0,4,1,42.0,15,180
Student,Get a Job,Monthly,Yes,76.7,1,76.2,19,-1,3,0,3,5.6,70.0,13,0,2,5,1,65.0,15,210
Working Professional,Get a Job,Annual,No,76.9,1,52.3,1,-1,0,0,1,7.3,34.1,4,1,2,3,0,,10,50
Career Switcher,Hobby,Annual,Yes,90.3,0,54.0,23,-1,4,3,2,57.6,36.1,0,0,0,4,0,,10,10
Working Professional,Certification,Monthly,Yes,88.0,1,88.2,1,1,9,4,6,100.0,86.7,8,0,0,5,0,,15,135
Student,Certification,Annual,Yes,65.7,6,42.9,1,1,2,0,4,1.1,22.7,1,0,1,4,0,,10,20
Working Professional,Hobby,Monthly,Yes,89.5,2,74.1,10,-1,9,1,0,48.3,66.2,15,0,1,5,0,,15,240
Working Professional,Hobby,Monthly,Yes,59.3,1,56.5,4,0,5,1,1,67.0,39.4,10,0,2,3,0,,15,165
Working Professional,Certification,Annual,No,84.0,0,53.6,7,-1,4,1,3,56.5,35.6,11,0,1,4,0,,10,120
Student,Hobby,Annual,No,97.2,0,73.9,10,-1,14,3,1,64.3,65.6,2,1,1,3,0,,10,30
Working Professional,Certification,Monthly,No,88.2,1,78.3,0,0,7,2,1,46.5,73.3,8,0,0,5,0,,15,135
Working Professional,Certification,Annual,No,71.6,8,90.3,3,1,5,2,3,76.4,88.8,6,3,0,5,0,,10,70
Career Switcher,Get a Job,Monthly,No,65.0,3,36.6,6,1,8,1,2,29.8,16.5,2,0,0,2,0,,15,45
Student,Certification,Monthly,Yes,47.1,8,36.8,3,1,1,0,2,17.5,16.9,13,0,0,3,1,5.0,15,210
Working Professional,Certification,Annual,No,74.7,3,55.0,0,1,5,0,1,45.0,37.7,6,1,0,3,0,,10,70
Career Switcher,Get a Job,Annual,No,53.3,2,32.3,0,1,5,2,5,63.1,12.9,1,0,0,3,0,,10,20
Student,Get a Job,Monthly,No,58.1,1,42.3,16,-1,1,0,0,6.5,21.9,2,0,1,3,1,5.0,15,45
Career Switcher,Get a Job,Annual,No,52.1,2,72.3,24,-1,7,2,0,63.3,63.4,2,1,1,4,0,,10,30
Working Professional,Get a Job,Annual,No,63.1,3,70.5,1,0,8,1,0,39.5,61.0,2,0,1,4,0,,10,30
Student,Certification,Monthly,No,69.6,4,44.6,2,0,5,2,1,59.2,24.9,1,0,0,3,0,,15,30
Student,Certification,Annual,Yes,74.1,2,61.9,10,0,2,0,1,32.3,47.7,3,1,1,4,0,,10,40
Working Professional,Certification,Annual,Yes,61.0,2,34.3,30,1,2,0,2,0.0,14.4,9,0,2,2,1,43.0,10,100
Student,Hobby,Monthly,No,86.0,0,77.4,3,1,8,1,2,48.4,71.6,24,1,0,5,0,,15,375
Working Professional,Hobby,Monthly,Yes,66.9,3,46.4,19,0,6,0,0,30.4,27.1,1,0,0,4,0,,15,30
Student,Certification,Annual,Yes,58.2,5,73.6,7,-1,6,0,0,18.0,65.3,2,0,2,3,0,,10,30
Working Professional,Certification,Monthly,No,73.4,5,64.3,31,0,4,3,5,64.7,51.0,0,0,0,4,0,,15,15
Student,Certification,Annual,Yes,99.5,0,69.9,1,1,4,1,1,37.6,59.8,2,1,0,4,0,,10,30
Career Switcher,Get a Job,Annual,No,75.0,0,71.4,36,-1,7,1,1,32.0,62.2,4,0,4,3,0,,10,50
Career Switcher,Get a Job,Monthly,No,64.6,2,54.4,5,1,5,2,8,61.7,36.7,4,0,1,3,0,,15,75
Career Switcher,Get a Job,Annual,No,47.1,2,22.6,30,-1,0,0,0,2.7,7.1,2,0,2,2,1,5.0,10,30
Working Professional,Certification,Annual,Yes,66.7,6,49.4,6,0,7,2,4,67.8,31.0,1,0,0,3,0,,10,20
Student,Certification,Annual,Yes,73.5,2,48.0,7,0,7,2,2,71.0,29.0,6,0,0,3,0,,10,70
Working Professional,Certification,Monthly,Yes,64.2,1,82.6,16,-1,5,2,0,70.9,79.6,4,0,2,4,0,,15,75
Student,Get a Job,Monthly,Yes,45.0,8,18.2,12,1,1,0,2,19.4,5.1,4,1,1,3,0,,15,75
Student,Get a Job,Annual,Yes,57.2,2,61.0,9,-1,5,2,0,54.3,46.3,18,0,5,1,0,,10,190
Student,Hobby,Monthly,Yes,91.8,1,100.0,5,1,8,5,4,85.9,98.2,6,0,0,5,0,,15,105
Working Professional,Get a Job,Annual,Yes,91.5,2,67.3,15,0,5,2,3,62.5,55.4,3,0,1,5,0,,10,40
Working Professional,Certification,Monthly,Yes,56.7,1,58.9,29,-1,4,2,0,53.6,42.8,2,0,0,3,0,,15,45
Working Professional,Certification,Monthly,No,80.1,0,83.7,0,-1,9,2,1,42.6,81.2,4,0,2,5,0,,15,75
Working Professional,Certification,Monthly,Yes,52.3,3,54.8,8,-1,7,3,1,67.5,37.4,15,1,1,4,0,,15,240
Student,Get a Job,Annual,Yes,91.1,1,80.6,20,-1,5,0,1,26.3,77.0,24,0,2,4,0,,10,250
Career Switcher,Get a Job,Annual,No,73.7,7,37.4,10,-1,1,0,2,2.6,17.5,3,0,4,2,1,5.0,10,40
Working Professional,Get a Job,Annual,No,84.2,0,85.4,16,-1,6,3,1,77.1,83.5,1,0,2,4,0,,10,20
Working Professional,Certification,Monthly,Yes,44.3,7,0.0,22,-1,2,0,1,21.8,0.4,19,1,2,1,1,5.0,15,300
Student,Certification,Monthly,Yes,80.2,0,100.0,13,0,11,2,0,68.4,98.2,1,1,0,5,0,,15,30
Working Professional,Certification,Annual,No,69.9,3,89.3,12,0,10,2,1,65.2,87.8,2,0,3,4,0,,10,30
Working Professional,Certification,Monthly,No,82.8,0,75.1,33,-1,12,5,0,100.0,67.9,1,0,1,4,0,,15,30
Student,Hobby,Monthly,No,83.7,3,95.8,19,-1,6,0,0,78.0,93.9,6,0,2,5,0,,15,105
Student,Get a Job,Annual,No,71.0,2,49.1,16,1,4,1,3,43.2,30.6,4,1,1,3,0,,10,50
Working Professional,Certification,Annual,Yes,61.0,5,55.2,0,1,2,0,5,43.5,37.9,2,0,1,3,0,,10,30
Working Professional,Certification,Annual,No,81.7,1,69.8,2,1,1,0,2,72.9,59.5,11,0,0,4,0,,10,120
Student,Get a Job,Annual,Yes,69.1,2,71.4,8,-1,12,4,0,100.0,62.3,8,0,1,5,0,,10,90
Career Switcher,Get a Job,Annual,No,56.9,5,43.4,12,1,5,1,2,31.1,23.1,24,2,0,3,0,,10,250
Student,Certification,Monthly,No,56.2,2,70.7,3,1,10,0,3,25.5,61.2,2,0,1,4,0,,15,45
Working Professional,Hobby,Monthly,No,47.8,8,24.4,0,0,1,0,0,55.9,8.1,14,1,1,3,1,5.0,15,225
Career Switcher,Certification,Monthly,Yes,62.3,2,54.7,3,-1,4,2,0,41.2,37.3,2,0,2,3,0,,15,45
Working Professional,Certification,Annual,Yes,86.5,0,57.6,14,0,6,1,3,15.8,40.9,0,0,1,4,1,75.0,10,10
Working Professional,Certification,Annual,No,72.7,3,56.2,20,-1,3,2,1,47.7,39.0,1,0,1,4,0,,10,20
Working Professional,Certification,Annual,No,62.1,6,32.1,24,-1,4,0,0,42.3,12.8,5,0,1,3,1,14.0,10,60
Student,Certification,Monthly,No,82.1,2,80.9,4,1,10,1,1,53.9,77.4,13,0,0,5,0,,15,210
Career Switcher,Get a Job,Annual,Yes,57.5,4,93.8,4,1,8,2,3,58.4,92.3,0,0,0,5,0,,10,10
Working Professional,Get a Job,Annual,Yes,71.4,3,27.2,5,1,3,2,4,70.7,9.5,14,1,0,5,0,,10,150
Career Switcher,Certification,Monthly,Yes,67.3,3,52.1,4,1,3,1,5,54.1,33.8,10,0,0,4,0,,15,165
Student,Certification,Monthly,Yes,81.7,2,70.5,10,0,11,3,0,80.2,60.9,0,0,0,5,0,,15,15
Student,Certification,Monthly,No,46.3,4,9.4,4,0,0,0,1,29.7,2.3,0,0,0,3,0,,15,15
Student,Hobby,Monthly,Yes,57.2,4,39.2,0,1,3,0,4,53.4,19.1,0,0,0,3,0,,15,15
Working Professional,Get a Job,Monthly,No,45.4,5,47.1,5,0,3,2,0,67.6,27.8,9,0,1,3,0,,15,150
Working Professional,Certification,Monthly,Yes,66.1,4,89.7,2,1,9,2,0,55.9,88.2,6,0,0,5,0,,15,105
Career Switcher,Get a Job,Annual,No,88.2,1,64.3,0,0,6,0,3,18.1,51.1,3,0,1,4,0,,10,40
Working Professional,Certification,Annual,Yes,62.4,3,63.0,6,0,1,0,2,20.2,49.0,0,0,0,4,0,,10,10
Career Switcher,Certification,Annual,No,62.3,5,36.6,2,0,6,2,1,63.5,16.6,3,0,0,3,0,,10,40
Student,Get a Job,Annual,Yes,83.1,2,69.8,6,1,2,0,3,14.0,59.7,9,1,1,4,0,,10,100
Career Switcher,Get a Job,Annual,No,86.0,0,49.3,3,1,2,2,2,56.6,30.7,0,0,1,3,0,,10,10
Working Professional,Certification,Annual,Yes,68.7,3,97.6,9,-1,15,2,0,62.0,95.1,15,1,1,5,0,,10,160
Working Professional,Certification,Monthly,Yes,80.3,0,96.5,46,-1,9,0,1,39.1,94.5,0,0,1,4,0,,15,15
Career Switcher,Get a Job,Annual,Yes,53.8,6,42.0,7,1,3,2,5,49.2,21.7,7,0,0,3,0,,10,80
Working Professional,Certification,Monthly,Yes,90.7,1,84.3,10,1,11,3,2,77.8,81.9,1,0,0,5,0,,15,30
Working Professional,Hobby,Monthly,No,100.0,0,74.0,25,-1,12,4,1,100.0,65.9,0,1,1,4,0,,15,15
Student,Get a Job,Annual,Yes,77.8,1,94.2,4,-1,17,1,0,26.7,92.6,3,0,1,5,0,,10,40
Student,Get a Job,Annual,No,38.7,3,19.9,1,0,2,0,1,20.3,5.8,8,0,0,3,1,35.0,10,90
Career Switcher,Get a Job,Monthly,No,61.6,1,51.1,3,1,5,2,3,59.0,33.0,1,1,0,4,0,,15,30
Working Professional,Hobby,Annual,Yes,79.2,1,70.1,5,0,6,1,2,67.7,60.2,5,0,0,3,0,,10,60
Working Professional,Certification,Annual,No,63.7,5,67.1,10,-1,5,0,0,19.1,55.0,4,0,1,4,1,20.0,10,50
Working Professional,Get a Job,Annual,Yes,89.1,2,100.0,0,-1,8,3,0,85.1,98.2,4,0,2,5,0,,10,50
Student,Get a Job,Monthly,Yes,78.8,0,75.7,19,-1,8,2,1,82.1,69.0,22,1,0,5,0,,15,345
Student,Certification,Annual,No,59.4,3,49.1,0,1,5,0,0,27.4,30.4,3,0,0,3,0,,10,40
Working Professional,Get a Job,Monthly,No,70.5,2,54.5,23,0,5,2,3,66.3,36.9,24,0,0,3,0,,15,375
Working Professional,Certification,Annual,Yes,56.6,1,60.2,29,-1,2,0,0,38.9,45.1,6,0,1,4,0,,10,70
Student,Hobby,Monthly,Yes,67.3,2,49.0,46,0,6,2,0,29.6,30.2,14,0,0,3,1,28.0,15,225
Working Professional,Certification,Monthly,Yes,61.7,2,47.2,16,-1,2,0,0,36.7,27.9,3,0,0,4,1,5.0,15,60
Student,Certification,Annual,No,87.6,3,81.2,1,1,8,3,8,56.4,77.7,0,0,0,5,0,,10,10
Working Professional,Certification,Monthly,Yes,100.0,2,53.7,12,-1,5,1,0,54.5,35.7,0,1,0,4,0,,15,15
Student,Get a Job,Monthly,No,48.5,9,16.8,2,1,0,0,3,11.2,4.5,6,1,1,2,1,5.0,15,105
Working Professional,Hobby,Monthly,No,41.2,10,0.0,22,1,3,0,3,23.3,0.4,21,0,0,3,1,79.0,15,330
Student,Certification,Annual,No,66.3,1,45.1,3,1,4,0,3,12.1,25.4,0,1,0,3,0,,10,10
Working Professional,Certification,Monthly,No,47.2,1,10.8,3,1,2,0,5,28.9,2.6,9,0,0,1,1,5.0,15,150
Student,Certification,Annual,No,70.7,6,67.5,24,0,3,2,0,97.2,55.6,6,0,2,2,1,49.0,10,70
Student,Certification,Monthly,Yes,81.2,1,69.0,0,1,8,1,2,69.3,58.1,8,0,1,4,0,,15,135
Working Professional,Certification,Monthly,Yes,92.4,0,74.5,2,0,9,5,1,100.0,66.9,1,1,0,4,0,,15,30
Working Professional,Get a Job,Annual,No,73.0,2,12.0,5,1,0,1,4,40.2,2.8,0,1,1,2,1,56.0,10,10
Working Professional,Certification,Monthly,Yes,67.1,3,75.4,12,-1,12,5,1,100.0,68.4,0,0,3,4,0,,15,15
Student,Hobby,Monthly,Yes,40.3,9,8.7,10,1,1,1,2,42.0,2.1,2,1,0,2,1,5.0,15,45
Working Professional,Certification,Monthly,Yes,70.4,3,45.3,11,-1,2,1,0,34.6,25.7,1,1,0,4,1,78.0,15,30
Career Switcher,Hobby,Annual,No,71.1,1,70.6,21,-1,6,1,0,62.8,61.0,1,0,4,4,0,,10,20
Working Professional,Get a Job,Annual,No,79.6,0,91.7,1,1,12,5,4,100.0,90.4,2,0,0,5,0,,10,30
Student,Certification,Monthly,Yes,59.4,2,32.8,7,0,5,0,2,51.6,13.3,6,0,0,2,0,,15,105
Working Professional,Certification,Monthly,No,63.5,3,65.5,12,-1,5,1,0,24.7,52.7,23,0,0,4,0,,15,360
Student,Certification,Annual,No,47.8,2,7.8,10,0,0,0,3,16.5,1.7,20,0,1,2,1,37.0,10,210
Student,Certification,Monthly,No,35.6,7,28.5,5,1,1,1,4,66.2,10.5,2,1,0,3,0,,15,45
Career Switcher,Get a Job,Monthly,No,53.4,4,39.3,0,0,5,1,3,32.1,19.2,0,0,3,2,1,52.0,15,15
Student,Get a Job,Annual,No,46.4,5,9.8,0,1,0,0,2,8.8,2.4,24,0,1,1,1,27.0,10,250
Working Professional,Certification,Annual,No,75.1,3,80.5,1,1,10,1,2,54.7,76.9,5,1,0,5,0,,10,60
Working Professional,Get a Job,Annual,No,62.2,0,40.5,4,1,7,2,4,71.6,20.4,24,0,0,4,0,,10,250
Working Professional,Certification,Monthly,Yes,61.9,3,95.4,1,1,7,3,3,84.1,93.5,6,0,0,5,0,,15,105
Working Professional,Certification,Monthly,No,55.2,1,42.6,5,-1,3,0,0,34.3,22.3,17,2,1,3,1,101.0,15,270
Student,Get a Job,Annual,No,21.5,5,7.1,1,0,1,0,1,18.0,1.5,4,0,0,2,1,5.0,10,50
Student,Certification,Monthly,Yes,92.6,0,66.5,15,-1,4,1,1,51.1,54.3,7,0,1,3,0,,15,120
Working Professional,Certification,Annual,Yes,55.0,5,54.7,20,-1,3,0,0,46.3,37.2,6,0,1,3,1,13.0,10,70
Student,Hobby,Monthly,Yes,63.8,5,57.2,4,0,5,2,0,100.0,40.2,1,0,1,4,0,,15,30
Working Professional,Certification,Monthly,Yes,48.2,9,29.6,7,0,2,1,0,52.6,11.4,11,0,1,3,0,,15,180
Student,Get a Job,Annual,No,84.6,0,93.7,30,-1,14,4,0,100.0,92.1,0,0,0,5,0,,10,10
Student,Hobby,Annual,Yes,72.2,2,21.6,7,1,0,1,5,65.6,6.7,3,0,0,3,0,,10,40
Working Professional,Certification,Annual,No,57.6,1,74.1,53,0,9,4,0,87.8,66.2,16,0,1,4,0,,10,170
Student,Get a Job,Monthly,Yes,64.1,2,36.7,1,-1,4,0,0,13.4,16.7,5,0,1,3,1,44.0,15,90
Working Professional,Certification,Monthly,Yes,95.2,1,86.0,19,-1,5,1,0,50.5,84.2,0,0,2,3,1,92.0,15,15
Working Professional,Hobby,Monthly,No,68.9,3,89.4,6,1,8,3,2,61.3,87.9,1,0,0,5,0,,15,30
Career Switcher,Get a Job,Monthly,Yes,67.3,4,39.0,0,-1,5,0,0,6.3,18.9,0,0,4,2,1,5.0,15,15
Student,Get a Job,Annual,No,55.9,4,38.2,35,0,5,1,3,11.9,18.2,2,0,1,3,0,,10,30
Student,Get a Job,Monthly,No,41.6,2,9.6,33,-1,0,1,2,34.0,2.4,1,0,1,2,1,17.0,15,30
Student,Get a Job,Annual,No,67.6,0,48.2,4,0,6,3,0,90.6,29.2,9,0,1,3,0,,10,100
Working Professional,Certification,Monthly,Yes,74.9,5,80.3,30,-1,12,3,0,75.2,76.6,8,0,3,3,0,,15,135
Working Professional,Certification,Annual,No,86.5,0,63.3,1,0,5,2,0,53.1,49.5,1,0,2,3,0,,10,20
Student,Get a Job,Monthly,No,36.3,3,17.6,11,0,1,0,0,13.8,4.7,4,0,0,2,1,5.0,15,75
Career Switcher,Certification,Monthly,No,53.1,8,74.5,2,-1,6,2,0,45.9,66.9,2,0,1,4,1,54.0,15,45
Student,Hobby,Monthly,Yes,61.3,2,67.5,2,-1,4,1,1,34.1,55.5,3,0,1,4,0,,15,60
Working Professional,Certification,Annual,No,69.9,5,45.0,15,-1,5,1,0,52.9,25.3,6,0,1,3,1,80.0,10,70
Working Professional,Certification,Monthly,Yes,67.8,3,50.8,4,0,6,0,0,38.7,32.6,18,0,1,4,0,,15,285
Career Switcher,Get a Job,Annual,No,68.2,2,73.3,0,1,12,3,4,90.1,64.9,18,0,0,4,0,,10,190
Working Professional,Certification,Annual,No,76.1,3,100.0,5,0,7,2,0,55.5,98.2,4,0,0,5,0,,10,50
Career Switcher,Get a Job,Monthly,Yes,56.5,4,89.0,2,-1,10,1,0,45.9,87.6,3,1,2,4,1,55.0,15,60
Student,Hobby,Annual,No,84.0,0,100.0,11,-1,7,5,0,73.1,98.2,5,0,1,5,0,,10,60
Career Switcher,Certification,Monthly,Yes,76.5,2,69.9,2,0,0,1,1,40.5,59.9,5,0,0,4,0,,15,90
Student,Get a Job,Annual,No,65.2,4,91.4,18,-1,11,2,0,67.5,90.1,0,0,0,5,0,,10,10
Career Switcher,Certification,Annual,Yes,94.0,0,68.9,3,-1,2,0,1,42.9,58.0,6,1,1,3,0,,10,70
Working Professional,Get a Job,Monthly,No,93.3,2,55.2,4,0,6,0,3,2.3,38.0,7,1,1,4,0,,15,120
Career Switcher,Certification,Monthly,Yes,84.0,2,81.7,3,0,4,1,0,77.1,78.2,4,0,0,5,0,,15,75
Working Professional,Hobby,Monthly,No,24.7,10,47.1,10,1,2,0,2,38.0,27.9,4,1,0,3,0,,15,75
Working Professional,Get a Job,Annual,No,93.7,0,90.0,1,1,13,2,2,60.9,88.4,22,0,0,5,0,,10,230
Working Professional,Certification,Monthly,Yes,81.9,2,78.9,6,0,9,2,4,74.7,74.3,7,0,1,4,0,,15,120
Working Professional,Get a Job,Annual,Yes,100.0,1,84.4,4,-1,8,6,1,100.0,82.0,13,0,3,4,0,,10,140
Student,Certification,Monthly,No,88.6,0,88.0,21,-1,14,4,1,90.9,86.5,24,0,3,4,1,194.0,15,375
Student,Certification,Annual,Yes,93.7,0,82.2,0,1,13,2,1,77.6,78.9,13,0,0,4,0,,10,140
Student,Certification,Monthly,Yes,83.2,0,75.6,17,1,13,2,6,53.2,68.7,22,1,0,5,0,,15,345
Student,Hobby,Monthly,Yes,90.2,0,68.9,1,-1,7,1,0,75.0,57.9,11,0,1,3,0,,15,180
Career Switcher,Get a Job,Annual,No,99.9,0,81.7,0,0,11,5,2,100.0,78.2,1,1,1,4,0,,10,20
Student,Certification,Annual,Yes,73.2,2,52.5,2,1,4,0,4,34.7,34.4,2,1,0,3,0,,10,30
Career Switcher,Certification,Monthly,Yes,46.4,4,25.1,1,1,0,1,3,39.8,8.4,1,0,1,3,1,48.0,15,30
Student,Hobby,Monthly,Yes,65.4,3,75.9,7,-1,10,2,0,63.2,69.3,3,1,4,3,0,,15,60
Student,Get a Job,Monthly,Yes,75.8,1,76.3,44,-1,10,2,0,52.7,70.1,3,0,3,3,1,29.0,15,60
Working Professional,Hobby,Monthly,Yes,71.1,3,50.8,0,0,4,1,2,49.1,32.8,13,0,1,4,0,,15,210
Working Professional,Get a Job,Monthly,Yes,51.3,6,58.8,6,-1,5,2,1,60.2,42.6,3,0,1,3,0,,15,60
Working Professional,Certification,Annual,No,45.5,5,64.4,4,0,5,0,2,14.2,51.3,10,1,1,4,0,,10,110
Working Professional,Certification,Monthly,No,58.9,1,33.2,4,0,4,1,1,36.4,13.5,18,0,0,3,0,,15,285
Working Professional,Get a Job,Annual,No,82.1,1,96.4,4,1,14,3,1,64.0,94.4,0,1,1,4,0,,10,10
Student,Certification,Annual,Yes,93.7,0,75.5,22,-1,13,1,1,26.4,68.6,0,1,2,4,0,,10,10
Career Switcher,Get a Job,Annual,No,83.7,1,79.1,0,1,8,4,2,100.0,74.7,17,0,0,4,0,,10,180
Career Switcher,Get a Job,Annual,Yes,85.9,1,60.3,14,-1,4,1,1,44.6,45.3,2,0,2,3,1,30.0,10,30
Working Professional,Get a Job,Monthly,No,68.8,4,92.6,2,-1,9,1,1,31.4,91.2,1,0,1,4,0,,15,30
Student,Certification,Monthly,Yes,43.9,11,28.3,4,0,0,0,2,29.5,10.4,2,1,1,2,1,5.0,15,45
Working Professional,Hobby,Monthly,Yes,63.2,7,68.2,5,0,9,3,1,87.4,56.7,1,0,0,4,0,,15,30
Student,Certification,Annual,No,66.1,3,25.0,3,1,2,0,4,42.5,8.3,12,0,0,2,1,45.0,10,130
Student,Get a Job,Annual,No,62.5,2,42.2,0,0,4,0,1,18.2,21.8,8,0,1,3,0,,10,90
Student,Certification,Annual,Yes,70.8,4,63.2,1,1,5,0,5,31.8,49.4,1,0,1,3,0,,10,20
Working Professional,Get a Job,Annual,No,76.6,1,77.6,3,1,8,1,2,30.1,72.0,7,0,0,4,0,,10,80
Career Switcher,Certification,Annual,Yes,82.8,0,86.7,17,-1,10,0,0,35.9,85.0,1,0,0,5,0,,10,20
Working Professional,Certification,Monthly,No,65.8,6,97.1,1,1,8,0,6,49.2,94.8,1,0,0,5,0,,15,30
Working Professional,Certification,Annual,No,41.4,5,32.6,13,0,4,3,0,100.0,13.0,7,1,0,3,0,,10,80
Working Professional,Certification,Monthly,Yes,62.8,2,46.0,3,1,4,1,3,81.1,26.5,8,0,0,4,0,,15,135
Student,Hobby,Monthly,Yes,70.7,6,42.0,21,-1,4,0,2,62.9,21.8,3,0,2,3,0,,15,60
Working Professional,Certification,Monthly,No,88.3,1,68.5,5,-1,2,0,0,30.7,57.3,11,1,3,3,0,,15,180
Career Switcher,Certification,Annual,No,61.5,5,46.4,1,0,3,0,1,12.0,27.1,14,0,1,3,0,,10,150
Student,Certification,Annual,No,77.7,3,74.2,42,-1,6,3,1,84.0,66.6,19,1,1,4,0,,10,200
Career Switcher,Certification,Monthly,Yes,74.4,1,57.4,1,-1,5,2,0,76.4,40.4,7,1,2,4,1,18.0,15,120
Working Professional,Certification,Monthly,No,70.7,3,65.6,8,0,3,1,1,6.7,52.8,1,0,1,3,0,,15,30
Working Professional,Certification,Monthly,Yes,84.0,3,86.5,8,-1,6,0,1,7.8,84.8,11,0,0,5,1,263.0,15,180
Working Professional,Hobby,Monthly,No,60.1,1,57.6,4,1,6,1,1,43.1,41.0,0,0,0,4,0,,15,15
Working Professional,Certification,Monthly,Yes,61.4,4,59.0,30,0,3,1,0,33.5,43.1,1,0,0,3,0,,15,30
Career Switcher,Get a Job,Annual,Yes,69.8,4,100.0,18,-1,5,0,0,0.0,98.2,14,0,1,5,0,,10,150
Career Switcher,Get a Job,Annual,No,60.4,3,40.6,17,-1,3,2,1,63.8,20.5,19,0,1,3,0,,10,200
Working Professional,Certification,Annual,No,77.6,2,79.4,36,-1,9,3,1,93.6,75.4,0,1,1,5,0,,10,10
Student,Certification,Monthly,Yes,59.3,1,19.3,6,-1,1,1,0,42.2,5.5,2,0,2,2,1,5.0,15,45
Working Professional,Get a Job,Annual,No,73.4,6,47.3,1,1,2,0,4,0.0,28.2,7,0,0,3,0,,10,80
Career Switcher,Get a Job,Annual,No,68.5,4,37.0,14,0,1,0,1,12.1,17.1,22,0,0,2,0,,10,230
Student,Certification,Monthly,No,73.2,2,40.4,4,0,1,1,1,28.4,20.3,6,0,0,3,0,,15,105
Working Professional,Certification,Annual,No,63.1,6,31.3,2,1,5,0,3,14.9,12.1,13,2,0,4,1,58.0,10,140
Working Professional,Certification,Annual,No,64.9,2,28.0,6,0,0,0,1,44.4,10.2,20,0,1,2,0,,10,210
Working Professional,Certification,Monthly,Yes,71.4,3,57.4,25,-1,3,1,0,63.0,40.6,5,0,1,3,0,,15,90
Student,Certification,Monthly,Yes,73.0,2,69.2,1,1,1,0,3,25.7,58.6,10,0,0,4,0,,15,165
Working Professional,Get a Job,Annual,No,69.9,4,39.6,18,-1,7,0,1,17.3,19.5,8,0,5,2,1,5.0,10,90
Career Switcher,Get a Job,Annual,No,95.6,3,49.6,5,0,4,1,1,24.3,31.3,8,0,0,4,0,,10,90
Student,Get a Job,Monthly,No,55.1,4,57.2,1,0,5,2,0,65.3,40.2,5,0,1,5,0,,15,90
Student,Get a Job,Annual,No,69.0,3,64.4,18,0,4,2,1,56.2,51.4,7,1,0,5,0,,10,80
Career Switcher,Get a Job,Annual,No,46.4,9,35.1,34,-1,8,3,0,71.7,15.1,6,0,1,2,1,5.0,10,70
Student,Certification,Annual,No,75.6,1,64.7,3,1,7,0,6,16.4,51.9,8,0,1,3,0,,10,90
Career Switcher,Get a Job,Monthly,Yes,53.3,6,42.9,3,1,5,2,4,64.1,22.6,5,0,0,2,0,,15,90
Working Professional,Certification,Annual,No,65.8,4,32.8,4,-1,5,1,0,22.8,13.3,2,0,1,3,0,,10,30
Student,Certification,Monthly,No,64.4,4,40.2,16,0,0,0,0,25.8,20.1,9,0,0,4,1,23.0,15,150
Career Switcher,Get a Job,Monthly,Yes,74.2,2,39.2,0,1,3,2,5,70.7,19.2,3,0,0,2,0,,15,60
Working Professional,Certification,Annual,Yes,61.7,1,44.8,2,1,2,1,1,37.6,25.1,1,0,0,4,0,,10,20
Working Professional,Certification,Monthly,Yes,61.1,4,50.0,12,0,0,0,0,6.9,31.7,15,0,0,4,0,,15,240
Working Professional,Get a Job,Annual,No,91.5,0,81.7,5,1,5,1,1,32.2,78.3,1,0,0,5,0,,10,20
Working Professional,Certification,Monthly,No,74.3,4,38.1,4,0,3,1,2,55.2,18.0,6,1,0,3,0,,15,105
Student,Get a Job,Annual,No,61.6,5,52.2,20,0,4,0,5,0.0,34.0,10,0,0,4,0,,10,110
Working Professional,Get a Job,Monthly,No,66.2,2,36.9,24,-1,3,1,0,46.9,17.0,8,0,2,3,1,181.0,15,135
Career Switcher,Get a Job,Annual,Yes,94.7,0,53.7,29,-1,4,0,0,17.6,35.7,1,2,0,4,1,6.0,10,20
Student,Certification,Annual,No,66.5,2,65.8,3,-1,1,0,0,35.3,53.1,1,1,0,4,0,,10,20
Working Professional,Hobby,Monthly,No,59.7,3,41.7,24,-1,6,1,1,58.7,21.4,1,1,1,3,0,,15,30
Student,Certification,Monthly,Yes,59.7,6,20.3,13,-1,1,0,0,31.9,6.0,0,0,2,3,1,6.0,15,15
Working Professional,Hobby,Monthly,Yes,61.8,3,66.2,1,0,3,0,2,45.0,53.6,2,0,0,4,0,,15,45
Student,Get a Job,Annual,No,61.1,5,50.0,9,-1,3,0,2,10.7,31.7,5,0,0,4,0,,10,60
Career Switcher,Get a Job,Monthly,No,50.8,4,64.1,0,1,6,1,5,43.8,50.5,1,1,1,4,0,,15,30
Working Professional,Get a Job,Annual,No,53.1,2,63.4,12,-1,3,1,2,47.9,49.6,24,0,0,4,0,,10,250
Student,Get a Job,Annual,No,57.6,0,33.1,13,0,4,0,3,1.8,13.5,9,0,0,3,0,,10,100
Student,Certification,Monthly,Yes,78.9,0,94.0,15,-1,15,1,0,34.5,92.4,7,0,2,3,0,,15,120
Student,Certification,Annual,No,64.3,4,18.3,1,0,0,0,3,24.1,5.2,9,0,1,2,0,,10,100
Working Professional,Get a Job,Annual,No,66.9,1,47.1,9,0,2,1,0,28.9,27.8,4,1,0,4,0,,10,50
Student,Hobby,Monthly,Yes,89.1,0,73.0,1,0,10,0,1,57.0,64.6,5,0,1,4,0,,15,90
Career Switcher,Certification,Monthly,No,89.4,0,68.4,29,-1,3,1,0,22.5,57.0,17,0,2,3,1,11.0,15,270
Working Professional,Certification,Monthly,Yes,65.8,6,79.5,11,1,13,3,2,83.1,75.6,10,0,1,4,0,,15,165
Student,Get a Job,Annual,No,60.5,2,61.0,1,0,3,1,2,48.9,46.4,7,0,1,3,0,,10,80
Working Professional,Get a Job,Annual,No,57.0,7,26.8,2,1,2,0,5,4.2,9.3,23,0,0,3,0,,10,240
Working Professional,Get a Job,Monthly,Yes,80.4,1,61.0,10,-1,4,0,0,24.7,46.4,8,1,2,2,1,5.0,15,135
Student,Get a Job,Monthly,Yes,66.9,2,98.1,6,1,13,2,1,71.6,95.5,4,0,0,4,0,,15,75
Student,Certification,Annual,Yes,64.2,6,45.5,13,-1,7,2,0,54.8,25.9,0,0,2,3,0,,10,10
Student,Get a Job,Annual,Yes,57.8,5,39.1,3,1,4,0,4,18.2,19.0,3,0,0,3,0,,10,40
Working Professional,Certification,Monthly,Yes,58.5,1,78.1,10,-1,13,4,0,77.6,73.0,20,0,2,3,1,103.0,15,315
Working Professional,Hobby,Monthly,No,74.8,4,19.5,1,-1,1,0,0,23.5,5.6,0,0,2,3,1,5.0,15,15
Working Professional,Certification,Monthly,Yes,50.3,3,82.7,7,1,10,1,2,38.0,79.9,1,0,0,4,0,,15,30
Career Switcher,Certification,Annual,Yes,84.9,2,68.0,31,-1,2,1,0,65.3,56.5,13,0,1,3,1,20.0,10,140
Career Switcher,Get a Job,Annual,No,62.0,2,65.3,9,-1,5,1,1,30.4,52.6,3,1,2,3,0,,10,40
Working Professional,Certification,Monthly,No,67.8,1,45.4,0,0,4,1,4,45.6,25.9,1,1,0,3,0,,15,30
Career Switcher,Get a Job,Annual,Yes,49.9,7,1.4,44,0,4,2,2,50.0,0.8,13,1,0,2,1,141.0,10,140
Student,Get a Job,Annual,No,69.8,2,58.6,1,-1,4,3,0,93.7,42.2,6,1,0,4,0,,10,70
Student,Get a Job,Annual,No,65.1,2,74.0,12,0,6,1,1,43.3,65.8,6,0,0,5,0,,10,70
Student,Certification,Monthly,Yes,69.2,0,8.0,7,1,0,0,3,19.4,1.8,2,0,0,1,1,5.0,15,45
Student,Certification,Annual,Yes,92.1,0,62.7,3,1,2,0,5,0.0,48.5,8,0,0,4,0,,10,90
Working Professional,Certification,Monthly,No,72.7,3,79.8,1,-1,3,0,2,24.6,76.0,15,1,1,4,0,,15,240
Career Switcher,Get a Job,Annual,No,58.1,2,63.0,1,1,6,3,2,89.4,48.9,11,1,1,4,0,,10,120
Student,Certification,Monthly,No,59.3,3,64.3,19,-1,4,1,0,44.8,51.0,7,1,4,3,1,58.0,15,120
Student,Get a Job,Monthly,Yes,78.9,2,94.0,20,-1,4,0,0,10.8,92.5,3,0,2,4,0,,15,60
Working Professional,Certification,Monthly,Yes,89.5,2,87.0,6,0,14,4,2,95.2,85.4,15,0,0,5,0,,15,240
Career Switcher,Get a Job,Annual,No,74.2,3,57.9,1,1,1,0,1,4.9,41.5,6,0,0,4,0,,10,70
Student,Get a Job,Monthly,Yes,80.3,1,96.7,21,-1,10,3,1,72.4,94.7,17,1,0,4,0,,15,270
Working Professional,Hobby,Monthly,Yes,79.1,0,74.1,6,0,11,1,1,61.1,66.3,2,1,1,3,0,,15,45
Student,Certification,Monthly,No,91.3,0,79.8,5,1,10,2,3,46.7,75.9,8,2,0,5,0,,15,135
Student,Certification,Monthly,Yes,40.8,6,37.4,5,0,4,3,1,57.0,17.4,21,1,0,4,0,,15,330
Career Switcher,Get a Job,Annual,No,80.0,4,68.5,4,1,10,1,0,40.0,57.3,3,1,0,4,0,,10,40
Career Switcher,Get a Job,Annual,No,84.8,2,100.0,7,1,6,2,2,48.9,98.2,24,1,0,5,0,,10,250
Student,Get a Job,Monthly,Yes,49.9,9,29.4,9,1,0,0,2,1.8,11.1,3,0,0,3,1,31.0,15,60
Career Switcher,Get a Job,Monthly,No,56.7,3,32.0,6,0,4,5,1,100.0,12.8,4,0,0,2,0,,15,75
Working Professional,Get a Job,Annual,Yes,57.2,4,51.1,22,-1,6,0,1,25.9,33.1,13,0,0,4,1,15.0,10,140
Career Switcher,Certification,Annual,No,59.1,2,27.3,3,1,0,0,3,47.9,9.6,2,1,0,3,0,,10,30
Working Professional,Certification,Monthly,Yes,62.8,0,56.7,8,-1,3,2,0,71.4,39.7,9,1,1,2,0,,15,150
Working Professional,Certification,Monthly,Yes,73.6,1,47.4,3,0,7,1,2,62.3,28.3,2,0,0,4,0,,15,45
Working Professional,Certification,Monthly,No,83.0,0,67.0,13,-1,5,1,0,74.4,54.9,7,0,0,5,1,88.0,15,120
Working Professional,Hobby,Monthly,Yes,86.2,0,53.3,1,0,3,1,0,66.4,35.4,11,0,0,3,0,,15,180
Student,Get a Job,Monthly,No,57.4,1,39.2,2,1,0,0,3,12.5,19.1,0,0,0,3,1,5.0,15,15
Student,Get a Job,Annual,No,57.3,5,51.4,16,-1,2,0,0,18.7,33.4,0,1,2,3,0,,10,10
Student,Get a Job,Monthly,Yes,89.7,0,74.4,2,0,8,2,3,55.4,66.8,21,0,0,5,0,,15,330
Working Professional,Certification,Monthly,Yes,79.7,3,58.7,9,1,1,0,2,32.2,42.5,13,0,0,3,0,,15,210
Student,Hobby,Monthly,Yes,71.2,2,55.4,35,-1,2,0,0,42.9,38.2,16,0,2,3,1,86.0,15,255
Working Professional,Certification,Monthly,Yes,77.1,2,65.2,7,1,3,1,1,42.9,52.3,4,1,1,4,0,,15,75
Career Switcher,Certification,Annual,No,69.6,1,73.4,2,0,10,2,2,55.3,65.1,10,1,0,5,0,,10,110
Student,Hobby,Monthly,No,77.9,1,96.0,3,0,11,3,0,89.3,94.2,24,0,1,4,0,,15,375
Working Professional,Certification,Monthly,No,65.0,1,49.9,17,-1,3,2,1,45.7,31.5,4,1,0,4,0,,15,75
Working Professional,Certification,Annual,No,74.0,2,86.5,4,1,8,2,1,62.2,84.8,15,0,0,5,0,,10,160
Career Switcher,Get a Job,Monthly,Yes,47.3,6,22.9,12,-1,1,0,0,0.0,7.2,0,0,0,3,1,5.0,15,15
Student,Hobby,Monthly,No,59.7,1,29.0,15,-1,0,0,1,9.9,10.9,6,0,2,3,1,5.0,15,105
Working Professional,Get a Job,Annual,No,59.8,0,78.7,6,1,7,2,7,72.0,74.0,3,0,1,4,0,,10,40
Career Switcher,Certification,Monthly,No,64.4,3,87.3,15,0,7,3,1,94.3,85.7,5,0,0,5,0,,15,90
Career Switcher,Get a Job,Annual,No,56.1,3,74.9,3,1,9,1,3,30.1,67.7,0,0,1,3,0,,10,10
Working Professional,Certification,Monthly,No,62.0,5,39.7,7,1,1,1,2,45.8,19.6,3,0,0,4,1,20.0,15,60
Working Professional,Certification,Annual,No,47.3,5,6.5,11,1,2,0,1,25.7,1.3,0,2,0,3,0,,10,10
Working Professional,Certification,Monthly,No,78.2,0,74.7,1,1,13,3,3,70.7,67.5,4,1,0,3,0,,15,75
Career Switcher,Certification,Monthly,No,68.8,3,100.0,3,1,9,3,2,67.7,98.2,4,1,1,4,0,,15,75
Working Professional,Certification,Annual,No,44.4,5,7.3,10,1,3,0,4,36.9,1.6,3,1,0,3,0,,10,40
Student,Hobby,Annual,No,57.5,6,71.4,10,0,12,0,1,34.3,62.3,23,0,2,4,0,,10,240
Career Switcher,Get a Job,Annual,No,75.0,1,78.6,6,-1,4,1,0,39.2,73.8,0,0,1,5,0,,10,10
Working Professional,Certification,Annual,Yes,61.9,4,73.9,15,-1,7,4,1,100.0,65.6,13,0,4,3,0,,10,140
Working Professional,Get a Job,Annual,No,59.5,1,29.8,6,0,0,1,3,38.9,11.5,3,0,0,3,0,,10,40
Student,Certification,Monthly,Yes,68.9,3,50.0,21,0,6,1,1,46.9,31.8,1,0,0,4,0,,15,30
Working Professional,Certification,Monthly,Yes,75.2,1,66.5,13,0,3,1,3,36.4,54.4,2,2,0,3,0,,15,45
Working Professional,Certification,Monthly,Yes,48.5,8,12.4,3,1,0,0,3,29.8,3.0,18,1,1,2,1,5.0,15,285
Working Professional,Certification,Monthly,Yes,78.3,1,91.0,5,1,13,1,3,19.9,89.7,13,0,0,4,0,,15,210
Student,Hobby,Annual,No,58.0,1,32.6,11,-1,1,0,1,63.1,13.1,0,1,2,2,1,38.0,10,10
Working Professional,Get a Job,Annual,No,69.7,2,60.8,22,-1,3,2,0,50.4,45.9,1,1,0,4,1,5.0,10,20
Career Switcher,Get a Job,Annual,Yes,69.5,1,56.1,1,0,4,2,2,40.8,39.0,8,0,0,3,0,,10,90
Student,Certification,Monthly,Yes,62.1,1,35.9,7,0,6,0,1,28.4,15.9,3,0,3,1,1,20.0,15,60
Career Switcher,Get a Job,Annual,No,54.6,3,40.2,1,1,4,1,8,38.5,20.2,20,0,1,3,0,,10,210
Working Professional,Get a Job,Annual,No,65.7,3,61.7,3,1,3,2,4,73.2,47.4,12,0,0,5,0,,10,130
Career Switcher,Certification,Annual,No,94.4,3,79.6,11,1,4,0,5,33.7,75.8,16,0,0,4,0,,10,170
Working Professional,Hobby,Monthly,Yes,49.6,4,25.6,0,0,0,0,0,53.9,8.7,1,0,2,2,1,72.0,15,30
Working Professional,Hobby,Annual,No,95.4,0,76.5,10,0,6,1,2,63.9,70.6,1,0,0,5,0,,10,20
Working Professional,Hobby,Monthly,No,66.1,3,49.1,23,-1,4,3,2,82.5,30.3,21,0,2,2,1,52.0,15,330
Career Switcher,Get a Job,Annual,No,70.5,5,54.6,34,-1,1,0,1,0.0,37.1,4,0,1,4,1,51.0,10,50
Working Professional,Certification,Annual,Yes,53.7,8,83.8,2,0,13,4,2,97.7,81.4,4,0,2,3,0,,10,50
Student,Certification,Monthly,No,58.4,3,65.6,13,0,3,0,2,9.2,52.8,9,0,0,4,0,,15,150
Working Professional,Certification,Monthly,Yes,62.5,2,52.4,26,-1,3,1,0,74.9,34.2,4,0,2,4,1,5.0,15,75
Career Switcher,Get a Job,Annual,Yes,54.3,5,33.4,0,0,1,0,1,17.0,13.7,16,0,0,3,0,,10,170
Working Professional,Certification,Monthly,Yes,66.9,3,46.6,5,1,4,1,3,35.6,27.2,24,0,0,3,0,,15,375
Working Professional,Certification,Annual,No,63.9,0,36.6,25,-1,5,2,1,65.6,16.6,3,0,4,1,1,5.0,10,40
Working Professional,Certification,Monthly,Yes,97.8,0,68.1,2,1,4,1,5,29.8,56.5,1,0,0,4,0,,15,30
Career Switcher,Get a Job,Monthly,Yes,52.5,4,17.6,27,-1,2,0,1,0.0,4.7,0,0,1,2,1,20.0,15,15
Student,Certification,Monthly,No,71.5,2,54.8,7,1,1,0,7,43.2,37.4,1,0,1,4,0,,15,30
Working Professional,Certification,Monthly,No,73.7,2,96.4,1,1,8,1,3,30.3,94.4,1,0,0,5,0,,15,30
Student,Certification,Monthly,Yes,53.9,1,58.9,5,0,3,1,0,42.3,42.9,0,0,4,3,0,,15,15
Student,Get a Job,Annual,Yes,80.3,0,90.9,3,0,12,1,1,37.1,89.4,0,0,2,3,0,,10,10
Working Professional,Certification,Annual,No,64.0,3,74.2,3,1,8,1,4,42.3,66.5,5,0,1,4,0,,10,60
Working Professional,Get a Job,Annual,Yes,32.6,9,20.7,7,-1,1,0,1,0.0,6.3,9,1,3,2,1,5.0,10,100
Working Professional,Certification,Annual,No,79.9,2,76.7,6,0,14,3,3,75.9,70.9,24,1,1,4,0,,10,250
Working Professional,Certification,Annual,No,53.2,0,27.1,6,0,3,1,1,47.2,9.4,1,0,1,3,0,,10,20
Working Professional,Certification,Annual,Yes,54.3,3,58.9,0,0,5,0,1,43.1,43.0,9,0,1,3,0,,10,100
Student,Get a Job,Monthly,Yes,80.3,0,80.8,16,-1,10,1,0,59.4,77.3,6,0,3,4,0,,15,105
Working Professional,Certification,Monthly,Yes,64.8,6,37.9,6,0,3,3,0,45.4,17.9,5,0,1,2,0,,15,90
Student,Certification,Monthly,Yes,83.8,0,97.2,17,-1,5,2,1,48.0,94.9,10,0,3,5,0,,15,165
Student,Hobby,Monthly,Yes,88.2,0,68.4,17,0,3,2,2,63.3,57.0,2,0,0,4,0,,15,45
Working Professional,Certification,Annual,No,60.3,3,100.0,3,1,4,0,4,45.2,98.2,2,1,0,5,0,,10,30
Working Professional,Certification,Monthly,Yes,81.9,1,86.1,0,1,14,2,2,65.2,84.3,3,1,0,5,0,,15,60
Working Professional,Certification,Monthly,Yes,58.7,3,54.6,24,-1,3,2,1,76.8,37.0,1,0,3,3,1,64.0,15,30
Working Professional,Get a Job,Annual,No,100.0,2,100.0,14,-1,12,1,1,20.2,98.2,5,0,1,4,0,,10,60
Working Professional,Certification,Monthly,Yes,59.6,3,9.3,1,-1,0,0,1,25.2,2.3,1,1,4,1,1,5.0,15,30
Career Switcher,Get a Job,Annual,Yes,85.4,0,75.7,12,-1,7,4,0,100.0,68.9,3,0,0,4,0,,10,40
Working Professional,Certification,Annual,Yes,82.7,5,73.5,0,0,12,4,0,77.1,65.2,0,0,0,5,0,,10,10
Working Professional,Certification,Annual,Yes,74.7,3,51.4,0,1,3,1,1,1.5,33.4,0,0,0,4,0,,10,10
Student,Get a Job,Monthly,No,59.9,2,59.5,7,1,5,1,2,26.8,44.2,3,1,0,4,0,,15,60
Student,Get a Job,Monthly,Yes,67.7,4,50.8,1,1,2,0,3,14.4,32.7,7,0,0,3,1,68.0,15,120
Working Professional,Certification,Annual,No,37.7,9,46.0,33,-1,5,0,1,28.9,26.5,1,0,0,3,0,,10,20
Working Professional,Certification,Annual,No,73.4,1,63.7,22,-1,4,1,0,25.7,50.0,24,0,2,3,1,5.0,10,250
Working Professional,Certification,Monthly,Yes,75.2,0,87.3,10,0,6,0,1,19.2,85.6,2,1,0,5,0,,15,45
Working Professional,Get a Job,Monthly,Yes,72.0,3,64.2,0,1,5,0,5,0.0,51.0,0,0,0,4,0,,15,15
Working Professional,Certification,Annual,No,25.4,10,5.7,3,1,0,0,1,11.8,1.2,0,0,0,2,1,8.0,10,10
Working Professional,Hobby,Annual,Yes,51.0,1,59.0,4,0,2,1,2,36.8,43.2,8,0,0,3,0,,10,90
Career Switcher,Get a Job,Annual,Yes,58.8,2,59.7,6,0,3,0,1,11.1,44.3,8,1,1,3,0,,10,90
Working Professional,Certification,Annual,No,74.4,4,32.5,1,1,4,0,5,0.0,13.0,18,0,0,3,1,62.0,10,190
Career Switcher,Get a Job,Monthly,Yes,74.3,4,72.7,8,-1,11,2,0,73.7,64.0,0,0,2,4,0,,15,15
Student,Certification,Monthly,Yes,67.4,3,14.3,5,1,1,0,3,28.4,3.5,3,0,0,2,1,109.0,15,60
Student,Certification,Annual,No,79.5,0,100.0,29,-1,9,1,0,28.4,98.2,17,0,1,5,0,,10,180
Student,Certification,Annual,No,54.6,4,54.2,27,-1,6,0,1,15.4,36.5,12,0,4,3,1,41.0,10,130
Working Professional,Certification,Monthly,No,79.2,1,67.2,8,-1,7,2,0,50.5,55.1,2,1,1,4,0,,15,45
Career Switcher,Certification,Monthly,Yes,77.1,1,89.3,10,0,14,3,0,75.1,87.8,17,0,0,5,0,,15,270
Student,Get a Job,Annual,No,75.7,1,89.4,1,0,11,1,0,36.5,87.9,9,1,0,5,0,,10,100
Career Switcher,Get a Job,Monthly,No,67.3,2,95.9,2,1,10,4,2,100.0,94.0,2,2,1,5,0,,15,45
Student,Hobby,Monthly,Yes,97.5,1,100.0,23,-1,8,3,1,58.7,98.2,0,0,2,4,0,,15,15
Career Switcher,Get a Job,Annual,No,77.4,1,60.1,12,1,6,1,4,34.9,44.8,5,0,0,4,0,,10,60
Working Professional,Hobby,Monthly,No,55.5,5,49.6,2,1,6,1,4,18.9,31.3,9,0,1,3,1,205.0,15,150
Student,Certification,Annual,No,73.7,4,36.8,8,0,1,1,2,26.8,16.9,2,0,0,3,0,,10,30
Working Professional,Certification,Monthly,Yes,81.3,1,91.1,27,0,6,3,2,64.9,89.8,1,0,0,5,0,,15,30
Student,Certification,Annual,No,61.2,7,83.3,4,1,9,0,3,9.9,80.8,0,1,0,4,0,,10,10
Student,Certification,Annual,No,86.3,1,60.3,2,0,4,1,0,41.7,45.2,14,1,0,4,0,,10,150
Student,Hobby,Monthly,Yes,75.7,0,79.1,28,0,6,2,0,39.9,74.6,0,0,0,5,0,,15,15
Career Switcher,Get a Job,Annual,No,34.9,2,15.5,6,0,0,0,1,27.1,3.9,7,0,0,3,0,,10,80
Working Professional,Get a Job,Monthly,Yes,74.5,3,71.9,5,0,14,2,1,45.4,62.8,11,0,2,3,0,,15,180
Student,Get a Job,Monthly,No,63.9,3,63.2,3,-1,1,0,0,25.1,49.3,12,1,2,3,1,5.0,15,195
Working Professional,Get a Job,Monthly,No,78.1,0,97.6,22,-1,11,2,0,39.9,95.2,8,0,2,4,0,,15,135
Working Professional,Certification,Monthly,No,84.2,1,73.7,18,-1,12,4,1,100.0,65.4,8,0,2,4,0,,15,135
Student,Get a Job,Annual,Yes,72.9,4,52.7,5,1,2,0,0,15.8,34.6,5,1,0,3,0,,10,60
Working Professional,Certification,Annual,No,95.0,0,85.9,0,1,5,0,8,41.9,84.0,4,0,0,5,0,,10,50
Student,Certification,Annual,No,67.3,3,49.6,5,1,2,1,7,24.5,31.2,1,0,0,3,0,,10,20
Student,Certification,Annual,Yes,79.4,1,84.5,1,0,12,2,1,55.2,82.1,6,1,0,5,0,,10,70
Working Professional,Certification,Monthly,Yes,82.1,1,99.1,1,1,6,1,1,41.1,96.1,0,1,0,5,0,,15,15
Student,Get a Job,Annual,No,68.5,3,97.7,4,1,7,1,3,34.0,95.2,5,0,0,5,0,,10,60
Working Professional,Get a Job,Annual,No,81.7,1,72.7,1,0,11,0,3,22.7,64.0,10,0,0,4,0,,10,110
Working Professional,Get a Job,Monthly,Yes,61.1,4,98.0,31,1,8,4,2,100.0,95.4,4,3,0,5,0,,15,75
Student,Certification,Monthly,No,63.7,0,45.0,0,0,2,1,1,42.5,25.3,5,0,0,4,0,,15,90
Working Professional,Certification,Annual,No,50.3,3,72.4,5,1,5,1,3,60.0,63.4,14,0,1,4,0,,10,150
Student,Get a Job,Annual,No,73.6,6,45.1,1,1,5,4,2,100.0,25.4,8,1,1,4,0,,10,90
Career Switcher,Get a Job,Monthly,No,74.9,3,34.4,11,-1,6,2,0,54.3,14.5,1,0,1,3,1,109.0,15,30
Working Professional,Certification,Monthly,Yes,87.7,0,98.3,0,0,11,5,1,96.0,95.8,6,0,1,5,0,,15,105
Career Switcher,Get a Job,Annual,No,81.9,2,79.3,7,1,15,5,5,100.0,74.9,3,0,0,4,0,,10,40
Working Professional,Certification,Monthly,No,65.7,2,80.7,14,-1,6,1,1,41.4,77.1,1,0,0,5,0,,15,30
Student,Certification,Annual,Yes,52.3,0,70.0,29,-1,9,6,1,100.0,60.1,8,2,3,3,1,21.0,10,90
Working Professional,Certification,Annual,Yes,76.5,0,86.2,11,0,7,1,0,42.7,84.4,3,0,0,4,0,,10,40
Career Switcher,Certification,Annual,No,86.7,1,88.3,1,1,7,2,3,76.1,86.8,11,0,0,4,0,,10,120
Working Professional,Get a Job,Annual,No,81.3,0,96.3,0,1,5,1,3,42.2,94.3,7,0,0,4,0,,10,80
Career Switcher,Get a Job,Annual,No,86.3,4,93.9,13,1,14,4,1,100.0,92.3,0,0,0,5,0,,10,10
Career Switcher,Certification,Monthly,Yes,66.8,3,46.9,2,0,3,1,3,54.2,27.6,3,0,0,3,0,,15,60
Student,Certification,Annual,No,63.0,6,63.5,5,1,1,1,3,48.8,49.8,2,2,1,3,0,,10,30
Student,Certification,Monthly,Yes,58.9,2,85.0,37,-1,8,3,0,72.9,82.9,1,0,0,4,1,195.0,15,30
Working Professional,Certification,Monthly,Yes,69.2,1,55.9,17,-1,2,0,0,25.5,38.8,12,0,3,3,1,8.0,15,195
Working Professional,Certification,Annual,No,68.8,5,45.1,18,1,5,0,4,32.2,25.4,3,1,1,2,0,,10,40
Career Switcher,Certification,Annual,Yes,73.1,1,42.6,19,0,8,2,1,53.8,22.3,7,0,0,3,0,,10,80
Career Switcher,Hobby,Annual,No,68.1,2,72.0,9,-1,4,2,1,61.1,63.0,17,1,2,3,0,,10,180
Working Professional,Certification,Annual,Yes,68.0,2,50.2,13,0,2,0,2,29.3,31.9,6,0,2,3,0,,10,70
Student,Get a Job,Annual,No,58.3,2,62.2,4,1,0,0,3,0.0,48.0,2,0,0,4,0,,10,30
Working Professional,Hobby,Monthly,Yes,84.1,1,75.7,64,-1,11,0,2,32.1,68.8,12,0,1,4,0,,15,195
Student,Get a Job,Annual,Yes,71.1,2,78.5,3,1,12,3,3,82.4,73.6,4,0,1,4,0,,10,50
Career Switcher,Get a Job,Annual,Yes,67.4,2,58.0,8,0,2,0,1,28.6,41.5,6,0,0,4,0,,10,70
Working Professional,Hobby,Annual,No,58.8,3,83.6,3,1,8,2,5,57.6,81.1,18,0,1,3,0,,10,190
Working Professional,Certification,Annual,No,50.0,3,82.8,1,0,13,2,0,64.1,80.1,5,0,2,4,0,,10,60
Student,Get a Job,Monthly,Yes,89.6,0,78.7,8,0,5,1,1,56.5,73.9,3,0,0,4,0,,15,60
Working Professional,Get a Job,Annual,No,78.3,2,100.0,4,0,10,2,0,44.2,98.2,10,0,0,4,0,,10,110
Working Professional,Hobby,Monthly,Yes,45.6,10,19.9,8,0,0,0,1,17.0,5.9,1,0,1,2,0,,15,30
Working Professional,Certification,Monthly,No,81.4,1,84.0,8,0,11,5,2,93.3,81.6,19,0,0,5,0,,15,300
Student,Certification,Annual,No,83.8,1,68.3,7,-1,4,1,2,40.0,56.8,19,1,0,4,0,,10,200
Working Professional,Certification,Monthly,Yes,71.9,1,66.9,1,0,2,0,3,26.5,54.6,6,0,1,4,0,,15,105
Career Switcher,Certification,Annual,No,94.0,1,84.5,5,0,8,4,1,82.3,82.2,1,0,0,5,0,,10,20
Student,Hobby,Monthly,No,73.3,3,65.3,16,-1,4,1,3,31.5,52.5,4,0,2,3,0,,15,75
Student,Get a Job,Monthly,No,48.7,6,4.6,3,1,0,0,1,19.7,1.1,4,0,1,2,1,40.0,15,75
Student,Certification,Annual,No,75.5,0,50.2,5,0,5,1,1,38.2,31.8,2,0,0,4,0,,10,30
Working Professional,Certification,Annual,No,73.7,1,32.3,6,-1,8,3,1,92.8,12.9,1,0,0,3,0,,10,20
Working Professional,Hobby,Annual,Yes,61.0,5,65.0,19,-1,2,0,0,24.7,52.0,2,1,0,4,1,15.0,10,30
Working Professional,Certification,Annual,No,78.6,2,90.1,10,-1,9,0,0,59.4,88.6,6,0,1,5,0,,10,70
Student,Hobby,Monthly,Yes,45.0,2,41.9,1,1,3,1,3,25.0,21.7,9,0,0,3,0,,15,150
Working Professional,Certification,Monthly,No,84.9,2,73.9,20,-1,11,2,1,59.8,65.7,24,0,3,4,0,,15,375
Working Professional,Certification,Monthly,Yes,56.8,2,59.2,17,-1,4,1,0,30.0,43.6,1,0,2,2,0,,15,30
Working Professional,Certification,Monthly,Yes,55.2,11,41.0,14,0,6,1,1,45.5,20.8,1,0,0,3,0,,15,30
Career Switcher,Get a Job,Annual,No,68.3,0,82.3,6,1,9,2,4,50.2,79.3,0,0,0,5,0,,10,10
Student,Hobby,Monthly,Yes,76.5,2,69.4,14,1,5,0,3,7.8,58.8,22,0,0,4,0,,15,345
Working Professional,Certification,Monthly,Yes,72.5,4,78.6,6,1,6,1,0,33.3,73.7,3,0,0,5,0,,15,60
Working Professional,Get a Job,Annual,No,58.9,4,50.0,13,0,1,1,0,51.0,31.7,20,1,0,4,0,,10,210
Working Professional,Certification,Annual,No,62.4,0,86.5,21,-1,12,2,1,45.0,84.7,17,0,0,5,0,,10,180
Working Professional,Certification,Monthly,Yes,53.0,1,58.7,22,0,4,0,2,37.6,42.4,0,2,1,4,0,,15,15
Working Professional,Certification,Monthly,No,66.6,4,58.2,6,1,7,3,9,75.1,42.0,2,1,0,5,0,,15,45
Career Switcher,Get a Job,Annual,No,86.1,3,68.7,19,1,6,1,4,30.5,57.5,2,1,0,5,0,,10,30
Student,Certification,Annual,No,69.9,3,98.3,1,0,8,2,2,90.7,95.8,2,0,0,5,0,,10,30
Student,Get a Job,Annual,Yes,82.9,0,94.9,1,0,8,1,3,31.9,93.1,4,0,0,5,0,,10,50
Working Professional,Certification,Monthly,No,91.8,0,87.7,7,0,9,4,2,92.5,85.9,5,0,0,5,0,,15,90
Working Professional,Certification,Annual,No,61.2,0,59.8,10,0,3,0,1,31.3,44.4,11,0,0,4,0,,10,120
Student,Certification,Monthly,Yes,67.2,2,41.8,1,1,4,0,2,53.6,21.4,2,1,0,3,0,,15,45
Student,Get a Job,Monthly,No,100.0,2,90.1,6,1,9,7,4,100.0,88.5,2,0,0,5,0,,15,45
Student,Certification,Annual,Yes,91.7,1,79.0,0,0,7,3,0,100.0,74.4,7,0,1,4,0,,10,80
Career Switcher,Get a Job,Monthly,Yes,44.9,5,25.9,9,-1,0,1,1,50.2,8.8,1,1,1,2,1,5.0,15,30
Student,Get a Job,Annual,Yes,75.8,2,93.4,19,1,10,0,5,14.0,92.0,5,0,0,5,0,,10,60
Student,Hobby,Monthly,Yes,70.0,2,60.7,13,-1,7,6,0,100.0,45.8,2,1,2,3,1,5.0,15,45
Student,Hobby,Monthly,No,82.4,0,80.3,4,0,8,2,0,56.6,76.5,1,2,0,4,0,,15,30
Working Professional,Certification,Annual,No,58.8,3,83.7,50,-1,3,1,0,47.3,81.3,12,0,1,4,0,,10,130
Student,Hobby,Monthly,Yes,57.4,2,38.6,10,-1,5,1,0,56.3,18.7,9,0,2,3,1,17.0,15,150
Working Professional,Hobby,Monthly,Yes,59.9,4,21.9,16,-1,0,0,1,26.4,6.9,2,0,1,2,1,5.0,15,45
Student,Hobby,Monthly,No,61.4,4,39.1,11,-1,1,1,0,72.8,19.0,4,0,0,3,1,53.0,15,75
Career Switcher,Get a Job,Annual,No,82.2,1,82.3,45,-1,9,3,0,87.2,79.0,1,0,1,4,0,,10,20
Student,Hobby,Monthly,No,52.3,2,68.9,17,-1,4,1,0,52.1,57.9,0,1,6,1,1,5.0,15,15
Working Professional,Certification,Monthly,No,60.7,3,40.1,7,0,3,0,0,17.0,20.0,7,0,0,3,0,,15,120
Career Switcher,Get a Job,Monthly,Yes,43.2,7,80.3,4,0,13,2,1,71.7,76.6,3,0,1,5,0,,15,60
Working Professional,Get a Job,Monthly,No,85.1,0,82.7,11,-1,11,6,0,100.0,79.8,1,0,3,2,0,,15,30
Working Professional,Certification,Annual,Yes,89.1,1,82.3,8,0,5,0,2,22.1,78.9,0,1,0,4,0,,10,10
Student,Get a Job,Annual,Yes,65.1,5,29.2,9,-1,1,0,2,0.0,11.0,9,0,3,2,1,18.0,10,100
Student,Get a Job,Monthly,Yes,65.5,7,26.1,4,0,4,1,2,33.4,8.9,2,0,1,2,0,,15,45
Working Professional,Certification,Monthly,Yes,76.8,2,53.3,5,0,3,3,0,57.5,35.3,19,0,0,3,0,,15,300
Career Switcher,Certification,Monthly,No,92.1,1,100.0,8,0,8,2,2,65.2,98.2,1,2,0,5,0,,15,30
Working Professional,Hobby,Monthly,No,76.1,1,98.2,18,-1,7,3,0,81.6,95.5,2,1,4,3,1,5.0,15,45
Working Professional,Certification,Annual,Yes,59.5,3,55.0,14,0,3,0,3,24.1,37.7,15,0,2,3,0,,10,160
Working Professional,Hobby,Monthly,Yes,45.7,8,6.8,1,1,0,0,2,43.5,1.4,6,0,0,2,1,8.0,15,105
Working Professional,Hobby,Annual,No,53.3,0,49.4,2,1,2,1,0,68.3,31.1,0,0,0,4,0,,10,10
Student,Hobby,Monthly,Yes,71.1,6,83.4,0,1,10,3,1,67.4,81.0,6,1,0,5,0,,15,105
Working Professional,Get a Job,Monthly,No,60.2,2,44.9,0,-1,4,0,0,8.9,25.2,2,1,1,3,0,,15,45
Career Switcher,Get a Job,Annual,No,72.9,0,37.0,2,1,5,0,2,10.1,17.1,10,0,0,3,0,,10,110
Student,Hobby,Monthly,No,61.7,3,47.4,16,-1,0,0,1,33.4,28.2,0,0,0,3,0,,15,15
Working Professional,Certification,Annual,No,54.1,3,49.1,23,-1,4,0,0,24.7,30.6,19,0,2,3,1,219.0,10,200
Student,Get a Job,Annual,No,52.3,1,69.8,4,0,3,1,2,27.3,59.5,5,0,0,5,0,,10,60
Working Professional,Certification,Monthly,Yes,93.4,2,46.9,8,1,3,2,4,66.4,27.5,10,0,0,4,0,,15,165
Student,Certification,Annual,Yes,83.3,1,82.5,12,1,8,4,6,88.9,79.4,9,0,1,4,0,,10,100
Working Professional,Certification,Annual,No,96.0,2,69.5,30,-1,3,1,2,54.0,59.0,1,1,0,4,1,186.0,10,20
Working Professional,Get a Job,Annual,No,78.1,0,72.0,24,-1,12,4,1,100.0,63.0,16,0,0,4,0,,10,170
Student,Get a Job,Annual,No,63.6,4,70.1,0,1,12,2,3,49.5,60.3,2,0,1,4,0,,10,30
Working Professional,Certification,Monthly,Yes,89.9,3,60.5,2,0,4,2,0,47.4,45.5,1,1,1,2,1,36.0,15,30
Working Professional,Hobby,Annual,No,69.5,5,58.6,0,1,4,0,3,50.4,42.2,5,0,0,4,0,,10,60
Career Switcher,Get a Job,Annual,No,73.3,3,64.6,9,0,2,1,1,32.5,51.7,24,0,0,4,0,,10,250
Student,Hobby,Monthly,No,69.4,0,66.6,12,-1,2,0,0,41.2,54.4,3,0,1,4,1,29.0,15,60
Working Professional,Certification,Monthly,Yes,25.8,11,35.6,3,1,0,0,2,31.3,15.7,24,0,0,3,1,33.0,15,375
Student,Certification,Annual,No,94.1,0,88.6,19,-1,11,5,1,90.8,87.3,4,0,3,4,0,,10,50
Career Switcher,Certification,Monthly,No,77.4,3,90.8,6,-1,10,1,0,52.6,89.1,14,0,3,4,0,,15,225
Career Switcher,Certification,Monthly,Yes,74.9,5,37.4,64,-1,1,1,1,48.7,17.4,6,0,0,3,1,5.0,15,105
Working Professional,Hobby,Monthly,Yes,69.1,2,82.3,0,1,5,0,3,24.9,79.1,1,1,0,4,0,,15,30
Career Switcher,Get a Job,Monthly,No,72.5,0,31.3,1,1,4,1,7,33.3,12.2,16,0,0,2,1,28.0,15,255
Working Professional,Hobby,Monthly,Yes,61.0,1,62.4,3,1,1,0,2,38.4,48.2,0,1,0,3,0,,15,15
Working Professional,Get a Job,Monthly,No,79.2,0,69.8,0,-1,3,2,0,67.5,59.6,9,1,1,3,1,11.0,15,150
Student,Certification,Monthly,Yes,50.4,0,20.6,15,-1,3,1,2,62.6,6.3,14,0,2,3,0,,15,225
Working Professional,Certification,Annual,Yes,72.8,2,43.6,0,0,4,1,1,44.9,23.5,14,0,1,2,0,,10,150
Student,Certification,Annual,No,78.4,1,78.2,13,1,11,2,5,34.8,73.2,8,0,0,4,0,,10,90
Career Switcher,Get a Job,Monthly,No,67.0,4,82.7,0,-1,10,1,1,42.3,79.9,2,0,1,4,0,,15,45
Working Professional,Hobby,Monthly,No,75.6,1,100.0,2,0,10,4,0,100.0,98.2,6,1,1,4,0,,15,105
Working Professional,Get a Job,Annual,No,55.1,1,52.4,18,0,5,2,1,67.2,34.3,7,0,0,3,0,,10,80
Student,Get a Job,Monthly,No,55.5,4,27.2,30,1,0,0,5,7.3,9.6,17,1,0,2,1,5.0,15,270
Student,Certification,Monthly,No,73.6,2,28.9,5,1,3,1,6,51.0,10.8,1,1,0,3,0,,15,30
Student,Certification,Monthly,No,80.2,4,91.6,35,-1,11,5,0,100.0,90.2,5,0,3,5,1,23.0,15,90
Working Professional,Certification,Annual,No,41.9,9,35.6,9,0,2,0,2,31.7,15.7,3,0,0,2,0,,10,40
Student,Certification,Annual,No,77.8,0,70.9,5,0,14,0,0,49.7,61.5,4,0,0,4,0,,10,50
Career Switcher,Get a Job,Annual,No,61.9,1,31.5,16,0,6,0,1,0.0,12.3,1,1,0,3,0,,10,20
Working Professional,Certification,Annual,No,67.1,0,74.8,3,-1,7,2,1,53.9,67.5,1,0,0,5,0,,10,20
Student,Certification,Annual,No,49.9,7,6.6,3,0,0,1,3,51.9,1.3,11,0,0,3,0,,10,120
Working Professional,Get a Job,Annual,No,57.2,7,46.1,10,0,5,1,2,42.0,26.6,5,0,1,4,0,,10,60
Working Professional,Certification,Annual,No,84.5,1,87.1,4,0,11,1,1,36.8,85.5,5,0,1,4,0,,10,60
Working Professional,Certification,Monthly,Yes,70.5,3,15.0,1,1,2,0,3,23.2,3.7,18,2,0,2,0,,15,285
Working Professional,Certification,Annual,Yes,64.3,1,74.1,0,1,7,3,4,65.0,66.1,2,1,0,4,0,,10,30
Career Switcher,Get a Job,Annual,No,68.3,4,100.0,15,-1,8,2,1,52.6,98.2,3,0,1,5,0,,10,40
Working Professional,Certification,Annual,No,77.3,2,81.7,11,0,11,0,2,37.8,78.2,2,0,0,5,0,,10,30
Career Switcher,Certification,Monthly,Yes,76.6,0,79.5,5,1,9,1,4,44.4,75.4,8,0,0,4,0,,15,135
Career Switcher,Certification,Monthly,Yes,68.9,4,55.9,22,-1,2,0,1,49.5,38.7,6,1,3,3,1,5.0,15,105
Student,Get a Job,Annual,Yes,86.4,1,83.4,5,0,12,1,1,24.1,80.9,5,0,0,5,0,,10,60
Career Switcher,Certification,Annual,Yes,84.6,4,69.1,12,0,7,0,4,27.6,58.2,8,0,0,3,0,,10,90
Student,Certification,Annual,No,76.2,0,63.1,23,-1,6,1,2,56.0,49.2,5,0,0,4,0,,10,60
Career Switcher,Get a Job,Monthly,Yes,70.8,1,47.9,18,-1,3,1,0,38.4,28.9,13,1,1,2,0,,15,210
Working Professional,Certification,Annual,No,79.9,1,82.3,7,0,9,0,0,13.5,79.1,4,0,0,4,0,,10,50
Career Switcher,Certification,Annual,Yes,74.7,5,35.0,11,1,3,3,2,92.3,15.0,17,0,0,3,0,,10,180
Career Switcher,Certification,Annual,Yes,85.9,0,59.8,5,1,3,0,2,31.4,44.4,1,0,1,4,0,,10,20
Career Switcher,Get a Job,Annual,Yes,83.5,2,73.4,10,0,7,1,2,54.2,65.0,0,0,0,4,0,,10,10
Working Professional,Certification,Annual,Yes,54.7,1,28.3,2,-1,0,0,0,28.0,10.3,8,0,2,2,1,5.0,10,90
Student,Hobby,Monthly,No,53.7,6,68.4,5,0,4,1,3,67.4,57.2,3,1,1,4,0,,15,60
Student,Get a Job,Annual,No,59.5,2,0.0,2,0,1,1,1,31.4,0.4,4,0,1,1,1,104.0,10,50
Working Professional,Hobby,Annual,No,84.6,1,62.5,0,0,3,1,2,46.5,48.3,9,0,0,3,0,,10,100
Student,Certification,Monthly,Yes,46.4,6,46.2,8,-1,2,0,0,37.4,26.9,1,1,4,2,1,17.0,15,30
Working Professional,Certification,Monthly,Yes,75.9,2,76.7,19,-1,6,4,0,64.5,70.9,0,0,1,4,1,176.0,15,15
Student,Get a Job,Annual,No,75.4,1,82.8,0,1,3,2,3,39.8,80.0,4,0,0,4,0,,10,50
Career Switcher,Get a Job,Annual,No,87.4,2,78.1,2,0,6,1,0,28.2,72.8,18,1,0,4,0,,10,190
Working Professional,Hobby,Monthly,Yes,72.7,4,42.5,6,1,1,0,3,20.5,22.0,4,0,0,3,0,,15,75
Career Switcher,Get a Job,Annual,No,49.9,12,41.4,10,0,6,0,1,0.0,21.1,6,0,1,4,0,,10,70
Student,Hobby,Monthly,Yes,55.6,2,43.6,1,0,6,2,1,71.1,23.4,1,0,0,3,0,,15,30
Career Switcher,Get a Job,Annual,Yes,52.3,5,38.4,0,-1,8,3,0,77.1,18.3,4,0,0,4,0,,10,50
Career Switcher,Get a Job,Annual,No,61.9,8,68.1,7,1,3,0,2,6.6,56.6,5,2,0,5,0,,10,60
Working Professional,Get a Job,Monthly,Yes,67.3,2,16.4,17,-1,1,0,0,11.4,4.3,2,0,3,1,1,5.0,15,45
Working Professional,Certification,Monthly,No,52.5,2,49.3,0,0,4,3,2,82.6,30.8,1,1,0,4,0,,15,30
Working Professional,Hobby,Annual,Yes,92.1,1,72.2,4,1,9,5,2,94.2,63.3,3,0,0,4,0,,10,40
Student,Certification,Monthly,No,50.1,6,48.9,10,0,3,2,1,63.0,30.0,0,0,1,3,0,,15,15
Working Professional,Certification,Annual,Yes,90.2,1,72.7,1,1,12,4,2,97.0,63.9,1,0,1,5,0,,10,20
Working Professional,Certification,Monthly,No,87.8,0,85.6,2,0,9,7,5,100.0,83.8,10,1,0,5,1,65.0,15,165
Student,Certification,Annual,Yes,83.5,1,96.5,7,0,8,5,0,94.3,94.6,8,0,2,4,0,,10,90
Working Professional,Certification,Annual,No,59.6,4,64.2,30,-1,4,2,1,25.2,50.9,3,0,1,4,0,,10,40
Student,Hobby,Monthly,No,75.1,2,74.9,3,1,2,0,1,49.6,67.7,6,0,0,5,0,,15,105
Student,Certification,Monthly,No,50.8,8,67.6,6,-1,8,2,2,49.7,55.7,14,1,4,3,0,,15,225
Student,Certification,Annual,No,83.7,1,91.2,5,-1,10,4,0,100.0,89.9,14,0,0,5,0,,10,150
Career Switcher,Get a Job,Monthly,No,68.9,5,62.2,22,-1,4,1,1,42.4,47.9,8,0,0,4,0,,15,135
Working Professional,Hobby,Monthly,Yes,63.9,3,76.0,0,0,10,1,3,64.3,69.5,1,0,1,4,0,,15,30
Career Switcher,Get a Job,Annual,Yes,51.6,4,8.1,8,-1,1,0,1,17.1,1.9,1,0,0,2,1,75.0,10,20
Working Professional,Get a Job,Annual,No,32.8,10,25.4,18,-1,0,0,0,15.3,8.6,2,0,0,2,1,5.0,10,30
Student,Certification,Annual,Yes,54.4,3,61.2,44,-1,0,0,0,37.1,46.7,8,1,0,4,1,5.0,10,90
Working Professional,Certification,Monthly,No,86.7,0,57.8,11,0,7,3,1,83.5,41.3,2,1,0,4,0,,15,45
Working Professional,Certification,Monthly,Yes,64.0,2,59.4,4,1,2,0,3,32.6,44.0,4,1,1,3,0,,15,75
Student,Certification,Monthly,Yes,67.5,4,73.3,5,-1,6,1,1,35.8,64.8,13,0,1,5,0,,15,210
Working Professional,Certification,Annual,No,79.8,0,76.6,4,1,10,3,3,57.3,70.8,17,1,0,5,0,,10,180
Student,Get a Job,Annual,No,97.1,0,89.8,9,1,8,6,6,100.0,88.3,14,0,1,4,0,,10,150
Working Professional,Certification,Annual,No,89.9,2,95.3,13,-1,4,2,0,79.4,93.5,0,0,0,5,0,,10,10
Working Professional,Certification,Annual,Yes,55.4,2,81.8,17,0,10,1,0,43.1,78.5,19,0,2,4,0,,10,200
Student,Certification,Monthly,Yes,40.9,9,42.4,5,1,5,3,1,77.3,22.0,9,0,0,3,0,,15,150
Student,Certification,Monthly,Yes,100.0,0,100.0,12,0,14,1,2,25.2,98.2,7,1,1,4,0,,15,120
Working Professional,Certification,Monthly,No,100.0,1,72.5,24,-1,10,1,0,38.2,63.6,2,0,1,4,1,110.0,15,45
Working Professional,Certification,Monthly,No,72.8,4,47.2,25,-1,9,1,0,26.6,28.0,21,0,2,3,1,5.0,15,330
Student,Certification,Monthly,No,50.9,3,5.5,12,0,1,0,2,12.6,1.1,0,0,0,2,1,51.0,15,15
Career Switcher,Get a Job,Annual,Yes,84.4,1,64.0,10,0,5,3,1,86.0,50.5,0,0,0,4,0,,10,10
Student,Certification,Monthly,Yes,68.4,5,79.4,7,1,8,0,6,29.1,75.2,1,0,0,4,0,,15,30
Working Professional,Hobby,Annual,Yes,68.3,5,42.9,2,1,3,2,5,71.8,22.7,9,0,0,3,0,,10,100
Career Switcher,Get a Job,Annual,Yes,83.4,0,86.0,1,0,13,1,0,42.7,84.1,7,0,0,5,0,,10,80
Student,Hobby,Annual,Yes,75.0,0,83.6,6,-1,15,3,2,56.9,81.2,23,0,0,5,0,,10,240
Student,Get a Job,Annual,No,52.2,3,79.8,1,0,13,3,0,65.6,76.0,3,0,0,4,0,,10,40
Student,Get a Job,Annual,Yes,65.1,1,14.6,8,1,1,0,0,0.5,3.6,3,1,0,2,0,,10,40
Student,Get a Job,Monthly,Yes,79.9,1,85.3,10,-1,9,2,0,52.9,83.2,8,0,1,3,0,,15,135
Student,Certification,Annual,No,77.7,0,85.0,7,0,7,2,1,68.3,83.0,1,0,1,4,0,,10,20
Working Professional,Certification,Annual,No,73.9,7,37.8,0,0,2,0,2,39.2,17.8,4,0,3,2,0,,10,50
Student,Get a Job,Monthly,Yes,84.0,3,94.4,0,1,15,2,4,59.5,92.9,0,1,0,5,0,,15,15
Working Professional,Hobby,Monthly,Yes,64.6,3,27.0,1,0,2,1,0,61.1,9.4,7,0,0,3,0,,15,120
Career Switcher,Certification,Monthly,Yes,72.7,3,76.3,1,1,6,2,2,98.4,70.2,12,0,0,4,1,97.0,15,195
Career Switcher,Certification,Annual,Yes,19.4,5,0.0,45,-1,4,1,3,43.2,0.4,1,1,2,1,1,164.0,10,20
Working Professional,Get a Job,Annual,No,63.3,1,36.9,4,1,2,0,5,7.7,17.1,2,0,0,3,0,,10,30
Student,Get a Job,Annual,No,81.5,2,77.9,3,-1,8,3,0,76.6,72.6,1,0,0,5,0,,10,20
Working Professional,Get a Job,Monthly,No,64.1,1,59.4,0,0,3,2,1,63.2,43.9,7,1,2,4,1,48.0,15,120
Working Professional,Certification,Monthly,No,63.0,4,17.6,10,-1,1,0,2,47.1,4.8,6,2,1,3,1,24.0,15,105
Working Professional,Hobby,Annual,No,54.4,5,75.9,10,0,8,4,3,72.5,69.1,14,0,0,4,0,,10,150
Student,Certification,Monthly,Yes,85.1,2,91.3,1,1,10,0,2,24.1,90.0,24,1,0,5,0,,15,375
Career Switcher,Get a Job,Annual,Yes,78.2,1,100.0,25,-1,12,2,0,54.8,98.2,24,1,3,3,1,98.0,10,250
Working Professional,Certification,Annual,No,82.4,1,90.5,16,-1,10,2,0,42.7,88.9,0,1,3,4,0,,10,10
Student,Get a Job,Monthly,Yes,44.1,5,14.0,2,1,0,0,3,11.3,3.4,6,0,0,2,1,5.0,15,105
Working Professional,Certification,Annual,Yes,67.6,2,33.6,6,0,5,1,2,47.5,13.9,12,0,0,4,0,,10,130
Working Professional,Certification,Monthly,Yes,65.8,2,46.6,6,0,2,0,1,29.4,27.1,8,0,1,3,0,,15,135
Career Switcher,Certification,Annual,Yes,65.8,1,98.6,4,-1,8,2,0,87.6,96.0,18,0,2,5,0,,10,190
Working Professional,Get a Job,Monthly,No,60.8,2,56.0,17,-1,5,1,1,39.0,38.8,4,0,1,4,1,10.0,15,75
Working Professional,Get a Job,Annual,Yes,64.8,4,56.8,1,1,2,2,0,48.8,39.8,4,0,0,4,0,,10,50
Student,Hobby,Monthly,Yes,82.7,2,100.0,5,1,7,4,6,89.5,98.2,0,0,0,5,0,,15,15
Working Professional,Certification,Monthly,Yes,41.3,6,7.5,5,0,1,0,3,24.9,1.7,0,1,0,2,1,5.0,15,15
Working Professional,Get a Job,Annual,No,96.7,0,88.1,6,0,17,1,2,31.7,86.5,9,0,1,4,0,,10,100
Student,Get a Job,Monthly,No,77.3,0,87.7,19,0,6,0,3,8.3,86.1,5,0,0,4,0,,15,90
Student,Get a Job,Annual,No,69.4,2,74.1,2,1,7,3,3,82.1,66.3,8,0,1,4,0,,10,90
Working Professional,Certification,Monthly,Yes,83.6,1,92.8,1,1,9,1,4,49.0,91.4,2,1,0,5,0,,15,45
Student,Hobby,Monthly,Yes,48.2,2,24.1,9,0,1,0,1,71.7,8.0,15,0,2,2,1,67.0,15,240
Working Professional,Certification,Monthly,Yes,60.0,2,27.3,1,-1,2,0,0,24.5,9.7,18,0,2,2,1,25.0,15,285
Student,Certification,Annual,No,68.2,3,43.7,0,1,2,0,2,31.3,23.7,8,1,0,4,0,,10,90
Student,Certification,Monthly,Yes,90.5,1,92.6,5,1,7,3,4,78.5,91.3,2,1,1,5,0,,15,45
Student,Certification,Monthly,No,69.3,4,92.1,2,1,12,2,0,52.3,90.7,1,2,0,4,0,,15,30
Career Switcher,Certification,Monthly,Yes,76.8,3,61.7,4,1,3,2,0,54.0,47.4,7,0,0,4,0,,15,120
Career Switcher,Certification,Annual,No,61.2,1,29.2,3,0,2,1,2,59.9,11.0,22,0,1,2,0,,10,230
Career Switcher,Get a Job,Monthly,Yes,77.3,1,56.4,0,1,3,2,4,54.9,39.3,6,0,0,4,0,,15,105
Working Professional,Certification,Annual,No,95.2,2,68.5,8,1,3,1,4,31.7,57.2,14,0,1,4,0,,10,150
Student,Certification,Annual,Yes,84.9,1,94.2,0,0,13,1,1,71.7,92.7,6,0,0,4,0,,10,70
Working Professional,Hobby,Monthly,No,68.8,2,81.3,33,-1,10,4,0,61.9,77.8,8,0,0,4,0,,15,135
Working Professional,Certification,Annual,Yes,80.1,1,48.8,4,1,3,1,3,58.3,29.8,6,0,0,3,0,,10,70
Career Switcher,Hobby,Monthly,Yes,78.7,4,61.9,11,-1,4,2,0,57.0,47.7,6,0,2,3,1,23.0,15,105
Student,Hobby,Monthly,No,77.6,1,59.1,16,0,5,1,2,31.8,43.4,10,0,2,2,1,90.0,15,165
Working Professional,Certification,Annual,Yes,86.7,3,67.0,3,-1,2,0,1,24.3,54.7,4,0,1,4,0,,10,50
Student,Certification,Annual,No,86.6,3,76.7,13,0,10,3,0,71.6,70.9,18,0,0,3,0,,10,190
Student,Hobby,Monthly,No,68.1,1,47.1,17,-1,2,0,0,15.5,27.8,15,1,0,3,1,5.0,15,240
Working Professional,Hobby,Monthly,Yes,79.6,2,87.7,2,0,12,2,3,66.4,85.9,10,0,3,3,0,,15,165
Working Professional,Get a Job,Annual,No,64.3,0,16.5,48,0,1,0,2,13.3,4.3,10,0,0,2,1,14.0,10,110
Working Professional,Certification,Monthly,Yes,56.2,2,44.6,0,1,6,0,2,24.8,24.8,4,0,1,4,0,,15,75
Working Professional,Certification,Annual,No,66.0,4,82.3,2,0,7,4,1,97.1,79.2,14,0,0,4,0,,10,150
Working Professional,Get a Job,Annual,No,68.9,5,83.1,15,-1,8,4,1,100.0,80.6,21,1,0,4,1,104.0,10,220
Working Professional,Certification,Annual,No,45.1,13,50.0,2,1,2,0,8,49.4,31.6,12,0,1,3,0,,10,130
Career Switcher,Get a Job,Monthly,Yes,82.9,4,85.9,11,1,5,0,4,0.0,83.9,1,0,0,5,0,,15,30
Career Switcher,Certification,Monthly,Yes,28.5,4,15.2,19,-1,0,1,2,40.6,3.8,12,0,2,1,1,12.0,15,195
Working Professional,Certification,Monthly,Yes,100.0,0,82.6,31,-1,6,1,1,60.0,79.6,4,2,2,4,1,22.0,15,75
Student,Hobby,Monthly,Yes,92.5,0,100.0,6,0,9,4,0,88.1,98.2,7,0,1,4,0,,15,120
Working Professional,Get a Job,Monthly,Yes,66.1,4,44.4,35,0,2,2,2,37.0,24.5,24,0,0,2,0,,15,375
Working Professional,Certification,Annual,No,70.1,4,91.7,5,1,4,1,5,20.0,90.3,3,1,1,4,0,,10,40
Student,Get a Job,Annual,No,74.5,1,6.3,2,1,0,0,1,10.0,1.3,3,0,0,2,1,60.0,10,40
Career Switcher,Get a Job,Annual,Yes,61.2,4,66.4,7,1,1,1,1,51.4,54.2,2,0,1,4,0,,10,30
Student,Get a Job,Annual,No,72.9,4,67.9,10,0,2,0,2,5.7,56.3,1,0,0,4,0,,10,20
Career Switcher,Get a Job,Monthly,Yes,67.8,4,62.5,6,1,3,0,2,16.5,48.3,1,0,0,4,0,,15,30
Working Professional,Certification,Annual,No,68.6,5,63.8,8,0,1,0,2,31.2,50.2,5,1,2,3,0,,10,60
Working Professional,Certification,Monthly,No,72.7,4,65.5,5,1,4,3,1,83.7,52.7,19,1,0,5,0,,15,300
Working Professional,Certification,Annual,No,50.3,6,66.4,7,1,4,0,3,46.1,54.1,13,0,0,4,0,,10,140
Career Switcher,Get a Job,Annual,Yes,70.6,3,48.4,30,-1,3,2,1,69.4,29.4,1,0,0,3,1,64.0,10,20
Working Professional,Hobby,Monthly,Yes,72.5,0,49.6,6,1,7,1,0,63.6,31.2,6,1,0,3,0,,15,105
Working Professional,Hobby,Annual,Yes,71.9,2,27.8,2,0,1,2,0,50.8,10.0,15,0,0,3,0,,10,160
Student,Certification,Monthly,No,66.8,5,69.6,14,0,4,2,2,57.7,59.4,6,1,0,3,1,31.0,15,105
Working Professional,Certification,Annual,Yes,87.1,0,99.5,4,1,8,1,2,52.8,96.3,19,0,0,5,0,,10,200
Student,Get a Job,Annual,No,64.7,3,89.9,16,0,11,4,1,100.0,88.4,19,0,0,4,0,,10,200
Working Professional,Hobby,Monthly,Yes,73.4,7,38.6,0,-1,4,0,0,48.9,18.6,3,0,0,3,1,5.0,15,60
Working Professional,Get a Job,Annual,No,89.5,2,54.1,4,0,3,1,1,17.3,36.3,16,0,1,4,0,,10,170
Working Professional,Certification,Annual,Yes,68.8,5,62.5,0,0,5,0,3,48.0,48.4,7,1,1,2,0,,10,80
Student,Get a Job,Annual,Yes,73.2,4,31.9,0,0,3,1,1,18.0,12.6,5,0,0,2,0,,10,60
Student,Get a Job,Monthly,Yes,68.6,2,66.4,10,-1,4,2,1,52.5,54.2,11,1,1,4,0,,15,180
Working Professional,Get a Job,Annual,No,88.6,0,46.9,4,1,4,0,3,12.0,27.6,12,0,0,3,0,,10,130
Student,Hobby,Monthly,Yes,66.1,3,76.7,20,0,4,1,3,49.6,71.0,9,0,1,4,0,,15,150
Student,Get a Job,Monthly,No,89.3,0,82.3,7,1,3,1,1,49.2,79.0,13,0,0,5,0,,15,210
Student,Certification,Monthly,Yes,68.4,2,16.6,3,0,1,0,0,12.4,4.4,24,0,0,2,1,5.0,15,375
Career Switcher,Get a Job,Monthly,Yes,57.1,3,61.1,12,1,2,0,1,6.4,46.5,16,0,1,3,0,,15,255
Working Professional,Get a Job,Monthly,No,80.2,2,81.4,9,0,9,3,1,65.3,77.9,0,1,1,5,0,,15,15
Working Professional,Hobby,Annual,Yes,65.4,0,65.5,16,-1,5,1,0,52.0,52.7,15,1,1,4,1,36.0,10,160
Student,Get a Job,Monthly,No,79.3,1,92.0,10,-1,7,2,1,57.9,90.6,12,0,3,3,0,,15,195
Student,Hobby,Monthly,No,29.1,4,0.0,1,1,0,1,5,31.4,0.4,20,0,1,1,0,,15,315
Working Professional,Certification,Monthly,Yes,70.1,2,45.6,11,0,2,0,0,49.6,26.0,10,1,0,4,0,,15,165
Working Professional,Get a Job,Annual,Yes,63.1,5,53.2,4,1,5,3,0,95.8,35.3,16,0,0,4,0,,10,170
Student,Hobby,Annual,No,54.1,2,49.1,6,-1,3,1,1,51.1,30.4,0,1,1,3,0,,10,10
Student,Get a Job,Monthly,No,61.7,3,48.0,25,0,4,3,1,96.4,29.0,24,0,1,3,0,,15,375
Student,Hobby,Monthly,Yes,61.4,1,76.1,4,0,8,1,3,48.6,69.7,1,1,1,4,0,,15,30
Working Professional,Get a Job,Monthly,No,69.3,4,20.4,9,0,1,1,2,42.1,6.0,15,1,0,3,0,,15,240
Working Professional,Hobby,Monthly,No,49.5,2,20.6,4,1,0,0,3,52.9,6.2,21,0,0,3,0,,15,330
Student,Get a Job,Monthly,Yes,74.7,6,50.8,0,0,2,2,1,49.3,32.6,0,0,1,2,0,,15,15
Student,Certification,Monthly,No,90.5,0,78.4,6,0,8,2,3,66.5,73.3,19,1,2,4,1,51.0,15,300
Student,Hobby,Monthly,No,74.2,3,35.5,9,-1,3,1,0,52.5,15.4,14,0,1,3,0,,15,225
Career Switcher,Certification,Annual,No,82.1,3,100.0,5,0,11,5,2,89.6,98.2,20,0,0,4,0,,10,210
Student,Hobby,Monthly,No,86.4,1,94.7,4,0,8,7,3,90.8,93.0,1,0,1,3,0,,15,30
Working Professional,Certification,Annual,No,88.5,3,100.0,17,-1,3,3,0,82.5,98.2,12,0,1,5,0,,10,130
Working Professional,Hobby,Annual,Yes,98.1,3,89.6,0,1,7,2,1,55.8,88.1,5,0,0,5,0,,10,60
Working Professional,Get a Job,Annual,No,62.5,4,70.2,3,1,5,1,3,20.4,60.6,2,1,0,4,0,,10,30
Student,Get a Job,Annual,No,59.2,7,54.9,16,-1,5,1,0,40.8,37.6,11,1,1,4,1,87.0,10,120
Student,Get a Job,Annual,Yes,81.8,1,100.0,25,0,7,3,0,94.3,98.2,5,0,0,4,0,,10,60
Working Professional,Certification,Monthly,No,80.6,0,88.5,5,1,8,5,2,87.4,87.2,18,0,0,5,0,,15,285
Working Professional,Certification,Annual,Yes,81.6,1,77.1,21,-1,13,3,0,75.0,71.4,9,1,4,4,1,25.0,10,100
Working Professional,Certification,Monthly,No,98.3,0,100.0,2,1,6,2,4,82.8,98.2,1,0,0,5,0,,15,30
Working Professional,Get a Job,Annual,No,70.2,3,28.9,2,-1,0,0,1,0.9,10.8,2,1,0,4,0,,10,30
Student,Certification,Annual,Yes,76.4,3,69.0,18,-1,2,0,0,55.6,58.1,2,0,2,4,1,9.0,10,30
Career Switcher,Get a Job,Monthly,No,55.3,6,100.0,23,-1,6,1,0,31.8,98.2,3,0,0,5,0,,15,60
Working Professional,Certification,Annual,No,100.0,4,90.1,2,0,19,4,2,88.9,88.5,8,1,0,5,0,,10,90
Student,Certification,Monthly,Yes,65.0,1,2.3,0,1,0,1,3,24.1,0.8,17,0,0,2,1,120.0,15,270
Career Switcher,Certification,Monthly,Yes,65.4,3,75.4,0,0,8,1,1,24.6,68.3,7,0,0,4,0,,15,120
Working Professional,Certification,Monthly,Yes,64.8,3,34.5,3,-1,4,0,0,20.2,14.7,11,0,0,3,1,73.0,15,180
Working Professional,Certification,Monthly,Yes,60.3,6,43.5,14,1,4,0,5,43.3,23.3,3,0,1,4,0,,15,60
Working Professional,Get a Job,Annual,Yes,59.1,4,100.0,7,-1,12,2,1,83.4,98.2,5,1,0,4,0,,10,60
Career Switcher,Get a Job,Monthly,Yes,62.1,3,88.1,6,0,6,0,4,36.1,86.6,5,0,0,5,0,,15,90
Working Professional,Get a Job,Annual,No,49.5,10,55.0,8,-1,4,1,0,33.8,37.8,9,2,4,3,1,63.0,10,100
Student,Certification,Annual,No,58.2,2,42.9,22,1,3,1,2,39.7,22.5,5,1,0,3,0,,10,60
Student,Certification,Annual,No,99.2,1,75.6,0,0,11,4,2,75.2,68.7,3,1,1,4,0,,10,40
Career Switcher,Get a Job,Annual,No,81.0,2,83.3,11,0,13,2,3,71.1,80.8,2,0,1,5,0,,10,30
Student,Get a Job,Annual,No,83.9,3,93.0,26,0,8,5,1,100.0,91.6,2,0,0,5,1,71.0,10,30
Working Professional,Hobby,Monthly,No,87.7,1,74.9,2,1,9,1,4,46.4,67.6,24,0,0,4,0,,15,375
Working Professional,Hobby,Monthly,Yes,97.5,1,100.0,18,0,6,0,1,47.5,98.2,3,0,0,5,0,,15,60
Working Professional,Certification,Monthly,No,43.4,5,32.4,11,0,2,0,5,36.8,12.9,13,0,0,2,0,,15,210
Working Professional,Get a Job,Annual,Yes,51.6,7,84.8,0,1,7,2,3,53.9,82.6,0,1,0,5,0,,10,10
Career Switcher,Get a Job,Annual,Yes,57.9,0,39.4,2,1,5,1,0,34.0,19.2,0,0,0,3,0,,10,10
Student,Certification,Annual,No,63.0,1,46.6,9,0,5,1,1,36.2,27.2,9,1,1,3,0,,10,100
Student,Hobby,Annual,No,65.5,4,59.9,6,0,3,1,0,37.5,44.7,4,1,1,3,0,,10,50
Student,Get a Job,Annual,No,63.3,3,45.8,7,1,1,0,1,0.0,26.4,16,2,0,4,0,,10,170
Career Switcher,Certification,Monthly,No,73.3,3,76.0,2,1,10,3,3,52.9,69.4,15,1,0,4,0,,15,240
Working Professional,Get a Job,Monthly,Yes,70.5,4,76.4,11,0,8,3,2,88.6,70.3,11,0,1,4,0,,15,180
Student,Hobby,Monthly,Yes,59.2,5,50.2,3,1,4,1,8,46.4,31.9,13,0,0,3,0,,15,210
Career Switcher,Get a Job,Annual,No,37.4,8,34.9,4,1,4,2,1,48.6,14.9,16,0,0,3,0,,10,170
Career Switcher,Certification,Annual,No,55.1,6,95.8,4,0,13,2,3,41.6,94.0,12,1,0,5,0,,10,130
Career Switcher,Get a Job,Monthly,No,61.8,3,75.9,11,-1,14,2,2,47.6,69.2,5,0,1,4,0,,15,90
Career Switcher,Get a Job,Annual,Yes,66.3,3,68.0,0,1,3,1,6,28.9,56.5,2,0,0,5,0,,10,30
Student,Get a Job,Annual,No,53.1,4,80.9,2,-1,6,1,0,46.3,77.4,12,0,0,5,0,,10,130
Working Professional,Get a Job,Annual,No,62.6,1,88.6,2,0,12,3,1,78.2,87.3,3,0,0,5,0,,10,40
Working Professional,Hobby,Monthly,Yes,53.0,4,85.4,1,1,11,2,5,68.4,83.4,2,0,0,4,0,,15,45
Career Switcher,Certification,Monthly,No,68.1,7,53.6,2,0,4,2,2,83.4,35.6,1,0,1,4,0,,15,30
Working Professional,Hobby,Monthly,No,53.9,1,73.0,9,-1,14,3,0,72.5,64.5,7,0,1,4,0,,15,120
Working Professional,Certification,Monthly,No,57.3,3,49.0,13,1,6,1,1,33.5,30.3,2,1,0,4,0,,15,45
Working Professional,Certification,Monthly,Yes,50.4,1,53.9,10,0,4,1,3,43.7,36.1,3,0,0,4,0,,15,60
Student,Get a Job,Monthly,Yes,67.7,4,64.6,6,0,4,0,1,9.6,51.6,9,0,0,3,1,63.0,15,150
Working Professional,Certification,Annual,No,57.0,4,26.0,0,1,0,0,3,55.9,8.9,12,0,0,2,0,,10,130
Career Switcher,Get a Job,Monthly,Yes,83.6,0,85.5,31,-1,5,1,2,17.7,83.6,3,0,1,5,1,21.0,15,60
Career Switcher,Get a Job,Annual,No,76.1,0,69.6,1,0,6,0,4,21.2,59.3,14,1,0,4,0,,10,150
Student,Certification,Monthly,Yes,69.0,3,31.3,11,-1,5,0,1,3.9,12.1,0,1,3,2,1,5.0,15,15
Student,Get a Job,Monthly,No,58.0,6,70.9,24,-1,10,2,0,68.1,61.6,24,0,3,3,0,,15,375
Student,Certification,Monthly,Yes,75.7,0,76.1,11,1,8,2,3,53.9,69.7,4,2,0,3,0,,15,75
Working Professional,Certification,Monthly,Yes,80.4,2,83.3,2,1,9,2,3,87.4,80.8,3,0,0,4,0,,15,60
Career Switcher,Get a Job,Annual,Yes,72.1,3,50.3,3,1,6,1,0,41.7,32.1,20,0,0,4,0,,10,210
Student,Get a Job,Monthly,No,94.1,0,70.8,0,1,9,3,0,90.7,61.3,1,0,1,4,0,,15,30
Working Professional,Get a Job,Annual,No,76.9,3,81.8,9,-1,4,2,0,50.6,78.3,3,0,1,4,0,,10,40
Career Switcher,Get a Job,Annual,Yes,83.7,1,59.6,9,-1,2,1,0,53.1,44.2,3,0,1,3,0,,10,40
Working Professional,Certification,Annual,No,72.0,3,53.1,12,-1,8,5,0,100.0,35.1,4,0,2,2,0,,10,50
Working Professional,Certification,Annual,Yes,80.1,0,100.0,0,-1,9,0,0,60.2,98.2,15,0,2,4,0,,10,160
Working Professional,Certification,Annual,No,58.0,7,31.0,17,-1,6,0,0,15.0,12.0,15,0,3,1,1,5.0,10,160
Working Professional,Certification,Monthly,Yes,63.1,3,83.5,13,0,10,4,1,87.2,81.1,7,0,1,4,0,,15,120
Student,Certification,Annual,Yes,75.2,4,100.0,1,0,12,2,1,42.2,98.2,24,0,0,5,0,,10,250
Working Professional,Certification,Monthly,No,75.1,1,68.2,4,-1,4,1,1,35.9,56.7,14,0,1,4,0,,15,225
Working Professional,Certification,Monthly,Yes,77.6,0,84.9,10,-1,8,2,3,64.3,82.7,9,0,0,5,0,,15,150
Career Switcher,Get a Job,Annual,Yes,86.5,0,60.5,6,1,3,3,2,92.3,45.5,1,0,0,3,0,,10,20
Working Professional,Certification,Annual,No,48.6,5,3.3,1,1,2,1,6,53.0,1.0,6,0,0,2,0,,10,70
Working Professional,Get a Job,Annual,No,55.4,2,58.3,0,1,2,2,5,42.8,42.1,1,0,0,4,0,,10,20
Student,Get a Job,Monthly,Yes,73.4,4,63.2,15,-1,4,2,0,59.6,49.3,2,0,1,4,1,33.0,15,45
Working Professional,Hobby,Annual,No,59.1,3,43.7,1,0,4,0,2,47.8,23.6,9,0,0,3,0,,10,100
Student,Get a Job,Monthly,Yes,100.0,0,63.0,1,-1,2,0,1,19.5,49.1,1,0,0,4,0,,15,30
Student,Certification,Monthly,Yes,77.7,0,68.2,17,1,4,3,3,81.4,56.8,0,0,0,5,0,,15,15
Working Professional,Get a Job,Monthly,No,68.8,2,72.8,9,0,7,2,2,64.9,64.2,6,0,0,3,1,68.0,15,105
Career Switcher,Get a Job,Annual,Yes,62.3,2,73.0,9,0,5,3,0,82.6,64.4,0,0,2,4,0,,10,10
Student,Get a Job,Monthly,No,62.8,2,67.9,6,1,5,0,1,12.7,56.0,7,1,0,4,0,,15,120
Working Professional,Get a Job,Annual,Yes,70.5,3,47.3,8,0,4,0,5,35.8,28.1,18,0,0,3,0,,10,190
Career Switcher,Get a Job,Annual,No,71.7,4,33.5,9,-1,4,0,0,22.1,13.8,1,0,1,3,1,79.0,10,20
Student,Get a Job,Annual,No,63.1,7,81.3,34,-1,11,3,1,88.6,77.7,3,1,1,4,0,,10,40
Working Professional,Certification,Monthly,No,65.9,2,87.8,2,1,8,2,0,70.9,86.1,19,0,0,5,0,,15,300
Working Professional,Get a Job,Annual,Yes,90.2,4,72.1,2,-1,4,0,1,10.8,63.2,9,1,4,3,0,,10,100
Working Professional,Get a Job,Annual,Yes,90.8,2,77.6,0,-1,12,4,1,100.0,72.1,1,0,2,3,0,,10,20
Student,Get a Job,Annual,Yes,73.8,0,25.7,10,0,0,0,2,19.5,8.8,3,0,0,2,0,,10,40
Working Professional,Get a Job,Monthly,Yes,49.9,9,33.0,7,1,4,1,2,29.0,13.4,11,0,0,3,0,,15,180
Working Professional,Hobby,Annual,Yes,78.1,2,100.0,1,1,5,0,3,38.1,98.2,8,1,0,5,0,,10,90
Working Professional,Get a Job,Annual,No,93.3,0,94.2,4,-1,9,0,0,0.0,92.6,1,1,3,4,1,61.0,10,20
Student,Certification,Monthly,Yes,90.5,0,100.0,1,-1,7,0,0,41.6,98.2,0,0,2,4,0,,15,15
Working Professional,Get a Job,Monthly,No,81.0,0,74.1,4,1,9,2,2,70.7,66.2,9,0,0,5,0,,15,150
Student,Get a Job,Annual,No,91.3,0,60.4,30,0,1,0,3,16.0,45.4,7,1,0,4,0,,10,80
Working Professional,Hobby,Monthly,No,70.8,7,85.1,11,1,6,2,4,56.5,83.1,0,1,0,4,0,,15,15
Student,Get a Job,Annual,No,79.4,0,82.6,0,1,14,4,2,100.0,79.5,24,0,0,4,0,,10,250
Career Switcher,Hobby,Monthly,Yes,59.8,3,37.1,2,1,4,1,3,52.2,17.3,2,1,1,3,0,,15,45
Working Professional,Certification,Annual,No,74.4,2,92.4,0,0,13,1,2,61.4,91.1,3,0,2,4,0,,10,40
Student,Certification,Monthly,No,89.9,2,70.9,12,-1,4,1,0,60.5,61.6,1,0,2,4,0,,15,30
Student,Certification,Monthly,Yes,61.2,4,32.6,6,-1,4,3,1,53.5,13.1,14,0,1,3,0,,15,225
Student,Hobby,Annual,Yes,57.1,3,67.0,51,-1,5,1,0,36.8,54.9,24,0,0,3,0,,10,250
Career Switcher,Get a Job,Annual,No,71.5,4,29.0,13,-1,0,1,1,39.3,10.9,1,0,3,2,0,,10,20
Career Switcher,Get a Job,Annual,Yes,66.6,4,75.4,7,1,11,1,3,21.6,68.4,2,0,0,5,0,,10,30
Working Professional,Get a Job,Monthly,No,79.7,1,62.7,16,-1,5,2,0,69.2,48.6,9,0,1,3,0,,15,150
Working Professional,Get a Job,Monthly,No,63.2,6,60.0,12,-1,2,3,0,82.2,44.7,6,1,3,3,0,,15,105
Working Professional,Hobby,Monthly,Yes,95.8,1,84.8,2,1,7,7,3,100.0,82.4,0,0,0,5,0,,15,15
Career Switcher,Get a Job,Annual,Yes,50.7,2,60.3,7,1,4,1,6,35.3,45.2,21,0,0,5,0,,10,220
Working Professional,Certification,Monthly,Yes,88.8,0,60.7,8,1,6,2,4,58.5,45.8,7,0,1,4,0,,15,120
Working Professional,Certification,Monthly,No,58.5,4,51.1,6,1,6,2,1,43.7,33.1,2,0,0,4,0,,15,45
Working Professional,Certification,Monthly,Yes,43.1,8,45.6,1,0,1,1,0,36.8,26.1,5,1,0,4,0,,15,90
Working Professional,Hobby,Monthly,No,73.6,3,51.0,2,0,6,2,2,58.3,32.9,5,0,2,3,0,,15,90
Student,Certification,Annual,No,66.2,2,32.0,3,-1,10,2,0,57.8,12.7,5,1,0,4,1,5.0,10,60
Working Professional,Certification,Monthly,Yes,53.4,2,46.1,0,1,4,2,2,70.9,26.6,5,0,0,4,1,173.0,15,90
Working Professional,Hobby,Monthly,Yes,44.8,6,6.1,24,-1,1,1,1,40.4,1.2,6,1,3,2,1,5.0,15,105
Working Professional,Get a Job,Annual,No,69.9,2,11.4,11,1,0,0,7,9.7,2.7,3,1,0,2,1,19.0,10,40
Student,Get a Job,Monthly,Yes,84.6,2,77.4,11,-1,5,1,1,50.0,71.6,1,0,1,4,0,,15,30
Working Professional,Certification,Annual,No,78.8,1,81.5,8,0,9,3,0,87.3,78.0,8,2,0,4,0,,10,90
Working Professional,Certification,Annual,No,70.9,10,69.0,11,1,9,1,6,46.6,58.1,12,0,0,4,0,,10,130
Working Professional,Certification,Annual,No,77.2,3,87.0,40,-1,9,4,1,68.1,85.4,14,1,4,4,0,,10,150
Student,Hobby,Monthly,No,69.6,3,67.3,4,-1,5,4,1,59.4,55.3,0,0,1,3,0,,15,15
Working Professional,Certification,Annual,No,48.6,2,24.4,12,0,0,1,3,54.6,8.1,4,0,1,3,0,,10,50
Working Professional,Certification,Annual,No,48.7,9,56.9,4,0,4,3,0,86.1,40.0,24,0,0,4,0,,10,250
Working Professional,Hobby,Monthly,Yes,67.0,1,38.2,19,-1,5,3,0,40.8,18.2,0,1,3,3,0,,15,15
Working Professional,Certification,Monthly,No,67.6,4,48.7,19,-1,3,4,1,100.0,29.5,12,0,5,2,1,150.0,15,195
Working Professional,Certification,Monthly,Yes,82.8,3,100.0,23,-1,9,2,0,51.6,98.2,1,0,3,4,0,,15,30
Career Switcher,Get a Job,Monthly,Yes,81.4,2,74.2,0,1,10,5,1,100.0,66.3,13,0,0,3,0,,15,210
Student,Hobby,Monthly,No,79.1,0,78.3,3,0,3,4,1,93.3,73.3,8,0,0,4,0,,15,135
Career Switcher,Get a Job,Annual,Yes,65.8,2,63.1,1,1,3,1,7,42.3,49.2,10,0,1,3,0,,10,110
Working Professional,Certification,Monthly,Yes,49.3,9,42.5,6,-1,8,5,0,100.0,22.2,24,0,2,3,1,25.0,15,375
Student,Hobby,Monthly,Yes,76.2,1,82.1,6,-1,13,2,0,70.3,78.7,22,0,4,3,0,,15,345
Student,Get a Job,Annual,No,77.9,1,66.7,2,-1,5,0,0,6.4,54.6,2,0,2,3,0,,10,30
Student,Certification,Annual,No,34.2,7,18.8,12,-1,1,1,0,33.2,5.4,3,0,1,2,1,50.0,10,40
Working Professional,Certification,Annual,Yes,57.5,4,65.8,3,0,6,0,0,48.9,53.0,4,0,1,4,0,,10,50
Working Professional,Certification,Monthly,Yes,59.6,2,49.1,19,-1,3,1,0,64.9,30.5,1,0,1,3,1,123.0,15,30
Working Professional,Certification,Monthly,Yes,71.8,1,45.7,1,1,7,2,3,50.3,26.2,3,0,0,3,0,,15,60
Working Professional,Hobby,Monthly,No,57.9,4,36.4,4,0,4,0,1,32.0,16.3,24,0,0,3,1,237.0,15,375
Working Professional,Certification,Annual,Yes,69.4,0,78.9,9,-1,9,3,1,88.4,74.2,5,0,1,4,0,,10,60
Student,Certification,Annual,No,66.8,3,52.6,9,-1,3,1,0,34.6,34.4,24,0,0,3,0,,10,250
Student,Hobby,Annual,Yes,67.6,3,52.7,0,1,0,0,1,52.0,34.7,0,0,1,2,0,,10,10
Working Professional,Certification,Monthly,No,59.3,7,68.6,18,-1,5,0,0,14.6,57.4,0,0,1,4,1,187.0,15,15
Student,Certification,Annual,Yes,60.4,3,27.8,9,0,0,0,1,25.7,9.9,6,0,1,2,1,19.0,10,70
Student,Get a Job,Monthly,No,53.8,2,55.8,20,-1,3,1,0,44.8,38.6,10,0,1,4,1,50.0,15,165
Working Professional,Certification,Annual,Yes,75.7,1,100.0,20,-1,9,1,2,30.5,98.2,1,0,1,5,0,,10,20
Working Professional,Certification,Monthly,Yes,78.6,0,79.0,7,-1,9,3,1,66.2,74.5,5,0,0,4,0,,15,90
Career Switcher,Get a Job,Annual,No,58.4,1,59.4,24,0,6,1,0,38.8,44.0,16,0,0,4,0,,10,170
Career Switcher,Certification,Annual,No,92.8,0,83.0,18,-1,12,1,0,18.0,80.2,11,2,1,3,0,,10,120
Working Professional,Certification,Annual,No,65.3,1,76.2,31,-1,9,1,1,46.1,70.0,2,0,1,3,0,,10,30
Working Professional,Certification,Annual,No,93.0,3,83.0,19,-1,9,6,0,100.0,80.3,3,1,2,4,0,,10,40
Working Professional,Get a Job,Monthly,Yes,60.4,2,100.0,17,-1,5,1,0,43.6,98.2,2,0,0,5,0,,15,45
Working Professional,Certification,Monthly,No,39.6,8,28.5,6,0,1,0,3,29.3,10.5,10,1,0,4,1,5.0,15,165
Student,Certification,Annual,Yes,76.0,0,73.5,2,1,8,4,3,90.3,65.1,24,0,0,4,0,,10,250
Working Professional,Certification,Monthly,Yes,73.7,2,85.2,24,-1,11,5,1,100.0,83.1,2,1,1,4,0,,15,45
Career Switcher,Get a Job,Monthly,Yes,70.5,3,50.8,12,1,3,1,2,48.7,32.7,7,0,0,4,0,,15,120
Working Professional,Certification,Monthly,Yes,60.4,2,43.0,3,-1,8,4,0,88.6,22.9,24,1,1,3,1,41.0,15,375
Working Professional,Certification,Annual,No,69.5,3,31.2,4,-1,2,1,0,35.6,12.1,1,0,2,2,0,,10,20
Working Professional,Certification,Monthly,Yes,62.3,1,64.6,11,-1,5,1,0,57.9,51.6,8,0,3,3,0,,15,135
Student,Hobby,Monthly,Yes,65.5,1,45.9,6,1,1,0,3,57.0,26.4,3,0,0,4,0,,15,60
Working Professional,Certification,Monthly,Yes,82.6,0,68.3,0,0,2,0,0,50.7,56.9,24,1,0,4,0,,15,375
Student,Hobby,Monthly,No,72.8,2,43.7,1,0,2,0,0,48.8,23.7,0,3,1,2,1,5.0,15,15
Student,Certification,Annual,Yes,79.1,2,74.6,13,-1,7,2,0,54.7,67.0,4,1,1,4,0,,10,50
Student,Certification,Annual,No,66.5,3,71.7,3,-1,11,1,1,20.0,62.6,2,0,1,3,0,,10,30
Career Switcher,Certification,Annual,No,64.9,4,64.7,7,1,3,4,1,100.0,51.8,0,0,0,4,0,,10,10
Student,Certification,Monthly,Yes,52.7,4,52.1,14,-1,4,1,1,69.0,33.9,24,0,2,3,0,,15,375
Working Professional,Certification,Annual,No,64.4,3,66.2,13,0,4,1,1,33.5,53.7,6,0,0,3,0,,10,70
Student,Get a Job,Annual,No,20.2,6,23.4,1,1,1,0,3,11.9,7.5,9,1,0,3,1,42.0,10,100
Career Switcher,Get a Job,Monthly,Yes,61.1,1,59.1,1,1,4,0,2,7.8,43.4,7,0,0,4,0,,15,120
Student,Get a Job,Annual,No,68.8,2,41.7,8,-1,5,2,0,60.7,21.3,1,0,4,3,0,,10,20
Working Professional,Certification,Annual,No,78.5,1,70.1,13,0,9,3,2,69.0,60.4,1,0,0,3,0,,10,20
Career Switcher,Get a Job,Annual,No,66.0,4,58.0,1,1,1,0,4,16.9,41.6,7,0,0,4,0,,10,80
Career Switcher,Get a Job,Annual,No,75.2,1,82.3,4,1,9,2,3,48.7,79.1,12,0,0,5,0,,10,130
Student,Hobby,Monthly,No,37.3,8,40.2,20,-1,6,1,0,44.1,20.0,7,1,0,3,1,5.0,15,120
Career Switcher,Get a Job,Monthly,Yes,69.1,4,65.0,28,-1,9,2,0,68.7,52.1,6,1,1,3,1,5.0,15,105
Working Professional,Certification,Annual,No,44.8,3,17.6,6,1,2,0,3,0.4,4.8,10,0,0,2,1,10.0,10,110
Working Professional,Certification,Monthly,Yes,51.9,0,29.4,0,0,1,1,3,49.6,11.1,2,1,1,3,1,66.0,15,45
Student,Certification,Monthly,Yes,67.2,4,72.7,2,1,11,4,4,81.8,63.9,10,1,0,4,0,,15,165
Student,Get a Job,Annual,Yes,89.1,0,85.0,2,0,11,2,2,76.2,82.8,4,0,2,4,0,,10,50
Working Professional,Certification,Annual,Yes,75.6,1,94.5,2,-1,4,0,0,34.9,92.9,8,0,4,4,0,,10,90
Working Professional,Certification,Monthly,Yes,70.3,5,64.2,6,-1,1,2,0,48.2,50.8,2,0,1,4,1,5.0,15,45
Working Professional,Certification,Annual,No,69.7,1,91.1,8,-1,9,0,0,51.8,89.7,1,1,2,5,0,,10,20
Working Professional,Certification,Annual,No,59.3,4,50.7,1,0,1,0,1,30.3,32.5,0,0,0,3,0,,10,10
Working Professional,Hobby,Monthly,No,61.8,5,55.8,22,0,4,0,2,42.0,38.6,13,1,4,3,0,,15,210
Student,Certification,Monthly,No,76.4,0,91.9,9,0,6,2,4,73.3,90.5,1,0,2,4,0,,15,30
Working Professional,Certification,Monthly,No,49.2,2,37.9,9,0,6,1,1,35.9,17.9,3,0,1,3,0,,15,60
Student,Certification,Monthly,Yes,78.9,0,84.9,43,-1,11,6,2,100.0,82.6,11,0,0,4,0,,15,180
Working Professional,Get a Job,Monthly,No,64.2,4,23.2,9,-1,1,0,0,15.8,7.4,4,0,5,1,1,36.0,15,75
Working Professional,Hobby,Monthly,Yes,82.4,0,53.5,26,-1,1,0,1,30.4,35.5,1,1,2,4,1,5.0,15,30
Career Switcher,Get a Job,Monthly,No,84.4,2,74.2,3,1,9,2,2,55.7,66.6,1,0,0,4,0,,15,30
Student,Get a Job,Annual,No,44.9,9,25.3,2,1,2,0,5,0.0,8.5,4,1,0,3,1,147.0,10,50
Student,Hobby,Annual,Yes,61.3,5,17.6,7,0,1,0,1,44.6,4.8,6,0,0,2,1,81.0,10,70
Student,Certification,Monthly,Yes,57.2,5,54.4,7,1,4,3,8,72.3,36.7,3,0,0,4,0,,15,60
Student,Certification,Annual,No,42.8,9,34.8,2,0,2,0,1,34.7,14.8,18,0,0,2,0,,10,190
Student,Certification,Annual,Yes,54.5,6,53.8,12,1,4,1,8,19.5,35.9,0,0,0,3,0,,10,10
Career Switcher,Certification,Monthly,Yes,100.0,1,84.4,0,1,9,2,4,52.1,82.0,4,0,1,4,0,,15,75
Student,Get a Job,Annual,Yes,79.1,1,88.8,11,-1,10,2,1,50.2,87.5,10,1,2,5,0,,10,110
Student,Hobby,Monthly,Yes,98.8,1,56.0,6,-1,4,0,1,47.4,38.9,17,0,2,3,0,,15,270
Working Professional,Get a Job,Annual,No,82.4,0,89.8,11,1,6,0,2,4.0,88.2,3,1,0,5,0,,10,40
Working Professional,Certification,Annual,No,58.9,1,40.3,6,0,2,0,0,37.1,20.2,8,0,0,3,0,,10,90
Working Professional,Certification,Monthly,No,64.3,2,50.2,37,-1,5,0,0,22.0,32.0,6,0,3,3,0,,15,105
Student,Get a Job,Annual,No,78.8,0,70.1,4,0,11,3,2,100.0,60.2,1,0,0,4,0,,10,20
Working Professional,Certification,Monthly,Yes,76.6,1,96.1,40,-1,4,0,0,30.8,94.2,9,0,2,5,0,,15,150
Student,Get a Job,Annual,No,61.3,1,31.6,0,1,6,1,1,44.2,12.3,2,0,0,3,0,,10,30
Student,Certification,Monthly,No,47.4,6,45.7,11,1,3,0,1,28.3,26.3,12,0,0,3,0,,15,195
Career Switcher,Get a Job,Annual,No,100.0,1,100.0,6,1,8,3,2,94.2,98.2,16,1,0,5,0,,10,170
Student,Certification,Monthly,Yes,67.9,4,24.0,17,0,2,0,1,18.4,7.9,5,0,0,2,0,,15,90
Working Professional,Get a Job,Annual,No,65.1,3,43.3,15,-1,0,0,2,9.6,23.1,0,0,3,3,0,,10,10
Working Professional,Certification,Annual,No,71.7,2,67.2,16,-1,6,1,0,38.0,55.2,10,4,4,3,0,,10,110
Student,Get a Job,Annual,No,66.4,4,35.1,0,0,3,0,1,28.7,15.2,5,0,2,2,0,,10,60
Career Switcher,Get a Job,Annual,No,71.8,3,49.6,17,-1,4,1,1,23.1,31.2,0,1,4,2,0,,10,10
Student,Certification,Monthly,Yes,89.3,0,82.6,2,1,8,2,5,91.1,79.7,3,0,0,5,0,,15,60
Working Professional,Hobby,Annual,No,68.1,3,40.7,0,0,5,2,3,39.4,20.6,2,1,0,3,0,,10,30
Career Switcher,Get a Job,Annual,No,52.6,1,56.6,2,1,5,0,3,17.4,39.6,10,0,0,3,0,,10,110
Working Professional,Certification,Annual,Yes,67.6,3,74.0,6,-1,5,1,0,35.7,65.8,4,0,1,4,0,,10,50
Career Switcher,Hobby,Annual,No,63.0,4,53.4,13,1,1,1,1,53.8,35.5,7,0,1,2,0,,10,80
Student,Certification,Monthly,Yes,91.4,2,64.4,2,-1,3,2,0,57.4,51.5,5,0,4,3,0,,15,90
Working Professional,Hobby,Monthly,Yes,87.6,2,97.5,1,0,7,2,0,47.5,95.1,10,0,0,4,0,,15,165
Student,Certification,Monthly,Yes,71.6,4,82.8,10,0,17,4,1,91.2,80.0,10,1,1,5,0,,15,165
Working Professional,Certification,Annual,Yes,50.8,3,62.4,41,-1,3,0,1,23.7,48.2,4,1,0,4,0,,10,50
Career Switcher,Get a Job,Monthly,Yes,51.6,2,35.4,9,0,7,2,1,65.7,15.4,1,1,1,2,0,,15,30
Student,Certification,Annual,No,70.2,0,37.4,11,1,4,3,3,59.9,17.5,4,0,0,3,0,,10,50
Working Professional,Get a Job,Annual,Yes,75.0,0,44.5,8,0,5,2,3,64.7,24.7,1,0,1,3,0,,10,20
Student,Get a Job,Annual,Yes,64.4,3,43.2,15,-1,3,2,0,68.6,23.0,24,0,1,3,0,,10,250
Working Professional,Certification,Annual,Yes,62.8,2,76.3,37,-1,7,2,0,58.4,70.2,23,0,2,4,0,,10,240
Working Professional,Certification,Monthly,Yes,61.1,1,41.3,7,0,5,0,3,10.2,21.0,4,0,0,2,0,,15,75
Career Switcher,Get a Job,Monthly,No,69.6,3,35.9,5,0,4,1,0,52.3,15.9,0,0,1,2,1,15.0,15,15
Working Professional,Get a Job,Annual,No,34.3,4,40.3,19,-1,3,1,0,39.7,20.3,3,1,0,3,1,58.0,10,40
Student,Certification,Monthly,No,53.5,4,78.0,34,-1,5,1,0,34.2,72.8,18,0,2,5,0,,15,285
Student,Certification,Monthly,No,60.6,4,44.3,1,1,3,4,2,97.4,24.4,2,0,0,4,0,,15,45
Student,Hobby,Annual,Yes,88.1,2,87.6,8,-1,13,1,0,24.9,85.8,7,0,2,4,0,,10,80
Student,Certification,Monthly,No,57.8,5,37.6,15,-1,4,0,0,47.6,17.7,1,0,1,2,1,5.0,15,30
Student,Hobby,Annual,No,72.7,1,48.1,7,1,5,1,5,81.9,29.1,13,0,0,4,0,,10,140
Career Switcher,Certification,Annual,No,73.4,2,18.6,5,0,1,0,0,42.4,5.3,17,0,0,3,0,,10,180
Working Professional,Certification,Monthly,No,89.5,0,85.4,10,1,9,0,6,15.0,83.5,7,0,0,4,0,,15,120
Working Professional,Get a Job,Monthly,No,88.9,0,78.5,3,1,10,1,4,15.1,73.5,7,0,0,5,0,,15,120
Student,Certification,Annual,No,69.1,4,41.6,4,1,6,0,6,50.5,21.2,3,0,0,4,0,,10,40
Career Switcher,Get a Job,Annual,No,62.9,2,53.2,48,-1,1,0,0,8.5,35.1,9,0,0,3,1,32.0,10,100
Working Professional,Certification,Monthly,No,60.0,2,50.7,10,1,1,0,5,24.1,32.5,5,0,0,4,0,,15,90
Student,Certification,Annual,Yes,66.4,4,38.5,20,-1,2,0,0,47.5,18.4,10,0,2,2,1,5.0,10,110
Working Professional,Certification,Monthly,Yes,63.5,3,63.0,16,-1,5,1,1,36.1,49.0,24,0,3,3,0,,15,375
Working Professional,Certification,Annual,No,78.3,1,75.5,10,-1,8,2,1,71.4,68.6,13,0,1,4,0,,10,140
Student,Certification,Monthly,Yes,76.3,0,78.0,18,-1,6,1,0,45.4,72.6,5,0,2,4,0,,15,90
Working Professional,Get a Job,Monthly,Yes,78.9,2,58.1,3,0,7,2,1,62.5,41.7,24,1,0,3,0,,15,375
Working Professional,Certification,Monthly,Yes,88.9,1,78.1,10,1,4,2,4,84.4,72.9,7,0,0,4,0,,15,120
Student,Get a Job,Annual,No,97.9,2,77.3,8,0,5,0,3,5.1,71.5,0,0,0,5,0,,10,10
Career Switcher,Get a Job,Annual,No,71.9,6,38.5,9,1,6,1,2,29.2,18.5,10,0,0,4,0,,10,110
Career Switcher,Get a Job,Annual,No,86.5,3,88.0,1,0,9,4,2,100.0,86.4,13,1,0,5,0,,10,140
Working Professional,Certification,Monthly,Yes,64.7,2,12.8,3,0,2,0,1,12.0,3.1,1,0,0,2,0,,15,30
Working Professional,Certification,Monthly,Yes,87.8,0,72.8,3,1,9,1,1,59.0,64.1,9,0,1,4,0,,15,150
Working Professional,Certification,Monthly,No,85.9,1,84.6,9,-1,8,6,0,100.0,82.3,20,0,0,4,0,,15,315
Working Professional,Certification,Monthly,Yes,85.1,1,100.0,35,-1,10,2,0,59.9,98.2,2,0,0,4,0,,15,45
Working Professional,Certification,Annual,No,71.4,1,27.7,30,0,0,1,1,31.1,9.8,7,1,0,3,0,,10,80
Student,Hobby,Monthly,No,60.0,1,56.8,2,1,6,0,5,0.0,39.8,2,1,2,4,0,,15,45
Working Professional,Hobby,Monthly,Yes,49.1,0,33.2,3,1,5,0,4,27.5,13.6,11,1,0,3,1,5.0,15,180
Career Switcher,Get a Job,Annual,No,69.4,3,56.3,0,1,7,3,1,82.7,39.1,6,0,0,4,0,,10,70
Working Professional,Certification,Monthly,No,93.0,0,61.5,5,1,4,0,5,1.5,47.3,4,0,0,5,0,,15,75
Student,Certification,Annual,Yes,65.4,4,45.3,17,-1,6,0,1,67.4,25.6,0,0,1,3,0,,10,10
Working Professional,Get a Job,Monthly,Yes,81.8,0,43.4,24,-1,5,1,0,39.2,23.2,23,1,1,3,1,118.0,15,360
Student,Certification,Monthly,Yes,82.7,1,80.1,2,1,10,2,7,68.2,76.4,5,0,0,5,0,,15,90
Student,Get a Job,Monthly,Yes,65.7,3,26.7,3,1,3,0,0,8.5,9.2,13,0,0,3,0,,15,210
Student,Hobby,Monthly,Yes,89.7,1,86.8,2,0,6,0,3,51.1,85.2,3,0,1,5,0,,15,60
Student,Get a Job,Annual,No,26.4,8,15.2,4,1,2,1,8,32.0,3.8,15,0,0,3,0,,10,160
Working Professional,Certification,Monthly,Yes,51.7,3,40.0,16,-1,6,1,0,42.6,19.9,1,0,2,3,1,96.0,15,30
Working Professional,Certification,Monthly,No,56.3,5,58.3,10,-1,6,0,0,51.1,42.0,2,0,3,3,1,41.0,15,45
Student,Certification,Annual,No,57.7,3,60.2,15,-1,3,2,1,76.5,45.1,3,1,0,4,1,34.0,10,40
Career Switcher,Get a Job,Annual,Yes,75.0,1,93.1,8,0,10,3,0,84.9,91.6,0,0,1,4,0,,10,10
Career Switcher,Hobby,Annual,Yes,74.4,4,49.8,2,1,2,0,2,70.3,31.5,4,0,1,3,0,,10,50
Career Switcher,Get a Job,Monthly,Yes,75.9,1,78.4,2,0,18,3,0,84.2,73.4,5,0,0,4,0,,15,90
Student,Certification,Annual,No,78.9,1,59.2,0,0,4,3,2,67.4,43.7,0,0,0,3,0,,10,10
Working Professional,Certification,Annual,Yes,55.7,7,84.0,15,-1,9,3,2,76.9,81.6,4,0,1,4,0,,10,50
Career Switcher,Get a Job,Annual,Yes,51.7,2,36.3,18,-1,4,0,1,13.0,16.2,1,0,1,3,0,,10,20
Working Professional,Certification,Monthly,No,75.9,1,90.9,14,-1,7,4,0,72.1,89.3,16,0,2,4,0,,15,255
Student,Get a Job,Monthly,No,60.5,2,69.6,0,0,6,0,2,14.9,59.3,5,1,0,4,0,,15,90
Student,Get a Job,Monthly,Yes,46.4,6,31.0,14,-1,3,1,1,56.1,11.9,24,0,1,3,1,66.0,15,375
Working Professional,Certification,Monthly,Yes,84.6,1,76.4,0,0,10,2,2,74.3,70.5,3,0,1,5,0,,15,60
Career Switcher,Get a Job,Monthly,No,90.9,0,74.6,1,1,3,2,0,66.6,67.0,3,1,0,4,0,,15,60
Working Professional,Get a Job,Annual,No,93.4,0,79.0,5,1,5,1,5,39.8,74.5,3,0,1,4,0,,10,40
Working Professional,Certification,Annual,No,72.8,1,16.9,6,1,1,0,5,15.0,4.6,2,0,0,3,0,,10,30
Student,Hobby,Annual,No,79.4,5,79.6,16,-1,7,2,2,45.1,75.8,12,1,2,4,0,,10,130
Working Professional,Get a Job,Annual,No,90.5,1,100.0,11,0,8,2,1,61.6,98.2,2,0,1,5,0,,10,30
Career Switcher,Get a Job,Monthly,Yes,60.4,2,50.5,1,0,7,0,1,5.7,32.3,2,0,0,4,1,41.0,15,45
Working Professional,Get a Job,Annual,No,86.7,1,79.5,2,1,8,1,5,20.5,75.5,0,1,0,4,0,,10,10
Working Professional,Get a Job,Annual,No,74.1,5,34.5,3,0,2,1,1,31.5,14.7,24,1,0,3,0,,10,250
Career Switcher,Get a Job,Annual,No,83.7,2,82.8,1,1,4,2,5,64.5,80.0,17,0,0,5,0,,10,180
Student,Hobby,Monthly,Yes,72.8,0,39.4,3,0,2,0,1,48.7,19.3,2,0,1,3,1,78.0,15,45
Working Professional,Get a Job,Annual,Yes,89.4,0,92.7,13,-1,8,5,1,100.0,91.3,5,1,0,5,0,,10,60
Student,Get a Job,Annual,No,73.4,1,77.8,2,0,11,4,2,100.0,72.5,5,1,0,5,0,,10,60
Working Professional,Certification,Annual,Yes,47.7,10,45.4,18,0,3,0,4,36.2,25.8,0,1,0,3,0,,10,10
Working Professional,Certification,Monthly,No,91.8,0,58.3,6,0,3,2,3,41.0,42.1,6,0,2,3,0,,15,105
Working Professional,Certification,Monthly,No,55.8,2,69.5,3,0,5,1,0,33.4,58.9,0,0,1,5,0,,15,15
Working Professional,Certification,Monthly,No,88.8,1,89.7,5,1,12,2,4,59.8,88.2,4,2,0,4,0,,15,75
Working Professional,Get a Job,Annual,No,68.6,3,46.7,12,0,5,1,2,25.9,27.4,0,0,1,2,0,,10,10
Career Switcher,Get a Job,Annual,Yes,87.6,0,97.9,7,-1,8,4,0,100.0,95.3,7,0,0,4,1,58.0,10,80
Working Professional,Certification,Annual,No,87.0,2,86.2,0,-1,14,3,2,100.0,84.5,0,0,1,4,0,,10,10
Student,Certification,Monthly,No,76.5,2,100.0,25,-1,18,3,1,52.4,98.2,7,0,2,4,0,,15,120
Working Professional,Certification,Monthly,Yes,77.6,1,61.0,0,1,3,1,3,66.4,46.2,9,0,0,4,0,,15,150
Working Professional,Certification,Annual,No,76.3,2,69.3,27,0,5,0,3,35.1,58.7,6,0,2,3,0,,10,70
Student,Get a Job,Annual,Yes,39.8,8,26.4,0,0,0,0,5,0.0,9.1,5,1,0,4,0,,10,60
Career Switcher,Get a Job,Monthly,No,71.8,2,78.5,14,1,7,2,5,66.8,73.5,0,1,0,4,0,,15,15
Career Switcher,Get a Job,Annual,No,53.3,2,64.1,7,-1,3,2,0,60.4,50.7,0,1,2,4,0,,10,10
Student,Hobby,Monthly,Yes,72.6,3,36.0,7,0,4,0,1,58.1,16.0,3,0,0,3,0,,15,60
Career Switcher,Hobby,Annual,No,52.9,5,90.5,0,1,12,1,6,59.9,88.9,11,0,0,5,0,,10,120
Student,Hobby,Monthly,No,52.2,1,49.1,2,-1,3,3,1,72.9,30.5,8,0,5,2,1,43.0,15,135
Student,Hobby,Monthly,Yes,94.1,1,66.3,15,0,2,1,1,45.4,53.8,1,2,0,4,0,,15,30
Student,Certification,Annual,Yes,86.0,0,68.4,22,-1,2,0,0,47.5,57.1,9,0,0,5,0,,10,100
Career Switcher,Certification,Annual,No,69.9,1,28.4,7,-1,0,2,1,54.1,10.4,6,0,0,3,0,,10,70
Working Professional,Certification,Monthly,Yes,72.8,3,10.1,4,0,3,2,3,39.0,2.5,1,0,2,2,1,35.0,15,30
Student,Certification,Monthly,No,66.3,3,52.7,0,1,1,1,5,16.6,34.6,11,1,0,3,0,,15,180
Working Professional,Certification,Annual,No,78.5,3,56.7,11,1,6,0,2,11.5,39.7,14,1,0,4,0,,10,150
Working Professional,Certification,Monthly,Yes,59.9,8,61.3,3,0,4,0,1,42.0,46.9,2,0,1,3,0,,15,45
Student,Hobby,Monthly,No,84.9,1,94.8,0,0,7,4,0,74.6,93.0,8,1,0,5,0,,15,135
Career Switcher,Get a Job,Annual,No,66.2,3,62.5,10,-1,3,0,0,2.3,48.4,3,0,2,3,0,,10,40
Career Switcher,Get a Job,Monthly,No,63.7,4,55.9,6,1,1,1,2,30.7,38.7,0,2,0,4,0,,15,15
Working Professional,Hobby,Monthly,Yes,70.3,6,24.2,0,0,0,1,2,62.4,8.0,15,1,0,2,1,58.0,15,240
Career Switcher,Get a Job,Monthly,Yes,61.1,6,71.9,1,-1,6,2,0,66.3,62.9,13,0,1,3,1,167.0,15,210
Working Professional,Certification,Annual,No,74.9,3,93.9,12,1,11,2,3,62.4,92.4,3,1,0,5,0,,10,40
Career Switcher,Certification,Monthly,Yes,61.9,4,83.2,0,0,8,3,2,66.0,80.6,6,0,1,4,0,,15,105
Working Professional,Certification,Monthly,No,77.0,3,60.0,20,-1,4,0,1,24.1,44.8,5,1,0,4,1,41.0,15,90
Working Professional,Certification,Monthly,No,88.2,2,78.8,3,1,11,3,4,73.0,74.1,1,0,1,4,0,,15,30
Student,Get a Job,Annual,No,59.2,1,49.3,0,1,3,0,2,1.1,30.8,1,0,0,3,0,,10,20
Career Switcher,Get a Job,Annual,No,68.0,1,47.0,14,-1,1,0,0,8.9,27.7,14,0,0,4,0,,10,150
Working Professional,Hobby,Monthly,No,76.9,0,80.4,7,-1,9,2,0,45.8,76.7,16,0,2,4,0,,15,255
Student,Certification,Annual,No,63.5,2,98.3,3,-1,6,1,0,50.5,95.7,10,1,5,4,0,,10,110
Student,Certification,Annual,Yes,77.0,0,81.6,5,-1,8,4,0,97.2,78.1,0,0,0,4,0,,10,10
Working Professional,Get a Job,Annual,Yes,78.3,0,73.3,0,1,15,1,0,46.2,65.0,19,0,0,4,0,,10,200
Working Professional,Get a Job,Annual,No,86.2,1,84.5,10,0,7,4,2,100.0,82.1,24,2,0,5,0,,10,250
Working Professional,Hobby,Monthly,Yes,60.9,5,28.7,4,1,0,0,1,43.4,10.6,11,0,0,3,0,,15,180
Career Switcher,Get a Job,Monthly,Yes,55.9,2,40.7,12,0,2,0,1,1.6,20.6,3,0,0,3,0,,15,60
Student,Certification,Monthly,Yes,65.4,3,74.7,9,1,7,1,2,44.3,67.4,4,0,0,5,0,,15,75
Working Professional,Get a Job,Annual,No,55.5,5,58.8,10,0,12,2,2,49.8,42.6,16,0,1,3,0,,10,170
Student,Certification,Annual,No,78.5,0,100.0,15,0,10,3,1,49.4,98.2,2,1,0,5,0,,10,30
Career Switcher,Certification,Monthly,No,52.6,6,60.4,9,0,10,4,1,86.0,45.3,1,0,0,4,0,,15,30
Career Switcher,Get a Job,Monthly,No,100.0,1,61.3,5,1,2,0,1,5.0,47.0,13,0,0,5,0,,15,210
Working Professional,Get a Job,Annual,No,89.4,1,56.2,4,0,3,2,2,66.1,39.1,1,0,2,3,0,,10,20
Working Professional,Certification,Annual,Yes,70.2,3,75.0,1,0,13,2,2,45.6,67.8,19,0,0,4,0,,10,200
Student,Hobby,Monthly,No,83.0,0,64.4,15,0,7,5,2,100.0,51.3,7,0,0,4,0,,15,120
Working Professional,Certification,Annual,Yes,45.4,5,8.0,14,-1,1,1,0,37.8,1.9,6,0,0,2,1,5.0,10,70
Career Switcher,Certification,Monthly,No,100.0,0,72.3,2,1,9,2,7,58.9,63.3,11,0,0,5,0,,15,180
Working Professional,Certification,Monthly,Yes,61.1,3,74.9,19,-1,6,0,1,21.5,67.7,0,0,1,4,0,,15,15
Working Professional,Hobby,Annual,Yes,68.2,4,47.6,8,0,2,3,2,81.7,28.6,10,1,0,3,0,,10,110
Working Professional,Certification,Monthly,No,42.2,4,12.4,6,1,1,0,3,26.8,2.9,7,0,0,2,1,37.0,15,120
Career Switcher,Get a Job,Monthly,No,77.3,4,98.2,0,0,16,5,3,100.0,95.6,5,0,0,5,0,,15,90
Student,Get a Job,Annual,Yes,53.4,1,75.8,4,0,8,3,4,66.7,69.1,1,0,0,4,0,,10,20
Student,Get a Job,Annual,No,71.5,6,88.3,10,1,11,1,9,40.7,87.0,14,0,1,4,0,,10,150
Working Professional,Hobby,Monthly,Yes,61.8,3,82.0,0,0,7,2,2,69.7,78.6,2,0,0,3,0,,15,45
Career Switcher,Certification,Annual,No,53.8,4,76.2,6,1,9,9,0,100.0,69.9,5,0,0,4,0,,10,60
Student,Certification,Annual,No,57.9,1,40.0,50,-1,8,3,0,71.8,19.8,1,1,2,2,1,5.0,10,20
Student,Get a Job,Monthly,Yes,73.4,1,68.2,12,-1,5,1,0,31.8,56.7,24,1,2,3,0,,15,375
Student,Get a Job,Annual,No,50.8,3,79.3,7,0,9,3,1,92.8,75.0,1,0,0,5,0,,10,20
Student,Hobby,Monthly,Yes,58.8,6,92.1,7,1,9,3,5,68.5,90.7,13,0,0,5,0,,15,210
Working Professional,Certification,Monthly,No,79.9,1,82.6,0,0,12,1,0,61.9,79.5,2,1,1,4,0,,15,45
Working Professional,Certification,Annual,No,100.0,1,72.6,31,-1,7,5,0,100.0,63.8,2,0,1,4,0,,10,30
Working Professional,Certification,Annual,Yes,77.2,2,66.7,26,-1,8,5,0,100.0,54.5,4,1,1,5,1,30.0,10,50
Working Professional,Get a Job,Monthly,Yes,56.2,2,74.6,11,-1,6,0,0,13.7,67.1,14,0,5,3,1,90.0,15,225
Working Professional,Certification,Monthly,No,64.5,7,41.7,1,0,3,1,0,65.9,21.3,9,0,0,4,0,,15,150
Career Switcher,Get a Job,Annual,No,70.5,1,57.1,2,0,8,1,3,46.8,40.1,16,1,0,5,0,,10,170
Working Professional,Get a Job,Annual,Yes,64.8,2,37.4,2,1,1,1,1,34.5,17.5,0,0,0,4,0,,10,10
Career Switcher,Hobby,Monthly,Yes,83.5,1,77.6,7,0,20,0,1,34.4,72.1,24,0,0,4,0,,15,375
Working Professional,Certification,Monthly,Yes,73.3,2,63.8,2,0,4,2,1,41.9,50.1,0,0,0,3,0,,15,15
Student,Get a Job,Annual,Yes,83.6,0,84.0,11,1,8,3,1,91.9,81.7,10,1,0,4,0,,10,110
Working Professional,Certification,Monthly,Yes,65.3,3,69.8,7,0,8,2,3,33.2,59.5,1,1,0,4,1,60.0,15,30
Student,Hobby,Monthly,Yes,89.9,4,59.4,0,1,5,2,4,85.6,44.0,14,0,1,3,0,,15,225
Working Professional,Certification,Annual,No,67.5,3,52.7,13,-1,4,2,1,72.6,34.7,15,1,2,3,0,,10,160
Student,Certification,Annual,No,55.4,2,45.6,2,0,3,1,2,33.8,26.1,6,0,0,2,0,,10,70
Student,Get a Job,Annual,No,100.0,0,65.3,17,-1,1,0,1,22.3,52.4,4,0,0,5,1,5.0,10,50
Career Switcher,Get a Job,Monthly,No,42.6,7,13.8,4,1,0,0,3,15.5,3.3,12,0,1,2,1,5.0,15,195
Student,Certification,Annual,No,58.9,1,37.1,4,1,1,0,2,37.0,17.2,16,2,0,3,0,,10,170
Career Switcher,Certification,Monthly,Yes,60.6,1,62.0,0,0,2,0,0,26.0,47.8,10,0,0,4,1,65.0,15,165
Student,Hobby,Monthly,No,100.0,0,86.0,44,0,12,2,2,68.3,84.2,18,1,1,4,1,103.0,15,285
Working Professional,Get a Job,Annual,No,97.1,0,93.1,9,0,11,3,1,70.8,91.7,7,0,0,5,0,,10,80
Working Professional,Certification,Monthly,No,92.4,0,84.9,5,-1,7,7,1,100.0,82.7,8,0,0,5,1,81.0,15,135
Working Professional,Hobby,Monthly,Yes,65.0,3,58.2,1,1,1,0,1,29.8,41.9,6,0,0,3,1,53.0,15,105
Student,Certification,Monthly,No,100.0,2,81.2,12,0,11,0,3,25.7,77.7,5,0,0,5,0,,15,90
Student,Hobby,Monthly,No,75.5,1,90.1,3,0,9,3,1,59.7,88.6,8,0,0,5,0,,15,135
Student,Get a Job,Monthly,No,84.7,0,48.4,44,-1,5,2,0,53.6,29.4,6,0,4,2,1,5.0,15,105
Student,Hobby,Annual,No,72.7,3,53.8,30,0,4,2,5,79.3,35.9,10,0,0,3,0,,10,110
Working Professional,Certification,Monthly,No,69.3,3,61.3,13,1,3,1,4,23.5,47.1,21,0,0,5,0,,15,330
Career Switcher,Certification,Monthly,No,66.2,5,90.8,35,-1,5,1,0,51.1,89.2,3,0,5,4,0,,15,60
Career Switcher,Get a Job,Monthly,Yes,66.9,3,32.8,1,1,2,0,1,0.0,13.2,4,0,0,3,0,,15,75
Working Professional,Certification,Annual,No,79.1,1,62.8,3,0,1,0,1,49.8,48.8,0,0,1,3,0,,10,10
Working Professional,Hobby,Monthly,Yes,75.5,1,45.9,2,1,7,4,7,86.4,26.5,5,1,0,3,0,,15,90
Working Professional,Certification,Monthly,No,69.5,3,27.2,0,1,2,1,3,23.9,9.5,1,1,1,3,1,43.0,15,30
Student,Get a Job,Annual,No,92.6,1,77.7,35,0,12,5,2,100.0,72.3,10,0,0,5,0,,10,110
Career Switcher,Certification,Monthly,Yes,25.5,7,14.1,0,1,2,0,2,19.6,3.5,12,1,2,2,1,5.0,15,195
Working Professional,Certification,Monthly,Yes,77.6,0,68.8,19,-1,2,0,0,33.4,57.7,10,0,4,3,1,5.0,15,165
Working Professional,Hobby,Monthly,No,80.8,0,80.3,14,-1,15,0,0,20.1,76.7,6,0,1,5,0,,15,105
Student,Get a Job,Annual,Yes,87.2,0,88.7,4,1,12,5,3,100.0,87.4,6,1,0,5,0,,10,70
Working Professional,Certification,Monthly,Yes,69.0,4,55.3,0,-1,3,3,0,45.0,38.1,8,0,2,3,0,,15,135
Working Professional,Certification,Annual,No,73.1,5,55.5,0,0,2,0,1,17.9,38.4,6,1,0,3,0,,10,70
Career Switcher,Get a Job,Monthly,Yes,84.8,3,86.1,2,1,7,5,2,100.0,84.3,11,2,1,5,0,,15,180
Working Professional,Certification,Annual,No,92.4,3,52.5,6,0,7,2,0,65.7,34.4,17,0,0,4,0,,10,180
Working Professional,Certification,Monthly,No,65.5,2,57.6,6,0,1,0,1,22.6,40.9,6,0,1,5,0,,15,105
Career Switcher,Get a Job,Monthly,Yes,74.0,1,53.5,8,-1,6,3,0,83.2,35.6,0,0,0,4,1,54.0,15,15
Student,Hobby,Monthly,Yes,95.2,0,79.9,14,0,12,1,1,40.4,76.1,1,0,1,4,0,,15,30
Working Professional,Certification,Annual,No,38.1,8,16.2,4,0,0,0,0,9.5,4.2,3,1,0,3,1,28.0,10,40
Student,Certification,Monthly,No,59.6,2,50.9,1,0,4,0,1,26.6,32.8,5,0,1,3,0,,15,90
Working Professional,Hobby,Monthly,No,92.0,2,86.0,16,0,10,0,1,20.5,84.3,2,0,1,4,0,,15,45
Career Switcher,Get a Job,Monthly,No,86.4,1,100.0,4,1,11,4,3,91.7,98.2,4,0,0,4,0,,15,75
Student,Hobby,Monthly,No,77.8,2,54.6,3,1,6,0,7,49.4,37.1,1,0,0,4,0,,15,30
Career Switcher,Get a Job,Monthly,Yes,63.3,4,66.4,14,0,5,1,2,22.6,54.2,2,1,0,3,1,29.0,15,45
Student,Hobby,Monthly,Yes,56.8,0,79.4,27,-1,10,2,1,81.9,75.2,10,1,3,4,0,,15,165
Career Switcher,Get a Job,Monthly,Yes,61.1,4,29.6,24,-1,0,0,1,24.2,11.3,24,0,1,2,1,5.0,15,375
Working Professional,Hobby,Monthly,Yes,93.2,0,77.3,1,0,6,1,0,63.3,71.5,1,0,1,4,0,,15,30
Career Switcher,Get a Job,Annual,No,60.6,1,60.5,6,-1,6,1,1,23.6,45.5,3,0,1,4,0,,10,40
Student,Get a Job,Monthly,No,71.5,4,95.2,0,0,12,1,2,56.2,93.4,3,0,0,4,0,,15,60
Career Switcher,Certification,Annual,Yes,58.7,5,98.5,32,-1,6,0,0,0.0,95.9,2,0,0,5,0,,10,30
Working Professional,Certification,Monthly,No,82.6,2,60.9,2,0,4,0,0,16.8,46.1,1,0,0,4,0,,15,30
Student,Certification,Annual,Yes,61.9,3,49.0,2,0,4,0,3,42.5,30.1,1,0,0,4,0,,10,20
Career Switcher,Get a Job,Annual,No,68.5,2,59.0,21,-1,6,1,0,42.5,43.1,19,0,1,3,1,46.0,10,200
Student,Certification,Monthly,No,44.7,7,33.3,34,-1,3,0,0,19.1,13.7,8,0,3,2,1,5.0,15,135
Career Switcher,Get a Job,Monthly,Yes,45.8,6,28.0,11,0,2,0,1,2.1,10.2,2,0,1,3,0,,15,45
Student,Get a Job,Annual,No,70.1,2,36.0,1,1,4,2,2,57.8,16.0,2,1,0,4,0,,10,30
Working Professional,Certification,Annual,Yes,50.1,4,35.2,6,1,3,0,5,28.7,15.3,7,0,0,4,0,,10,80
Working Professional,Certification,Monthly,Yes,100.0,0,56.9,16,-1,1,0,1,23.0,40.0,9,1,2,4,1,121.0,15,150
Student,Get a Job,Monthly,No,39.1,5,0.0,8,0,0,0,3,26.6,0.4,2,0,0,2,1,5.0,15,45
Student,Certification,Annual,No,58.0,1,23.7,1,1,1,0,6,19.7,7.7,3,2,0,2,1,100.0,10,40
Student,Certification,Monthly,Yes,70.3,4,78.2,1,1,7,5,5,100.0,73.2,2,0,0,4,0,,15,45
Working Professional,Get a Job,Annual,No,64.5,1,69.2,19,-1,7,3,0,89.1,58.5,0,0,1,4,0,,10,10
Student,Certification,Monthly,No,53.4,2,66.1,7,0,2,1,1,60.3,53.3,3,1,1,3,0,,15,60
Working Professional,Hobby,Monthly,No,55.6,0,50.5,12,-1,4,1,2,27.6,32.4,6,0,3,3,1,55.0,15,105
Student,Get a Job,Annual,Yes,55.1,1,54.2,4,0,5,0,1,20.3,36.4,8,0,0,2,0,,10,90
Student,Certification,Annual,No,65.7,3,49.6,7,1,6,0,1,44.9,31.4,4,0,0,3,0,,10,50
Working Professional,Certification,Monthly,No,99.3,0,56.2,37,0,6,1,1,35.0,39.0,24,0,1,3,0,,15,375
Student,Certification,Monthly,No,71.2,3,68.0,4,0,10,0,3,42.7,56.4,7,0,0,4,0,,15,120
Career Switcher,Certification,Annual,Yes,87.7,0,92.8,11,-1,9,2,0,37.8,91.4,17,0,1,5,0,,10,180
Career Switcher,Get a Job,Annual,No,77.6,2,62.7,1,0,8,0,1,5.3,48.7,19,0,0,3,0,,10,200
Working Professional,Certification,Monthly,Yes,86.7,4,62.7,1,-1,5,0,1,47.5,48.6,13,1,1,5,0,,15,210
Working Professional,Get a Job,Annual,No,28.0,7,30.3,15,0,6,2,1,58.2,11.6,2,0,0,3,0,,10,30
Career Switcher,Get a Job,Annual,No,65.4,2,61.9,18,0,1,0,2,7.4,47.7,4,1,0,4,0,,10,50
Student,Certification,Annual,No,89.6,2,91.0,11,-1,9,3,0,96.1,89.5,0,0,2,4,0,,10,10
Student,Get a Job,Annual,No,61.4,0,83.3,1,0,10,4,1,90.5,80.7,4,0,1,3,0,,10,50
Student,Certification,Monthly,Yes,96.4,1,64.1,2,1,4,0,3,27.3,50.7,2,0,0,4,0,,15,45
Working Professional,Hobby,Monthly,Yes,92.3,2,78.8,24,-1,4,1,1,49.0,74.0,0,0,1,4,0,,15,15
Student,Certification,Annual,No,63.0,3,35.0,3,1,6,0,6,18.0,15.0,14,1,0,3,0,,10,150
Working Professional,Certification,Monthly,Yes,62.5,3,36.4,17,0,2,0,4,50.6,16.3,8,0,1,3,0,,15,135
Career Switcher,Certification,Monthly,Yes,54.8,3,46.4,3,1,2,0,5,16.3,27.0,24,0,0,4,0,,15,375
Career Switcher,Certification,Monthly,Yes,60.6,3,83.8,28,-1,12,2,0,46.5,81.4,5,0,1,4,1,42.0,15,90
Working Professional,Certification,Annual,No,51.5,2,77.1,24,-1,7,4,0,52.9,71.3,3,0,1,4,0,,10,40
Student,Hobby,Monthly,Yes,76.4,0,78.9,0,1,10,1,1,66.7,74.2,2,0,0,5,0,,15,45
Career Switcher,Certification,Annual,No,48.2,7,0.0,14,-1,4,2,1,55.1,0.4,4,1,1,2,0,,10,50
Working Professional,Certification,Annual,No,79.1,1,85.9,1,0,10,4,0,85.1,83.9,2,0,2,3,0,,10,30
Student,Certification,Annual,No,79.4,3,85.5,2,1,10,3,1,71.8,83.6,24,1,0,5,0,,10,250
Student,Certification,Annual,No,45.1,5,11.0,6,1,2,1,0,62.9,2.7,1,0,0,2,0,,10,20
Career Switcher,Hobby,Annual,No,93.2,2,92.5,8,0,7,2,2,84.2,91.1,0,0,1,4,0,,10,10
Working Professional,Certification,Monthly,No,77.7,0,65.7,3,0,6,1,0,19.0,52.9,1,1,0,4,1,98.0,15,30
Career Switcher,Get a Job,Annual,No,81.2,1,92.4,8,0,6,2,0,55.4,91.0,17,0,0,4,0,,10,180
Career Switcher,Certification,Monthly,Yes,58.6,2,59.8,1,0,3,3,2,58.0,44.5,9,1,3,2,1,5.0,15,150
Working Professional,Certification,Annual,No,79.3,2,58.1,0,0,3,0,4,26.6,41.7,12,1,0,3,0,,10,130
Working Professional,Get a Job,Monthly,Yes,86.9,2,74.6,8,1,8,4,4,100.0,67.1,3,0,0,4,0,,15,60
Working Professional,Certification,Annual,No,68.5,3,57.9,7,0,3,0,1,4.2,41.4,7,1,1,5,0,,10,80
Student,Certification,Annual,No,100.0,0,84.5,11,-1,13,5,1,100.0,82.1,9,0,3,4,0,,10,100
Working Professional,Hobby,Annual,Yes,70.7,1,75.7,10,-1,5,2,0,53.3,68.8,3,0,1,4,0,,10,40
Working Professional,Certification,Monthly,Yes,87.1,1,97.4,22,-1,10,0,0,41.7,95.0,10,0,2,5,0,,15,165
Working Professional,Certification,Monthly,Yes,74.4,1,50.2,6,1,3,0,7,30.5,32.0,7,2,0,4,0,,15,120
Career Switcher,Get a Job,Annual,No,78.8,2,88.4,0,1,11,2,6,42.8,87.0,2,0,1,5,0,,10,30
Working Professional,Get a Job,Monthly,Yes,44.9,7,49.1,9,0,7,1,3,41.1,30.5,0,0,1,4,0,,15,15
Working Professional,Hobby,Annual,No,75.6,0,64.7,11,0,9,3,1,49.9,51.9,2,0,0,4,0,,10,30
Working Professional,Certification,Monthly,No,59.0,2,42.8,7,1,2,0,1,11.5,22.5,7,0,0,3,1,54.0,15,120
Working Professional,Certification,Annual,No,57.3,3,21.9,11,-1,2,0,1,25.2,6.8,7,0,0,3,1,82.0,10,80
Working Professional,Certification,Monthly,Yes,96.2,1,70.5,3,0,13,0,2,25.7,60.9,5,0,0,3,0,,15,90
Student,Hobby,Monthly,No,66.8,4,59.1,1,1,2,1,3,23.7,43.3,2,0,0,4,0,,15,45
Working Professional,Certification,Annual,Yes,55.0,2,12.7,10,-1,1,0,0,27.8,3.0,4,0,2,2,1,92.0,10,50
Student,Get a Job,Monthly,Yes,64.6,3,63.7,2,0,0,0,0,9.1,50.0,1,0,0,4,1,42.0,15,30
Working Professional,Get a Job,Monthly,Yes,50.5,1,45.6,6,0,5,0,1,8.7,26.0,8,0,1,4,0,,15,135
Working Professional,Certification,Monthly,Yes,91.5,1,79.1,6,1,16,1,3,19.7,74.6,16,0,0,4,0,,15,255
Working Professional,Certification,Annual,Yes,59.6,1,31.6,6,0,5,2,1,62.2,12.4,4,0,0,3,0,,10,50
Career Switcher,Get a Job,Annual,Yes,77.9,1,78.5,9,0,6,2,1,66.2,73.6,1,1,0,3,0,,10,20
Working Professional,Certification,Annual,Yes,90.3,1,100.0,0,0,16,2,1,39.8,98.2,14,0,1,5,0,,10,150
Working Professional,Get a Job,Annual,Yes,62.5,0,47.0,45,0,2,0,2,0.0,27.7,3,0,0,4,0,,10,40
Working Professional,Certification,Monthly,No,78.0,2,46.8,12,-1,6,1,0,56.8,27.4,7,1,2,3,1,5.0,15,120
Working Professional,Hobby,Monthly,No,54.5,2,79.3,5,1,8,6,5,100.0,75.0,0,0,0,4,0,,15,15
Student,Get a Job,Monthly,No,100.0,1,88.1,2,-1,11,3,0,83.3,86.6,10,1,2,4,0,,15,165
Student,Hobby,Monthly,Yes,84.0,1,81.4,0,0,11,2,0,53.3,77.9,4,0,0,5,0,,15,75
Working Professional,Certification,Annual,Yes,67.1,5,66.4,11,1,3,1,4,48.0,54.1,4,0,0,4,0,,10,50
Working Professional,Get a Job,Annual,No,58.4,3,56.7,3,0,1,0,1,23.6,39.6,21,0,0,4,0,,10,220
Student,Hobby,Monthly,Yes,68.3,5,87.9,2,0,11,3,3,57.2,86.2,5,0,1,4,1,77.0,15,90
Student,Certification,Annual,No,64.9,5,70.0,4,1,11,3,2,67.7,60.1,0,0,0,4,0,,10,10
Student,Certification,Annual,Yes,99.3,0,73.2,8,-1,10,2,1,52.3,64.6,24,0,4,3,0,,10,250
Career Switcher,Hobby,Monthly,No,51.6,4,84.8,11,0,11,1,2,28.7,82.6,0,0,0,5,0,,15,15
Student,Get a Job,Monthly,Yes,72.0,3,91.4,10,-1,10,6,0,100.0,90.2,6,0,1,4,0,,15,105
Working Professional,Get a Job,Monthly,Yes,69.7,2,73.2,19,-1,7,2,0,62.6,64.7,8,0,2,4,1,78.0,15,135
Student,Certification,Annual,No,68.2,4,63.1,2,1,1,0,3,0.0,49.3,17,1,1,3,0,,10,180
Working Professional,Certification,Annual,No,68.4,2,37.9,10,0,6,1,0,44.8,17.9,9,1,0,3,0,,10,100
Student,Get a Job,Annual,Yes,68.3,6,68.7,1,0,1,0,0,26.6,57.6,13,0,1,4,0,,10,140
Student,Get a Job,Monthly,Yes,83.1,0,85.8,7,1,9,4,2,100.0,83.9,11,1,0,5,0,,15,180
Working Professional,Get a Job,Monthly,No,79.1,0,79.6,8,0,6,1,1,51.0,75.7,1,0,0,4,0,,15,30
Student,Hobby,Annual,Yes,76.3,1,90.5,2,1,4,1,4,41.6,88.9,9,0,0,4,0,,10,100
Student,Get a Job,Annual,Yes,24.5,2,26.3,4,0,0,0,1,19.7,9.0,8,1,1,3,0,,10,90
Student,Certification,Annual,No,74.5,2,66.0,17,-1,6,0,1,49.7,53.2,2,1,4,3,1,10.0,10,30
Student,Certification,Annual,Yes,45.2,9,40.5,1,0,7,3,2,73.9,20.4,1,0,1,2,0,,10,20
Student,Certification,Monthly,No,79.7,0,60.0,5,0,4,2,1,53.8,44.8,11,0,1,3,0,,15,180
Student,Get a Job,Annual,Yes,92.1,1,64.6,26,-1,1,0,0,21.0,51.8,24,0,1,4,0,,10,250
Career Switcher,Certification,Annual,No,56.1,6,36.8,7,0,5,1,1,53.1,16.8,10,0,0,3,0,,10,110
Working Professional,Get a Job,Monthly,Yes,66.1,7,93.8,12,1,10,4,5,100.0,92.3,11,0,0,5,0,,15,180
Working Professional,Certification,Annual,No,61.0,2,67.7,17,-1,6,0,0,36.2,55.8,1,1,1,4,1,11.0,10,20
Student,Hobby,Monthly,Yes,88.5,2,90.9,2,0,10,4,1,78.8,89.4,2,0,0,4,0,,15,45
Career Switcher,Get a Job,Monthly,Yes,71.4,6,77.6,2,1,11,5,3,100.0,72.1,7,0,0,5,0,,15,120
Working Professional,Certification,Monthly,Yes,95.9,2,64.3,14,0,6,2,2,54.7,51.1,0,0,0,5,0,,15,15
Student,Certification,Monthly,No,76.2,1,49.4,13,-1,2,0,0,36.0,31.0,8,0,3,3,1,92.0,15,135
Working Professional,Certification,Monthly,Yes,73.6,5,53.7,0,0,3,0,0,27.3,35.8,1,1,0,3,1,27.0,15,30
Student,Hobby,Monthly,No,71.0,2,73.0,3,-1,7,1,0,53.8,64.4,4,1,3,3,0,,15,75
Student,Hobby,Monthly,Yes,82.3,0,77.0,5,1,2,0,3,28.1,71.2,3,0,0,3,0,,15,60
Working Professional,Certification,Monthly,Yes,43.9,9,4.5,17,-1,0,0,0,17.2,1.0,0,0,3,2,1,5.0,15,15
Career Switcher,Get a Job,Monthly,Yes,71.3,6,36.9,5,0,3,2,3,65.8,17.0,6,0,2,3,1,83.0,15,105
Working Professional,Hobby,Monthly,Yes,68.9,3,31.4,26,-1,6,2,0,65.8,12.2,3,1,4,1,1,5.0,15,60
Working Professional,Hobby,Monthly,No,80.9,0,70.8,56,-1,19,1,0,43.6,61.4,0,0,1,5,0,,15,15
Career Switcher,Get a Job,Annual,No,67.2,2,31.8,15,-1,2,0,1,23.8,12.6,4,1,0,3,1,76.0,10,50
Student,Certification,Monthly,No,54.4,6,57.9,10,0,2,0,2,17.7,41.5,7,0,0,3,0,,15,120
Student,Get a Job,Annual,No,70.1,2,44.0,4,-1,3,2,0,64.4,24.0,1,1,1,2,0,,10,20
Working Professional,Hobby,Monthly,Yes,53.8,4,67.7,0,1,2,0,1,46.9,55.8,7,0,0,3,0,,15,120
Working Professional,Get a Job,Annual,No,41.1,10,10.4,8,1,1,0,5,10.5,2.5,2,0,0,2,1,64.0,10,30
Working Professional,Certification,Monthly,No,80.9,1,83.8,4,1,11,4,2,100.0,81.5,2,0,0,4,0,,15,45
Career Switcher,Get a Job,Monthly,No,78.7,1,79.4,4,1,4,0,2,26.3,75.3,12,0,0,4,0,,15,195
Working Professional,Certification,Annual,No,77.0,3,85.9,11,-1,8,3,2,57.7,84.1,5,1,3,4,0,,10,60
Working Professional,Certification,Monthly,Yes,89.5,0,88.1,6,0,10,2,1,25.9,86.5,3,2,1,5,1,65.0,15,60
Student,Hobby,Monthly,Yes,60.0,2,67.9,13,0,6,2,3,52.7,56.1,13,1,2,3,0,,15,210
Career Switcher,Get a Job,Monthly,No,48.5,5,37.5,5,0,7,4,2,100.0,17.6,19,0,0,3,0,,15,300
Career Switcher,Get a Job,Annual,Yes,68.9,2,65.8,1,-1,6,2,0,55.6,53.1,3,0,2,4,0,,10,40
Career Switcher,Get a Job,Monthly,Yes,64.8,2,61.0,6,0,6,1,1,53.2,46.1,0,0,2,4,0,,15,15
Student,Get a Job,Annual,Yes,57.4,3,41.7,30,-1,1,1,0,62.0,21.3,6,0,2,2,1,5.0,10,70
Working Professional,Certification,Annual,No,68.8,3,72.0,16,-1,7,1,0,30.8,63.1,10,0,0,4,1,80.0,10,110
Student,Certification,Monthly,Yes,60.8,4,41.1,2,1,2,0,5,33.4,20.8,7,0,1,2,0,,15,120
Student,Get a Job,Annual,No,42.5,6,20.6,4,0,1,2,0,62.0,6.2,9,0,0,3,1,158.0,10,100
Student,Get a Job,Annual,Yes,63.4,2,37.8,26,-1,1,0,0,13.5,17.8,8,0,0,3,1,5.0,10,90
Working Professional,Get a Job,Annual,No,53.0,5,37.4,1,-1,3,1,1,21.3,17.4,24,0,1,2,1,70.0,10,250
Working Professional,Certification,Monthly,No,73.5,2,48.7,2,1,5,2,4,78.5,29.6,16,0,0,5,0,,15,255
Student,Hobby,Annual,Yes,60.2,2,50.3,3,1,4,0,4,53.5,32.2,1,0,0,3,0,,10,20
Working Professional,Hobby,Monthly,Yes,86.7,1,67.8,8,-1,2,0,0,32.8,56.0,4,2,0,4,0,,15,75
Working Professional,Certification,Annual,Yes,94.1,1,80.3,5,0,10,2,2,78.5,76.6,4,0,0,5,0,,10,50
Working Professional,Certification,Monthly,Yes,80.2,1,82.4,0,1,10,5,4,83.4,79.3,4,2,0,4,0,,15,75
Student,Hobby,Monthly,No,46.7,5,16.8,9,-1,1,0,0,14.6,4.5,21,1,1,2,1,5.0,15,330
Working Professional,Get a Job,Annual,No,92.6,0,100.0,1,1,14,1,1,37.6,98.2,3,0,0,5,0,,10,40
Working Professional,Certification,Annual,No,93.6,2,85.0,9,0,16,6,0,100.0,82.9,7,1,1,5,0,,10,80
Student,Hobby,Monthly,Yes,70.3,3,57.4,7,0,3,1,1,47.5,40.4,18,0,2,3,0,,15,285
Student,Get a Job,Monthly,Yes,89.8,2,69.9,6,1,7,2,3,71.1,59.8,0,0,0,4,0,,15,15
Working Professional,Get a Job,Annual,No,61.7,5,57.8,0,0,3,1,1,28.4,41.2,16,0,0,3,0,,10,170
Career Switcher,Hobby,Annual,No,42.0,5,28.6,10,-1,0,0,1,58.1,10.5,11,0,1,3,1,38.0,10,120
Working Professional,Certification,Annual,No,58.6,3,54.9,5,0,0,0,1,41.8,37.7,1,1,1,3,0,,10,20
Working Professional,Get a Job,Annual,No,95.9,1,100.0,5,1,7,4,4,100.0,98.2,3,0,0,5,0,,10,40
Working Professional,Certification,Monthly,Yes,47.6,6,0.0,9,-1,1,0,0,3.4,0.4,2,0,3,1,1,5.0,15,45
Working Professional,Certification,Monthly,Yes,70.0,1,47.4,9,-1,4,0,0,22.7,28.3,2,0,1,3,0,,15,45
Student,Certification,Annual,No,70.5,3,69.3,0,-1,4,2,0,46.4,58.7,8,0,2,4,1,39.0,10,90
Working Professional,Certification,Annual,No,62.3,5,37.1,1,1,2,0,2,41.7,17.2,24,0,1,3,0,,10,250
Career Switcher,Hobby,Monthly,Yes,63.3,4,24.1,2,0,0,0,1,63.6,8.0,1,1,0,2,0,,15,30
Working Professional,Certification,Annual,Yes,71.1,9,44.6,11,-1,6,0,0,24.4,24.9,2,0,2,2,1,5.0,10,30
Career Switcher,Get a Job,Annual,No,61.6,1,75.9,8,0,8,3,0,91.0,69.2,2,2,2,4,0,,10,30
Working Professional,Certification,Monthly,No,48.7,5,11.9,14,0,2,0,1,51.7,2.8,22,0,1,2,0,,15,345
Student,Certification,Monthly,Yes,73.2,7,47.9,13,1,3,1,5,49.9,28.8,7,2,0,4,0,,15,120
Career Switcher,Get a Job,Monthly,Yes,86.1,1,86.3,19,-1,5,2,0,67.0,84.6,1,0,0,4,1,177.0,15,30
Student,Hobby,Monthly,No,83.0,2,71.3,4,1,6,0,6,10.3,62.2,13,0,1,5,0,,15,210
Working Professional,Hobby,Monthly,No,57.9,4,46.2,4,0,1,0,1,63.5,26.8,20,1,0,3,1,123.0,15,315
Student,Certification,Monthly,Yes,51.2,6,42.0,17,-1,9,1,1,40.5,21.7,4,0,1,3,1,5.0,15,75
Student,Certification,Annual,No,65.7,4,43.6,2,1,4,0,2,70.0,23.6,1,0,0,3,0,,10,20
Working Professional,Certification,Monthly,Yes,93.5,0,62.6,6,1,2,0,5,17.2,48.4,2,1,0,4,0,,15,45
Student,Certification,Monthly,No,79.7,1,76.1,2,1,10,3,4,82.1,69.8,1,0,0,4,0,,15,30
Working Professional,Certification,Monthly,Yes,80.6,0,96.0,24,0,14,4,2,100.0,94.1,1,0,1,5,0,,15,30
Working Professional,Certification,Annual,Yes,83.3,1,100.0,5,1,17,2,3,22.5,98.2,1,0,0,5,0,,10,20
Student,Hobby,Annual,No,76.3,0,98.7,2,-1,10,2,0,86.7,96.1,16,0,2,4,0,,10,170
Student,Certification,Monthly,Yes,71.8,2,57.8,11,1,7,1,2,56.1,41.2,0,0,0,4,0,,15,15
Working Professional,Certification,Annual,No,79.9,0,100.0,2,0,7,3,1,52.6,98.2,4,0,0,4,0,,10,50
Student,Hobby,Monthly,Yes,61.8,1,100.0,28,-1,5,5,0,95.5,98.2,0,0,2,5,0,,15,15
Working Professional,Get a Job,Monthly,No,48.8,4,27.7,4,0,1,0,3,13.6,9.9,2,0,0,4,1,5.0,15,45
Working Professional,Certification,Monthly,No,80.8,1,65.1,10,-1,3,1,0,43.0,52.2,9,1,5,2,1,5.0,15,150
Career Switcher,Get a Job,Annual,Yes,88.6,0,99.7,4,1,12,2,1,54.0,96.4,1,1,0,5,0,,10,20
Working Professional,Certification,Monthly,No,53.2,2,30.9,16,-1,5,0,1,29.0,11.9,24,2,3,2,1,5.0,15,375
Working Professional,Certification,Annual,No,82.3,1,66.7,22,-1,2,0,0,42.9,54.5,0,1,0,3,0,,10,10
Working Professional,Certification,Annual,No,95.2,0,48.8,15,0,2,1,0,57.3,29.7,1,0,1,3,0,,10,20
Student,Hobby,Monthly,Yes,70.0,5,69.5,18,-1,0,0,0,40.1,59.1,12,1,1,3,1,7.0,15,195
Student,Certification,Monthly,No,57.7,2,8.7,1,1,0,1,2,48.4,2.0,24,1,2,2,1,11.0,15,375
Working Professional,Certification,Monthly,Yes,71.8,5,74.9,25,0,7,2,0,58.1,67.6,24,0,0,4,0,,15,375
Working Professional,Certification,Annual,Yes,61.7,5,91.2,9,0,8,4,2,75.4,89.8,12,0,1,5,0,,10,130
Working Professional,Certification,Monthly,Yes,60.7,3,89.6,20,-1,7,1,0,44.1,88.0,24,0,1,5,0,,15,375
Career Switcher,Get a Job,Annual,No,76.5,2,61.0,11,-1,7,4,0,100.0,46.3,14,0,1,4,0,,10,150
Career Switcher,Get a Job,Monthly,No,45.9,4,0.0,2,0,1,0,0,0.0,0.4,0,1,1,2,1,6.0,15,15
Career Switcher,Get a Job,Annual,No,48.3,2,15.4,9,0,0,0,0,0.0,3.9,14,0,1,2,0,,10,150
Working Professional,Get a Job,Annual,No,70.3,5,72.6,0,0,7,4,2,100.0,63.7,5,0,3,4,0,,10,60
Student,Certification,Monthly,Yes,69.7,5,79.1,11,0,14,2,1,71.8,74.7,4,0,0,5,0,,15,75
Working Professional,Certification,Monthly,Yes,75.2,3,90.0,5,-1,8,1,0,63.3,88.5,0,2,2,3,0,,15,15
Working Professional,Certification,Annual,Yes,98.1,1,87.9,1,1,14,2,4,66.7,86.3,7,0,1,4,0,,10,80
Working Professional,Hobby,Monthly,No,71.6,2,100.0,38,0,8,3,0,50.6,98.2,8,1,2,4,0,,15,135
Working Professional,Certification,Annual,No,79.0,3,72.8,23,-1,6,0,1,27.7,64.2,12,1,1,3,0,,10,130
Working Professional,Hobby,Monthly,Yes,55.4,6,39.4,22,-1,3,2,2,42.7,19.3,3,1,3,1,1,5.0,15,60
Working Professional,Get a Job,Annual,Yes,81.5,0,62.2,15,-1,2,0,1,29.1,47.9,1,0,0,4,0,,10,20
Student,Certification,Monthly,Yes,62.1,4,63.7,11,0,5,0,1,24.2,49.9,4,0,0,3,0,,15,75
Working Professional,Hobby,Annual,No,71.1,1,51.4,10,1,4,1,4,42.6,33.5,3,1,0,4,0,,10,40
Student,Certification,Annual,No,68.4,3,71.5,1,0,17,0,4,43.8,62.4,11,0,0,5,0,,10,120
Career Switcher,Certification,Annual,No,85.5,1,73.2,23,-1,8,3,0,74.4,64.7,2,1,2,3,1,45.0,10,30
Student,Certification,Annual,Yes,50.4,3,67.6,21,0,5,1,2,61.1,55.6,1,1,1,4,0,,10,20
Student,Get a Job,Annual,No,35.8,5,19.2,13,-1,2,1,0,23.8,5.5,4,0,1,2,1,19.0,10,50
Student,Certification,Monthly,No,66.8,4,51.7,26,-1,2,1,0,46.3,33.7,7,0,1,4,0,,15,120
Working Professional,Certification,Annual,Yes,77.0,0,79.0,8,-1,8,4,0,97.6,74.4,2,0,0,4,0,,10,30
Working Professional,Hobby,Annual,No,72.3,5,21.0,5,1,0,0,0,0.7,6.4,0,0,0,2,1,5.0,10,10
Student,Get a Job,Annual,Yes,88.5,2,77.9,34,-1,13,4,3,100.0,72.5,4,0,2,4,0,,10,50
Student,Hobby,Annual,No,76.6,0,88.4,6,1,7,2,0,50.8,87.1,24,1,0,4,0,,10,250
Working Professional,Hobby,Monthly,No,61.5,3,35.2,10,0,6,1,5,50.8,15.3,24,0,0,3,0,,15,375
Student,Get a Job,Annual,No,35.1,7,53.7,4,1,4,2,1,56.9,35.7,9,1,0,4,0,,10,100
Working Professional,Certification,Monthly,No,66.4,0,55.1,10,-1,5,0,0,34.4,37.9,12,0,1,4,0,,15,195
Working Professional,Hobby,Monthly,Yes,85.4,1,70.6,12,-1,15,1,2,46.5,61.1,1,1,2,3,0,,15,30
Working Professional,Hobby,Monthly,Yes,64.1,4,41.9,9,-1,6,1,1,67.2,21.6,3,1,2,3,1,5.0,15,60
Student,Certification,Monthly,Yes,70.4,0,82.4,7,1,5,1,4,76.7,79.4,7,0,1,4,0,,15,120
Career Switcher,Get a Job,Annual,No,76.3,2,67.6,3,1,6,4,5,95.0,55.7,11,0,0,4,0,,10,120
Working Professional,Certification,Monthly,Yes,54.8,5,61.0,10,0,4,0,1,30.4,46.2,1,0,1,3,0,,15,30
Working Professional,Certification,Monthly,Yes,79.3,2,93.2,23,-1,14,4,0,100.0,91.9,4,0,0,5,0,,15,75
Student,Get a Job,Annual,No,94.6,1,88.3,0,0,10,4,1,100.0,86.9,1,0,0,5,0,,10,20
Working Professional,Certification,Monthly,Yes,67.4,5,43.7,1,0,5,0,2,34.2,23.8,8,0,0,3,0,,15,135
Student,Get a Job,Annual,Yes,53.1,4,71.8,1,0,5,2,4,56.2,62.7,11,0,1,4,0,,10,120
Working Professional,Get a Job,Monthly,Yes,69.0,3,58.1,25,0,4,2,3,50.0,41.8,14,0,1,4,0,,15,225
Career Switcher,Get a Job,Monthly,Yes,36.6,3,0.0,10,-1,3,2,0,49.8,0.4,10,0,3,1,1,5.0,15,165
Working Professional,Certification,Annual,No,75.1,1,98.3,30,-1,12,4,1,52.9,95.8,1,0,1,5,0,,10,20
Student,Get a Job,Annual,No,76.8,1,70.8,8,1,9,2,3,61.7,61.3,14,1,0,5,0,,10,150
Student,Certification,Annual,No,95.1,0,77.4,6,1,9,5,2,100.0,71.6,3,0,0,5,0,,10,40
Working Professional,Certification,Monthly,Yes,67.1,3,61.2,15,-1,3,1,0,30.7,46.7,14,0,3,4,1,185.0,15,225
Student,Get a Job,Annual,No,76.1,2,72.0,1,0,6,1,0,32.2,63.1,2,0,0,5,0,,10,30
Student,Get a Job,Monthly,Yes,57.1,1,70.1,4,1,12,3,0,70.6,60.4,5,1,0,4,0,,15,90
Working Professional,Hobby,Monthly,No,64.7,2,32.9,6,-1,6,0,0,48.0,13.4,6,1,1,3,1,25.0,15,105
Working Professional,Certification,Monthly,Yes,47.1,4,16.4,3,-1,1,0,1,24.0,4.2,0,0,3,2,1,5.0,15,15
Student,Certification,Monthly,No,67.1,4,79.5,4,1,6,0,4,41.6,75.5,18,0,1,4,0,,15,285
Career Switcher,Get a Job,Monthly,Yes,65.4,2,55.5,0,1,3,3,3,81.8,38.4,5,1,0,3,0,,15,90
Student,Hobby,Monthly,Yes,74.5,1,33.9,2,-1,2,0,1,25.2,14.2,1,2,0,3,1,41.0,15,30
Career Switcher,Get a Job,Annual,No,60.6,4,56.6,4,-1,7,0,0,4.6,39.5,1,0,4,2,1,5.0,10,20
Student,Certification,Monthly,Yes,71.3,1,63.0,15,-1,0,0,0,52.6,49.0,9,0,0,4,0,,15,150
Career Switcher,Certification,Monthly,Yes,65.0,6,23.3,2,0,2,0,3,61.4,7.5,0,0,1,2,1,13.0,15,15
Working Professional,Certification,Monthly,Yes,65.0,3,88.1,4,1,13,5,0,82.4,86.6,4,2,0,4,0,,15,75
Career Switcher,Get a Job,Annual,No,71.2,3,90.8,0,0,10,3,1,94.1,89.1,6,1,0,5,0,,10,70
Career Switcher,Get a Job,Monthly,No,70.6,5,57.4,8,-1,1,0,0,0.0,40.4,2,0,3,3,1,45.0,15,45
Student,Get a Job,Annual,No,81.4,2,77.0,9,0,7,1,1,27.4,71.2,1,0,0,3,0,,10,20
Career Switcher,Get a Job,Annual,No,68.2,2,55.5,20,0,4,1,0,37.1,38.3,5,0,1,3,0,,10,60
Working Professional,Certification,Monthly,Yes,64.8,5,72.9,17,-1,8,3,1,82.3,64.3,3,1,0,4,1,53.0,15,60
Working Professional,Certification,Monthly,Yes,67.3,2,64.1,3,1,4,1,3,34.1,50.5,1,1,0,3,0,,15,30
Student,Hobby,Monthly,No,59.3,3,59.8,1,0,7,4,1,89.2,44.4,1,1,1,4,0,,15,30
Working Professional,Get a Job,Annual,No,64.6,8,82.6,1,1,10,4,4,100.0,79.8,5,0,0,4,0,,10,60
Student,Hobby,Monthly,No,100.0,1,97.0,34,-1,5,0,0,50.9,94.7,1,1,3,4,1,130.0,15,30
Working Professional,Certification,Monthly,Yes,56.3,2,35.8,11,1,5,2,4,45.5,15.8,22,0,0,2,0,,15,345
Working Professional,Certification,Monthly,Yes,65.8,1,72.7,0,0,12,1,0,38.3,64.1,11,1,0,4,0,,15,180
Working Professional,Get a Job,Annual,Yes,64.2,3,78.0,1,0,10,2,1,68.8,72.8,3,0,0,4,0,,10,40
Career Switcher,Hobby,Monthly,Yes,66.3,3,60.6,6,0,2,1,1,73.3,45.6,2,0,0,4,0,,15,45
Working Professional,Get a Job,Monthly,Yes,65.0,1,67.0,2,1,4,2,1,47.3,54.7,16,2,0,4,0,,15,255
Student,Get a Job,Annual,No,74.2,5,48.9,16,-1,2,1,1,38.0,29.9,4,1,2,3,1,42.0,10,50
Student,Get a Job,Annual,No,44.3,5,6.9,8,1,0,1,1,42.3,1.4,15,0,0,2,0,,10,160
Student,Certification,Annual,No,85.6,2,100.0,9,-1,7,1,0,24.1,98.2,10,1,1,5,0,,10,110
Student,Certification,Monthly,Yes,79.5,0,59.9,6,0,8,3,0,90.3,44.6,0,0,0,4,0,,15,15
Student,Get a Job,Annual,No,51.4,3,88.6,2,0,12,2,0,81.1,87.3,13,0,0,4,0,,10,140
Student,Get a Job,Annual,Yes,36.0,6,24.0,8,-1,1,0,1,16.6,7.9,6,2,3,2,1,5.0,10,70
Career Switcher,Get a Job,Monthly,No,55.3,3,79.9,12,0,12,2,1,65.7,76.3,9,0,1,3,0,,15,150
Working Professional,Certification,Annual,Yes,66.4,1,55.5,4,1,6,0,1,18.7,38.3,1,0,0,4,0,,10,20
Student,Certification,Monthly,Yes,100.0,1,94.1,7,1,6,0,3,22.6,92.5,0,0,0,4,0,,15,15
Working Professional,Certification,Annual,No,78.1,0,86.7,18,-1,14,3,1,65.3,85.0,3,3,1,4,0,,10,40
Student,Get a Job,Monthly,Yes,42.9,8,15.0,1,1,1,0,3,1.2,3.7,1,0,0,2,0,,15,30
Working Professional,Certification,Annual,No,59.7,0,57.7,7,0,2,0,2,26.4,41.1,4,0,0,4,1,202.0,10,50
Working Professional,Certification,Monthly,Yes,69.2,2,52.1,4,1,5,0,3,34.6,33.9,0,0,0,4,0,,15,15
Working Professional,Hobby,Annual,No,73.8,6,67.9,12,-1,5,1,0,37.1,56.1,18,1,1,4,0,,10,190
Working Professional,Hobby,Monthly,No,50.3,2,57.8,0,1,5,1,5,44.8,41.4,1,0,0,4,0,,15,30
Career Switcher,Certification,Annual,Yes,68.0,4,60.7,11,0,4,1,0,49.8,45.8,11,0,1,4,0,,10,120
Career Switcher,Get a Job,Annual,Yes,59.2,2,34.5,1,0,2,0,1,0.0,14.6,22,0,0,2,0,,10,230
Working Professional,Get a Job,Monthly,No,53.4,7,29.4,0,-1,1,0,0,19.5,11.2,1,0,2,2,1,5.0,15,30
Working Professional,Certification,Annual,Yes,73.9,7,56.4,12,0,6,2,2,63.2,39.3,3,0,2,3,0,,10,40
Working Professional,Certification,Annual,No,81.6,1,82.7,10,-1,7,2,2,63.4,79.8,10,0,1,5,0,,10,110
Student,Certification,Monthly,Yes,82.6,1,64.2,22,-1,3,0,0,47.3,50.9,10,0,0,4,0,,15,165
Working Professional,Certification,Monthly,Yes,78.6,1,88.6,7,1,8,3,3,89.1,87.2,0,1,0,5,0,,15,15
Student,Hobby,Monthly,No,62.5,4,67.3,7,1,2,0,1,49.1,55.4,0,0,0,4,0,,15,15
Working Professional,Certification,Monthly,Yes,80.7,0,82.3,12,1,7,5,3,100.0,79.2,1,1,0,5,0,,15,30
Working Professional,Certification,Monthly,No,74.6,2,55.3,3,0,9,5,0,100.0,38.1,6,0,1,3,0,,15,105
Student,Certification,Monthly,Yes,72.0,3,29.7,0,0,2,0,3,21.3,11.4,0,0,0,2,1,63.0,15,15
Career Switcher,Get a Job,Monthly,Yes,60.8,2,29.3,2,0,2,0,0,0.4,11.1,7,0,1,3,1,112.0,15,120
Career Switcher,Get a Job,Annual,No,62.5,4,62.9,2,1,3,0,0,13.9,48.9,3,0,0,4,0,,10,40
Working Professional,Certification,Monthly,Yes,71.1,5,38.4,4,1,5,2,4,65.9,18.4,8,1,0,3,0,,15,135
Working Professional,Get a Job,Annual,No,100.0,2,68.6,28,1,6,0,3,11.4,57.4,12,0,0,3,0,,10,130
Career Switcher,Get a Job,Annual,Yes,74.5,2,60.6,16,0,4,1,0,21.6,45.6,12,0,1,3,0,,10,130
Student,Get a Job,Monthly,No,60.8,0,95.8,27,0,8,1,0,8.4,93.8,0,1,0,5,0,,15,15
Working Professional,Certification,Annual,No,57.5,5,47.1,65,1,5,5,3,100.0,27.7,23,0,0,4,0,,10,240
Student,Hobby,Monthly,Yes,62.6,2,96.0,5,0,4,3,2,42.5,94.2,7,0,0,5,0,,15,120
Working Professional,Certification,Annual,No,100.0,1,78.9,2,1,12,4,5,94.8,74.1,18,0,0,4,0,,10,190
Student,Hobby,Monthly,No,64.0,2,66.3,8,0,3,0,2,69.2,53.9,7,0,0,5,0,,15,120
Career Switcher,Get a Job,Monthly,Yes,83.6,1,94.4,21,-1,5,2,1,63.3,92.8,5,0,1,5,0,,15,90
Career Switcher,Get a Job,Annual,No,64.4,3,75.7,6,-1,8,3,0,80.6,68.8,10,0,3,2,0,,10,110
Student,Certification,Annual,No,73.9,4,61.8,7,0,8,4,1,74.3,47.5,1,1,1,2,0,,10,20
Working Professional,Certification,Annual,Yes,81.9,0,76.6,1,1,8,3,1,66.3,70.7,0,0,0,5,0,,10,10
Career Switcher,Hobby,Annual,No,61.4,2,71.6,5,1,8,3,1,69.4,62.5,0,0,1,3,0,,10,10
Working Professional,Certification,Monthly,Yes,60.4,1,63.5,4,0,3,2,2,76.1,49.8,15,0,1,3,0,,15,240
Career Switcher,Get a Job,Annual,No,94.9,1,73.5,4,1,10,2,3,61.4,65.1,19,2,0,5,0,,10,200
Working Professional,Certification,Monthly,No,84.8,0,100.0,21,-1,4,2,0,55.6,98.2,13,1,1,5,1,59.0,15,210
Working Professional,Hobby,Monthly,Yes,81.9,0,86.9,0,1,7,3,4,80.1,85.3,18,2,2,4,0,,15,285
Student,Get a Job,Annual,No,81.8,1,68.8,35,0,4,1,1,49.8,57.7,24,0,0,3,1,96.0,10,250
Student,Hobby,Monthly,Yes,76.9,0,67.0,0,1,4,2,5,64.7,54.8,5,0,0,3,0,,15,90
Working Professional,Certification,Monthly,Yes,100.0,0,100.0,29,-1,10,0,2,32.9,98.2,1,0,2,4,1,71.0,15,30
Working Professional,Certification,Annual,No,70.7,4,45.1,7,1,7,4,2,65.1,25.5,7,0,0,4,0,,10,80
Working Professional,Certification,Monthly,Yes,78.7,1,91.3,12,-1,8,7,0,100.0,90.0,3,0,1,5,0,,15,60
Working Professional,Certification,Annual,No,48.2,4,30.7,2,0,2,0,2,7.7,11.8,3,0,0,2,0,,10,40
Working Professional,Certification,Annual,Yes,57.6,2,69.4,10,0,1,1,1,42.1,58.8,10,0,0,5,1,88.0,10,110
Career Switcher,Certification,Annual,No,52.0,4,93.2,21,-1,4,0,0,17.5,91.9,0,0,2,4,0,,10,10
Career Switcher,Get a Job,Monthly,Yes,89.1,1,95.0,1,1,10,3,4,80.0,93.2,0,2,0,4,0,,15,15
Working Professional,Certification,Monthly,No,31.7,3,37.5,1,1,3,0,8,17.3,17.6,9,1,0,3,1,35.0,15,150
Career Switcher,Get a Job,Annual,Yes,64.0,7,51.1,3,1,0,2,1,52.4,32.9,2,0,0,4,0,,10,30
Working Professional,Get a Job,Monthly,No,25.1,3,15.0,1,0,0,0,0,0.0,3.7,3,0,1,2,1,65.0,15,60
Working Professional,Certification,Monthly,No,57.5,3,100.0,1,0,7,2,1,63.3,98.2,2,0,0,5,0,,15,45
Career Switcher,Get a Job,Annual,Yes,62.6,3,54.2,11,0,7,9,0,100.0,36.3,7,0,2,3,0,,10,80
Student,Get a Job,Monthly,Yes,90.8,0,78.4,2,0,13,2,2,60.7,73.4,1,0,2,3,0,,15,30
Student,Get a Job,Annual,No,75.9,3,84.3,10,1,10,1,3,38.6,81.9,10,0,1,4,0,,10,110
Career Switcher,Get a Job,Monthly,No,57.5,1,58.8,19,-1,4,3,0,89.7,42.7,20,0,3,3,0,,15,315
Working Professional,Certification,Annual,Yes,86.0,0,100.0,10,0,7,1,3,51.4,98.2,14,0,1,5,0,,10,150
Career Switcher,Get a Job,Annual,Yes,70.3,4,65.8,1,1,5,0,2,18.5,53.0,19,0,0,4,0,,10,200
Career Switcher,Get a Job,Monthly,Yes,70.6,3,28.8,8,0,0,0,1,21.9,10.7,22,1,0,3,0,,15,345
Student,Get a Job,Monthly,Yes,52.0,3,41.8,5,-1,6,2,0,75.8,21.5,3,0,3,1,1,113.0,15,60
Career Switcher,Certification,Annual,No,55.1,5,55.2,4,1,4,0,1,1.1,38.0,12,0,0,3,0,,10,130
Working Professional,Hobby,Monthly,No,57.6,5,75.5,3,1,10,1,4,57.0,68.6,5,0,0,4,0,,15,90
Working Professional,Certification,Annual,No,70.7,2,24.6,26,1,0,0,4,11.8,8.3,2,0,0,2,0,,10,30
Working Professional,Get a Job,Monthly,No,71.2,1,64.9,13,-1,3,0,0,24.1,52.0,10,0,3,3,0,,15,165
Career Switcher,Certification,Monthly,No,93.2,1,91.0,1,1,15,2,3,61.0,89.4,2,1,0,5,0,,15,45
Student,Hobby,Annual,No,75.8,1,93.2,6,-1,12,4,0,84.1,91.8,0,0,1,4,0,,10,10
Working Professional,Certification,Annual,Yes,29.4,5,23.8,3,-1,0,1,1,46.8,7.8,9,0,1,2,1,9.0,10,100
Working Professional,Get a Job,Annual,No,73.9,5,76.0,38,-1,8,2,1,62.1,69.5,2,0,6,2,0,,10,30
Working Professional,Certification,Annual,No,48.2,6,12.8,38,-1,1,0,0,54.7,3.1,2,2,2,2,1,53.0,10,30
Working Professional,Certification,Monthly,No,55.5,5,73.9,3,1,9,5,5,100.0,65.7,17,0,1,4,0,,15,270
Student,Certification,Monthly,Yes,57.8,1,53.8,4,1,7,5,0,100.0,35.9,1,0,0,3,0,,15,30
Student,Certification,Monthly,Yes,60.0,2,55.9,9,-1,0,2,1,57.1,38.6,11,1,1,3,0,,15,180
Working Professional,Certification,Monthly,Yes,49.4,3,25.5,6,0,2,0,1,0.0,8.7,3,0,0,2,1,335.0,15,60
Career Switcher,Get a Job,Annual,No,73.1,3,68.0,2,-1,6,0,0,17.5,56.4,17,0,1,4,0,,10,180
Student,Get a Job,Monthly,No,48.8,6,8.4,10,1,2,0,5,0.0,2.0,4,0,0,3,1,6.0,15,75
Student,Certification,Monthly,Yes,75.4,0,93.3,4,-1,11,2,1,54.6,92.0,4,1,3,5,1,66.0,15,75
Career Switcher,Get a Job,Annual,No,100.0,1,93.1,10,-1,13,3,0,84.4,91.6,4,0,1,5,0,,10,50
Student,Certification,Annual,No,50.1,3,49.0,4,1,4,0,2,30.0,30.2,14,0,1,3,0,,10,150
Career Switcher,Get a Job,Annual,No,65.7,1,55.0,12,1,4,3,6,91.4,37.8,0,0,0,4,0,,10,10
Working Professional,Certification,Annual,No,32.1,12,12.1,11,1,0,1,3,31.1,2.9,9,0,0,2,0,,10,100
Career Switcher,Get a Job,Monthly,Yes,65.5,0,31.8,7,0,6,1,0,41.3,12.5,1,0,0,3,1,88.0,15,30
Student,Certification,Annual,No,79.6,0,83.0,12,-1,5,0,0,27.1,80.2,17,1,4,4,1,55.0,10,180
Student,Hobby,Annual,Yes,80.8,0,83.1,6,1,10,3,3,100.0,80.4,3,0,0,5,0,,10,40
Working Professional,Get a Job,Annual,No,71.2,1,48.3,1,1,4,3,3,69.1,29.3,3,2,0,2,0,,10,40
Career Switcher,Get a Job,Monthly,No,83.3,0,61.3,2,0,2,1,1,36.3,46.9,9,0,1,4,0,,15,150
Working Professional,Get a Job,Monthly,No,100.0,1,86.9,2,0,5,1,0,41.1,85.3,10,0,2,5,0,,15,165
Student,Hobby,Annual,No,95.7,1,74.6,0,-1,10,3,0,63.8,67.1,8,0,0,5,0,,10,90
Working Professional,Certification,Monthly,Yes,62.2,2,40.0,12,-1,4,2,0,51.4,19.8,3,1,1,3,1,7.0,15,60
Working Professional,Certification,Annual,No,48.2,4,44.1,4,1,6,2,2,79.9,24.2,7,0,0,4,0,,10,80
Working Professional,Get a Job,Annual,No,63.9,3,35.5,0,-1,2,2,1,68.4,15.6,0,0,0,3,0,,10,10
Working Professional,Certification,Annual,Yes,55.8,4,66.2,17,-1,6,1,1,33.0,53.7,24,0,5,2,1,58.0,10,250
Career Switcher,Certification,Annual,No,76.8,0,57.5,11,-1,4,1,0,22.8,40.6,4,0,0,3,0,,10,50
Working Professional,Certification,Annual,No,52.3,2,26.3,6,0,0,1,2,53.8,9.0,2,0,1,3,0,,10,30
Student,Certification,Monthly,Yes,68.9,4,64.7,2,-1,5,0,0,34.8,51.8,15,1,2,4,1,32.0,15,240
Working Professional,Get a Job,Annual,No,82.6,4,75.0,1,0,9,4,2,100.0,67.8,3,1,0,4,0,,10,40
Student,Get a Job,Annual,No,68.5,6,31.6,6,1,6,2,7,58.7,12.4,24,1,0,4,0,,10,250
Working Professional,Get a Job,Annual,No,55.8,3,74.0,21,-1,8,2,0,68.6,65.9,9,0,0,4,0,,10,100
Working Professional,Certification,Monthly,Yes,87.6,0,85.6,2,1,9,1,2,69.0,83.7,8,1,0,3,0,,15,135
Student,Get a Job,Monthly,No,41.8,7,0.0,8,1,0,0,4,25.3,0.4,1,4,0,3,1,26.0,15,30
Student,Get a Job,Annual,Yes,65.1,2,74.2,32,-1,11,2,0,51.8,66.4,7,1,0,4,0,,10,80
Student,Certification,Monthly,No,69.4,2,33.7,10,-1,3,4,0,100.0,14.0,1,0,1,2,1,73.0,15,30
Career Switcher,Certification,Annual,No,70.2,4,20.8,5,-1,3,1,0,54.9,6.3,12,1,1,3,0,,10,130
Career Switcher,Get a Job,Annual,No,72.7,1,38.6,12,0,5,0,3,0.0,18.6,1,0,0,3,0,,10,20
Student,Hobby,Monthly,No,79.2,0,79.4,17,-1,6,0,0,46.6,75.3,3,1,0,4,1,37.0,15,60
Career Switcher,Certification,Annual,No,69.5,3,56.5,8,-1,3,0,0,33.4,39.5,5,0,1,3,0,,10,60
Working Professional,Get a Job,Monthly,No,64.5,6,22.3,20,0,0,0,0,8.8,7.0,13,0,0,2,1,10.0,15,210
Student,Certification,Annual,No,63.9,1,26.7,7,1,0,1,1,41.9,9.3,8,1,0,3,0,,10,90
Student,Get a Job,Annual,Yes,60.8,3,39.8,17,-1,5,2,0,67.0,19.7,11,0,0,3,0,,10,120
Working Professional,Certification,Annual,No,81.8,0,69.5,30,0,1,0,2,40.6,59.0,2,0,0,5,0,,10,30
Working Professional,Certification,Monthly,Yes,60.3,4,70.2,6,0,9,1,1,36.2,60.6,2,1,0,4,0,,15,45
Working Professional,Hobby,Annual,Yes,82.7,2,73.8,9,0,11,1,2,42.0,65.5,3,0,0,4,0,,10,40
Student,Get a Job,Annual,No,70.3,0,69.9,9,-1,6,3,1,79.2,59.8,0,0,1,4,0,,10,10
Student,Get a Job,Annual,No,62.2,1,76.9,15,-1,9,3,0,83.3,71.1,14,1,5,3,0,,10,150
Working Professional,Hobby,Monthly,No,79.3,1,88.3,17,-1,12,6,0,100.0,86.9,3,0,2,4,0,,15,60
Student,Get a Job,Annual,Yes,59.1,0,0.0,0,1,1,1,0,47.0,0.4,0,0,0,2,0,,10,10
Student,Certification,Annual,Yes,79.6,1,75.4,13,-1,5,1,0,41.8,68.4,16,0,3,4,0,,10,170
Student,Certification,Annual,No,73.2,7,51.7,15,-1,7,3,0,91.5,33.6,24,0,0,3,0,,10,250
Career Switcher,Certification,Monthly,Yes,61.1,3,53.9,12,-1,3,0,1,36.6,36.1,8,0,1,4,0,,15,135
Career Switcher,Hobby,Monthly,No,77.9,3,48.8,12,-1,1,0,0,42.0,29.7,3,1,1,4,1,87.0,15,60
Working Professional,Hobby,Monthly,Yes,78.2,1,68.5,0,0,5,0,0,68.0,57.3,4,0,0,4,0,,15,75
Career Switcher,Get a Job,Annual,No,87.4,0,59.6,5,-1,2,0,0,13.3,44.2,2,0,3,2,1,48.0,10,30
Student,Hobby,Monthly,Yes,84.5,0,66.1,17,-1,5,2,0,58.0,53.4,9,0,1,4,0,,15,150
Working Professional,Certification,Monthly,Yes,77.4,0,76.1,27,1,14,1,6,57.5,69.8,3,0,0,4,0,,15,60
Student,Certification,Annual,No,53.1,8,40.2,2,1,2,0,6,11.5,20.1,0,0,0,2,1,21.0,10,10
Working Professional,Get a Job,Monthly,Yes,100.0,2,67.2,8,1,3,1,5,32.8,55.2,0,0,0,4,0,,15,15
Career Switcher,Get a Job,Annual,No,48.9,8,22.0,16,-1,1,0,2,12.6,6.9,7,0,4,2,1,5.0,10,80
Working Professional,Hobby,Monthly,No,84.2,1,72.6,13,-1,11,2,0,70.8,63.8,2,0,1,3,0,,15,45
Working Professional,Hobby,Monthly,No,76.5,0,83.0,9,0,15,2,3,63.6,80.3,1,0,0,4,0,,15,30
Working Professional,Certification,Monthly,No,52.4,5,46.6,0,1,0,0,2,10.7,27.2,6,2,0,3,1,27.0,15,105
Student,Get a Job,Monthly,Yes,68.1,2,23.6,12,0,1,0,4,1.2,7.6,2,0,0,3,0,,15,45
Career Switcher,Get a Job,Annual,Yes,68.8,4,34.4,14,-1,6,2,1,55.7,14.5,0,0,1,3,0,,10,10
Working Professional,Certification,Annual,No,89.6,0,75.1,12,-1,8,1,0,48.6,68.0,1,0,2,4,0,,10,20
Working Professional,Certification,Monthly,No,59.3,2,46.0,14,-1,1,0,1,10.5,26.6,12,0,1,3,1,60.0,15,195
Working Professional,Certification,Monthly,No,66.1,3,26.7,5,0,1,0,3,51.1,9.3,15,0,0,3,0,,15,240
Working Professional,Get a Job,Annual,No,35.0,12,35.1,50,-1,5,3,3,88.1,15.2,16,1,0,3,1,5.0,10,170
Student,Certification,Annual,No,96.0,0,84.7,14,-1,5,4,0,94.3,82.4,6,1,1,4,0,,10,70
Working Professional,Certification,Annual,Yes,53.9,5,43.0,8,1,4,0,4,27.4,22.8,24,0,0,2,0,,10,250
Student,Hobby,Monthly,No,74.9,3,51.7,27,0,3,2,4,38.4,33.7,1,0,0,3,0,,15,30
Working Professional,Certification,Annual,No,68.5,1,33.6,23,0,3,2,2,61.4,13.9,9,0,2,3,0,,10,100
Career Switcher,Get a Job,Annual,No,68.5,2,72.1,16,0,8,2,1,67.5,63.1,9,1,0,4,0,,10,100
Career Switcher,Get a Job,Monthly,No,82.1,0,100.0,8,-1,10,1,0,33.5,98.2,0,0,2,4,0,,15,15
Working Professional,Get a Job,Annual,Yes,95.1,0,70.3,7,1,4,3,1,95.7,60.7,2,0,0,5,0,,10,30
Working Professional,Hobby,Annual,Yes,73.8,4,79.5,3,0,4,3,2,69.1,75.4,23,1,0,5,0,,10,240
Student,Certification,Annual,No,79.8,3,67.1,2,1,4,2,3,70.4,55.1,11,0,0,4,0,,10,120
Working Professional,Certification,Annual,No,74.9,3,44.4,7,0,5,3,3,73.3,24.4,0,1,0,3,0,,10,10
Student,Certification,Annual,No,85.3,2,100.0,8,0,5,2,0,65.7,98.2,6,0,1,4,0,,10,70
Working Professional,Certification,Monthly,Yes,63.1,2,52.6,2,-1,2,2,0,73.0,34.5,8,0,2,2,1,70.0,15,135
Student,Certification,Annual,Yes,86.1,1,90.3,25,-1,6,0,2,13.8,88.8,24,0,4,3,0,,10,250
Student,Certification,Annual,No,86.7,1,76.0,8,1,5,0,1,39.7,69.4,10,0,0,5,0,,10,110
Working Professional,Certification,Monthly,Yes,86.2,1,53.0,7,1,4,0,4,45.8,34.9,8,0,0,4,0,,15,135
Student,Get a Job,Annual,No,60.1,4,100.0,5,1,13,2,3,81.9,98.2,19,0,0,5,0,,10,200
Working Professional,Get a Job,Annual,No,67.5,3,50.7,0,1,3,0,3,10.7,32.4,8,0,0,4,0,,10,90
Student,Certification,Monthly,No,73.6,0,58.1,21,-1,2,0,0,0.0,41.8,21,0,0,4,1,50.0,15,330
Student,Get a Job,Annual,No,49.4,5,14.0,3,0,0,0,0,0.0,3.4,5,0,0,3,0,,10,60
Working Professional,Certification,Monthly,No,93.9,0,91.7,10,0,9,1,4,31.7,90.3,10,0,1,5,0,,15,165
Student,Hobby,Monthly,Yes,69.8,3,69.1,9,0,1,1,3,69.2,58.4,7,0,2,3,1,60.0,15,120
Student,Hobby,Monthly,Yes,74.3,3,23.9,8,0,2,0,1,73.0,7.8,6,0,1,3,1,259.0,15,105
Working Professional,Certification,Annual,Yes,61.3,4,58.4,7,1,3,0,5,23.9,42.2,3,0,0,4,0,,10,40
Student,Certification,Annual,No,50.1,3,72.5,2,0,4,0,0,30.8,63.7,18,0,0,4,0,,10,190
Career Switcher,Get a Job,Annual,No,60.9,5,79.0,3,0,11,3,3,59.2,74.5,2,1,2,4,0,,10,30
Student,Certification,Annual,Yes,73.3,1,67.9,7,1,2,1,1,54.8,56.2,1,0,0,5,0,,10,20
Student,Hobby,Annual,Yes,80.1,0,91.0,15,0,10,2,4,62.0,89.5,9,0,1,4,0,,10,100
Working Professional,Certification,Monthly,No,72.4,2,44.2,5,1,4,1,5,41.2,24.3,6,1,1,3,0,,15,105
Student,Certification,Monthly,Yes,75.2,0,61.6,2,1,6,2,3,45.5,47.3,2,0,1,3,0,,15,45
Student,Hobby,Annual,No,64.9,4,48.8,0,0,3,1,2,44.7,29.8,16,0,0,2,0,,10,170
Working Professional,Hobby,Annual,Yes,77.4,0,61.2,10,-1,5,2,1,39.8,46.8,2,0,2,4,0,,10,30
Student,Get a Job,Monthly,Yes,92.2,0,68.9,5,-1,5,1,0,26.4,58.0,0,2,0,4,0,,15,15
Career Switcher,Get a Job,Monthly,No,80.6,1,68.7,1,1,3,1,5,22.3,57.6,0,0,0,4,0,,15,15
Student,Get a Job,Monthly,Yes,82.1,1,65.9,11,-1,7,1,0,24.8,53.1,20,0,0,4,0,,15,315
Working Professional,Get a Job,Annual,No,74.4,7,65.6,2,1,3,2,3,48.4,52.8,4,0,0,4,0,,10,50
Career Switcher,Certification,Monthly,Yes,47.5,7,9.8,7,1,1,2,4,68.7,2.4,1,0,0,2,1,5.0,15,30
Working Professional,Certification,Annual,Yes,54.3,6,91.7,3,1,13,3,6,57.8,90.4,6,0,0,5,0,,10,70
Career Switcher,Certification,Annual,Yes,76.8,0,94.8,26,-1,9,2,1,59.2,93.1,5,0,2,4,0,,10,60
Working Professional,Get a Job,Monthly,Yes,69.8,2,78.8,2,0,10,2,2,49.1,74.1,24,0,0,4,0,,15,375
Career Switcher,Certification,Annual,Yes,76.6,1,69.7,5,1,3,1,5,29.2,59.4,17,0,0,4,0,,10,180
Student,Certification,Monthly,No,95.1,1,83.0,32,-1,11,3,1,58.6,80.3,2,1,1,4,1,51.0,15,45
Working Professional,Certification,Annual,No,80.9,3,64.4,3,1,4,0,1,44.7,51.2,9,1,0,4,0,,10,100
Working Professional,Certification,Monthly,Yes,88.9,2,83.3,10,1,6,1,3,42.3,80.7,3,0,0,5,0,,15,60
Working Professional,Get a Job,Annual,No,71.4,3,19.6,3,0,2,0,0,2.5,5.8,3,1,1,3,0,,10,40
Working Professional,Certification,Annual,No,57.9,5,76.2,1,0,10,1,1,29.9,70.1,3,0,0,5,0,,10,40
Working Professional,Certification,Monthly,No,69.1,4,42.1,9,0,2,0,1,9.8,21.8,8,0,1,3,0,,15,135
Student,Get a Job,Monthly,No,57.9,4,61.1,24,-1,1,0,0,2.8,46.5,6,0,2,3,1,5.0,15,105
Student,Get a Job,Annual,No,93.4,0,87.3,6,0,5,0,1,0.0,85.8,11,0,0,5,0,,10,120
Working Professional,Get a Job,Monthly,Yes,81.9,2,71.7,9,0,8,2,1,55.7,62.6,1,0,0,4,0,,15,30
Working Professional,Get a Job,Annual,No,77.8,1,68.0,9,1,3,1,2,27.9,56.4,4,0,1,3,0,,10,50
Career Switcher,Get a Job,Annual,No,88.5,2,78.2,5,0,18,4,2,100.0,73.0,15,0,2,3,0,,10,160
Working Professional,Certification,Monthly,No,39.7,6,37.0,9,1,5,1,3,63.6,17.2,0,0,0,3,0,,15,15
Career Switcher,Get a Job,Annual,No,78.8,2,77.8,3,1,7,3,3,82.6,72.4,7,2,1,4,0,,10,80
Working Professional,Get a Job,Annual,No,50.3,0,67.1,4,1,3,0,1,8.2,55.0,12,0,0,4,0,,10,130
Student,Certification,Annual,No,69.9,4,70.9,5,-1,10,2,0,79.2,61.5,3,1,1,3,0,,10,40
Student,Hobby,Monthly,No,65.3,7,51.2,19,-1,6,0,0,19.6,33.2,17,1,1,4,1,5.0,15,270
Working Professional,Certification,Monthly,Yes,79.9,1,78.3,4,0,11,2,2,52.7,73.2,10,0,0,4,0,,15,165
Working Professional,Certification,Monthly,No,73.4,0,57.8,10,-1,4,1,0,21.8,41.3,7,0,3,2,1,5.0,15,120
Student,Certification,Annual,Yes,90.2,0,97.1,2,0,4,1,1,46.1,94.9,1,0,2,5,0,,10,20
Working Professional,Certification,Monthly,Yes,61.0,3,48.1,2,1,6,1,7,54.1,29.1,8,0,0,3,0,,15,135
Career Switcher,Get a Job,Annual,No,80.6,1,97.1,10,0,9,3,1,60.8,94.8,14,1,2,4,0,,10,150
Working Professional,Certification,Monthly,Yes,72.4,2,60.1,14,1,3,2,2,72.9,44.9,10,0,0,3,0,,15,165
Working Professional,Certification,Annual,Yes,45.5,6,14.0,6,1,2,0,3,34.7,3.4,6,0,0,2,1,292.0,10,70
Working Professional,Certification,Monthly,No,56.2,4,54.2,4,-1,3,0,1,30.5,36.3,10,0,0,4,0,,15,165
Student,Certification,Monthly,Yes,67.8,5,32.6,24,-1,1,0,1,11.4,13.1,24,0,1,2,1,47.0,15,375
Working Professional,Certification,Monthly,Yes,86.7,0,59.8,1,1,2,0,2,41.6,44.5,0,0,1,3,0,,15,15
Working Professional,Certification,Monthly,Yes,77.0,2,89.1,12,0,14,2,1,85.2,87.7,8,1,1,4,0,,15,135
Student,Certification,Annual,Yes,52.5,3,71.0,11,-1,14,2,2,53.9,61.7,12,0,1,4,0,,10,130
Working Professional,Get a Job,Annual,No,67.9,3,54.3,11,1,1,1,3,31.8,36.6,8,0,0,4,0,,10,90
Working Professional,Get a Job,Annual,No,100.0,2,80.7,27,-1,6,2,0,60.2,77.3,2,0,0,4,0,,10,30
Career Switcher,Get a Job,Annual,No,71.7,3,43.5,13,0,5,1,1,31.0,23.2,13,1,0,2,0,,10,140
Career Switcher,Certification,Monthly,No,65.1,2,58.4,3,1,5,1,5,42.3,42.1,19,0,1,3,0,,15,300
Student,Hobby,Monthly,Yes,77.4,1,100.0,4,0,7,2,0,75.4,98.2,9,0,2,4,0,,15,150
Working Professional,Certification,Annual,Yes,81.5,0,95.1,4,0,12,2,1,59.0,93.3,5,1,1,4,0,,10,60
Working Professional,Get a Job,Annual,No,63.2,1,53.5,0,1,4,3,2,87.9,35.5,3,0,0,4,0,,10,40
Career Switcher,Get a Job,Annual,No,77.5,0,77.6,24,0,14,5,0,100.0,71.9,3,0,0,4,0,,10,40
Student,Hobby,Monthly,No,65.1,4,47.5,0,1,7,2,0,82.0,28.4,10,1,0,3,0,,15,165
Working Professional,Certification,Monthly,No,80.8,1,58.8,12,-1,1,0,1,14.3,42.8,7,0,2,3,0,,15,120
Working Professional,Certification,Annual,No,72.5,3,45.3,13,-1,3,0,0,56.2,25.6,1,0,1,4,0,,10,20
Student,Hobby,Monthly,Yes,77.2,0,90.1,18,-1,12,2,0,80.7,88.6,1,0,4,4,0,,15,30
Student,Certification,Annual,No,58.6,5,36.4,8,0,5,1,3,67.4,16.3,0,0,0,4,0,,10,10
Working Professional,Certification,Monthly,No,57.7,4,49.4,12,-1,10,3,2,65.6,30.9,9,0,3,3,1,87.0,15,150
Working Professional,Get a Job,Monthly,No,84.2,1,63.2,3,-1,6,0,0,12.1,49.4,3,0,3,3,1,5.0,15,60
Student,Certification,Annual,Yes,68.8,0,70.7,13,0,11,4,2,84.1,61.2,0,0,2,2,0,,10,10
Working Professional,Hobby,Annual,Yes,74.3,5,29.5,4,1,2,0,3,41.8,11.2,3,0,0,3,0,,10,40
Working Professional,Certification,Monthly,Yes,65.4,3,66.9,23,0,8,3,4,100.0,54.6,14,0,1,4,1,144.0,15,225
Working Professional,Certification,Monthly,Yes,83.5,2,95.4,1,1,7,0,4,32.1,93.6,2,1,1,4,0,,15,45
Student,Get a Job,Monthly,No,60.9,3,48.5,3,1,5,0,2,0.0,29.5,8,0,0,4,0,,15,135
Career Switcher,Hobby,Monthly,Yes,68.0,2,41.3,6,0,4,0,0,34.4,21.0,4,0,0,4,0,,15,75
Student,Get a Job,Monthly,Yes,81.8,1,87.1,14,0,10,4,1,100.0,85.5,6,0,0,5,0,,15,105
Working Professional,Certification,Monthly,Yes,87.6,1,100.0,13,0,10,1,1,71.8,98.2,7,0,0,5,0,,15,120
Student,Get a Job,Annual,No,62.1,2,81.8,2,1,5,1,3,26.9,78.4,4,1,0,4,0,,10,50
Student,Certification,Annual,No,99.4,2,78.9,1,0,4,1,0,38.9,74.3,0,0,0,4,0,,10,10
Working Professional,Get a Job,Monthly,Yes,74.7,5,37.3,3,1,2,0,4,6.3,17.3,6,1,0,3,0,,15,105
Student,Get a Job,Monthly,Yes,54.4,3,50.4,6,1,3,2,0,76.0,32.2,4,0,0,2,0,,15,75
Career Switcher,Get a Job,Annual,Yes,75.5,1,54.7,7,1,2,0,4,19.6,37.2,1,0,0,4,0,,10,20
Student,Hobby,Monthly,Yes,64.3,3,43.9,5,1,2,0,5,48.5,23.9,18,0,1,3,0,,15,285
Working Professional,Certification,Annual,Yes,76.5,1,86.8,10,0,6,0,3,33.5,85.1,10,0,1,4,0,,10,110
Student,Get a Job,Monthly,No,69.4,4,47.6,5,-1,5,1,0,37.2,28.6,2,0,0,3,0,,15,45
Student,Hobby,Monthly,Yes,71.1,2,43.0,29,-1,2,0,1,41.1,22.8,6,0,0,3,1,55.0,15,105
Student,Certification,Monthly,Yes,56.3,3,53.9,3,1,4,0,4,60.8,36.0,24,1,0,3,0,,15,375
Working Professional,Hobby,Monthly,No,84.9,2,76.0,9,-1,10,2,0,41.0,69.5,2,0,3,3,0,,15,45
Working Professional,Get a Job,Monthly,Yes,52.7,2,70.1,9,-1,8,3,0,57.3,60.4,23,0,2,4,0,,15,360
Working Professional,Certification,Monthly,No,53.4,1,28.5,3,1,5,3,0,81.6,10.4,9,1,0,3,0,,15,150
Working Professional,Certification,Monthly,Yes,75.5,0,87.9,5,0,12,2,1,81.0,86.2,6,1,0,5,0,,15,105
Working Professional,Get a Job,Annual,No,94.0,2,79.3,4,1,9,4,5,100.0,75.1,24,0,0,5,0,,10,250
Student,Certification,Monthly,No,64.7,3,63.7,1,0,1,0,0,0.3,50.0,3,0,0,3,0,,15,60
Working Professional,Certification,Monthly,No,80.5,1,59.2,6,1,9,2,7,71.2,43.6,2,0,1,4,0,,15,45
Career Switcher,Certification,Annual,Yes,86.1,0,93.2,4,1,7,1,5,29.0,91.9,3,2,0,4,0,,10,40
Working Professional,Certification,Annual,Yes,82.2,0,88.1,1,0,9,2,3,40.7,86.7,11,0,0,5,0,,10,120
Working Professional,Certification,Annual,No,65.3,6,88.5,5,0,6,2,2,45.3,87.1,3,0,0,4,0,,10,40
Student,Certification,Annual,No,53.6,2,38.3,5,0,2,0,2,5.9,18.3,0,0,0,3,0,,10,10
Working Professional,Hobby,Monthly,No,36.9,4,16.2,1,0,0,0,2,43.1,4.2,8,0,0,3,1,12.0,15,135
Working Professional,Certification,Annual,Yes,66.1,6,19.3,1,0,2,0,3,20.3,5.6,2,0,1,2,1,26.0,10,30
Working Professional,Certification,Annual,Yes,87.7,0,67.6,10,-1,3,2,0,40.0,55.7,0,0,4,2,0,,10,10
Career Switcher,Get a Job,Annual,No,53.1,1,83.7,12,0,6,0,1,33.8,81.3,1,0,0,5,0,,10,20
Student,Certification,Monthly,Yes,80.5,0,84.4,28,-1,7,1,0,37.0,82.0,13,0,1,5,0,,15,210
Student,Get a Job,Monthly,Yes,55.7,2,40.5,0,0,2,1,0,35.5,20.4,22,0,0,3,0,,15,345
Working Professional,Hobby,Monthly,Yes,71.6,5,57.7,1,-1,1,1,1,73.3,41.0,8,0,3,3,1,5.0,15,135
Career Switcher,Get a Job,Annual,No,80.6,0,79.1,0,-1,11,0,1,16.8,74.7,2,0,2,4,0,,10,30
Student,Hobby,Monthly,No,60.1,3,16.8,7,1,0,2,2,88.6,4.5,4,0,0,2,1,7.0,15,75
Student,Get a Job,Annual,No,72.6,3,20.4,9,-1,1,0,1,3.0,6.1,1,0,1,2,1,5.0,10,20
Student,Certification,Monthly,Yes,63.8,5,77.1,5,-1,9,3,0,90.7,71.4,17,0,2,3,0,,15,270
Student,Hobby,Monthly,Yes,80.6,0,91.0,15,-1,8,5,1,97.4,89.6,8,0,2,5,1,19.0,15,135
Working Professional,Get a Job,Annual,No,73.5,1,25.3,11,1,3,2,4,70.0,8.5,0,0,0,3,0,,10,10
Working Professional,Hobby,Monthly,Yes,70.8,5,52.5,42,-1,6,3,0,82.7,34.3,3,0,2,3,1,24.0,15,60
Student,Certification,Annual,No,93.4,2,69.3,1,1,2,1,3,33.4,58.6,6,1,0,4,0,,10,70
Working Professional,Hobby,Monthly,Yes,79.9,1,96.3,0,-1,15,2,0,100.0,94.4,12,2,2,3,0,,15,195
Student,Certification,Annual,Yes,59.6,5,64.0,3,-1,4,1,3,11.1,50.4,20,1,2,3,1,90.0,10,210
Student,Get a Job,Annual,No,68.7,2,32.9,0,-1,7,2,0,51.4,13.4,1,0,2,3,0,,10,20
Working Professional,Get a Job,Annual,Yes,68.9,4,57.4,26,1,4,0,1,16.8,40.5,14,1,0,4,1,62.0,10,150
Career Switcher,Get a Job,Annual,No,71.2,4,54.2,3,0,4,1,2,37.9,36.5,0,0,0,3,0,,10,10
Career Switcher,Get a Job,Annual,Yes,100.0,1,79.4,8,0,18,0,1,11.3,75.3,2,1,1,4,0,,10,30
Student,Get a Job,Annual,Yes,75.6,2,72.3,3,0,10,4,0,100.0,63.4,0,0,0,4,0,,10,10
Career Switcher,Get a Job,Monthly,Yes,39.5,5,25.4,2,1,0,0,5,1.6,8.6,0,0,0,4,1,145.0,15,15
Working Professional,Certification,Annual,No,61.9,2,38.0,1,0,6,2,2,72.6,18.0,0,0,2,2,0,,10,10
Working Professional,Certification,Monthly,Yes,41.0,5,7.2,3,1,1,0,1,28.1,1.5,1,0,0,2,0,,15,30
Working Professional,Get a Job,Annual,No,65.1,3,30.1,9,1,3,3,3,99.0,11.6,16,0,0,3,0,,10,170
Working Professional,Get a Job,Annual,No,40.2,7,9.3,35,-1,0,0,0,7.0,2.2,2,1,4,1,1,5.0,10,30
Student,Certification,Annual,No,56.9,3,63.4,8,0,6,1,0,52.0,49.7,5,0,0,4,0,,10,60
Student,Get a Job,Annual,Yes,47.2,4,31.7,7,1,4,1,2,41.4,12.5,5,1,0,3,0,,10,60
Student,Get a Job,Monthly,No,75.8,0,100.0,0,1,10,3,1,94.1,98.2,24,2,0,5,0,,15,375
Student,Get a Job,Annual,Yes,70.0,3,50.4,18,-1,4,3,0,85.4,32.3,3,1,2,3,1,30.0,10,40
Working Professional,Hobby,Monthly,Yes,74.5,2,69.0,0,0,4,1,2,45.7,58.2,2,0,0,5,0,,15,45
Working Professional,Certification,Monthly,No,68.4,1,55.9,23,0,3,1,0,33.4,38.8,24,0,0,4,0,,15,375
Working Professional,Certification,Annual,Yes,49.1,5,29.5,7,0,1,1,0,52.3,11.2,7,1,0,3,1,45.0,10,80
Student,Certification,Monthly,Yes,77.7,2,92.1,1,1,6,1,1,16.5,90.7,2,0,0,5,0,,15,45
Career Switcher,Get a Job,Annual,No,98.8,0,88.7,6,1,7,3,2,88.1,87.4,2,0,0,5,0,,10,30
Career Switcher,Get a Job,Annual,No,76.1,1,81.6,52,-1,8,0,0,13.8,78.1,0,0,1,4,0,,10,10
Working Professional,Certification,Annual,No,63.6,2,42.7,3,-1,3,5,0,100.0,22.4,6,0,1,3,0,,10,70
Career Switcher,Get a Job,Annual,No,48.6,5,29.1,3,1,2,0,1,3.4,10.9,10,0,1,2,0,,10,110
Working Professional,Certification,Monthly,No,56.4,2,82.3,1,1,5,2,1,62.8,79.0,5,1,2,4,0,,15,90
Career Switcher,Get a Job,Monthly,No,76.8,2,82.6,9,0,16,1,1,36.6,79.7,17,0,1,5,0,,15,270
Student,Certification,Annual,Yes,86.1,3,74.1,0,0,7,3,1,58.4,66.1,5,0,1,4,0,,10,60
Working Professional,Hobby,Monthly,Yes,73.9,1,71.4,14,1,6,1,3,49.9,62.4,3,0,0,4,0,,15,60
Student,Certification,Monthly,Yes,82.0,2,59.2,25,-1,4,1,1,24.9,43.7,2,1,2,3,1,20.0,15,45
Student,Hobby,Monthly,Yes,80.6,0,74.6,26,-1,8,1,1,64.4,67.2,2,0,0,5,0,,15,45
Student,Hobby,Monthly,No,77.6,2,65.3,1,1,2,1,5,58.9,52.5,3,0,1,4,0,,15,60
Working Professional,Get a Job,Annual,No,60.1,3,52.6,8,0,3,0,3,14.3,34.5,24,0,2,4,0,,10,250
Working Professional,Certification,Annual,Yes,72.6,3,79.9,1,0,11,0,2,20.4,76.2,3,0,0,4,0,,10,40
Working Professional,Certification,Monthly,Yes,57.3,4,67.8,8,1,6,0,4,51.3,56.0,5,2,0,4,0,,15,90
Student,Hobby,Monthly,Yes,70.3,5,17.6,16,-1,0,0,0,23.7,4.9,2,1,0,3,1,5.0,15,45
Career Switcher,Hobby,Monthly,Yes,75.0,0,42.6,7,-1,5,1,1,50.8,22.3,1,0,2,3,1,20.0,15,30
Working Professional,Certification,Monthly,Yes,95.2,1,57.5,20,-1,3,2,0,42.5,40.7,8,0,1,4,1,75.0,15,135
Working Professional,Certification,Annual,No,50.4,3,76.2,16,-1,9,3,1,72.3,69.9,6,1,1,4,1,130.0,10,70
Working Professional,Certification,Monthly,No,77.2,0,71.3,3,1,8,2,3,79.1,62.0,0,0,1,4,0,,15,15
Student,Get a Job,Monthly,No,92.2,2,81.1,9,1,10,0,2,14.7,77.6,17,2,1,5,0,,15,270
Student,Hobby,Monthly,Yes,81.4,1,81.9,0,0,8,3,1,56.2,78.5,5,0,1,5,0,,15,90
Career Switcher,Certification,Annual,No,82.5,0,83.1,5,1,12,1,3,37.2,80.5,3,0,1,4,0,,10,40
Student,Certification,Annual,No,78.8,1,36.6,2,-1,6,1,0,39.3,16.6,12,0,2,2,1,9.0,10,130
Working Professional,Certification,Monthly,No,89.5,0,85.4,27,-1,9,3,1,62.5,83.5,0,0,2,3,0,,15,15
Career Switcher,Get a Job,Monthly,No,53.7,6,44.0,5,1,4,1,7,37.7,24.0,5,0,0,4,1,31.0,15,90
Working Professional,Certification,Monthly,No,49.2,9,37.7,10,1,3,1,3,77.8,17.7,6,0,0,3,1,71.0,15,105
Student,Get a Job,Annual,No,69.9,3,59.1,13,-1,3,0,0,4.4,43.2,11,0,0,4,0,,10,120
Student,Hobby,Monthly,No,37.6,3,34.5,14,-1,4,1,2,78.9,14.6,3,1,2,3,1,115.0,15,60
Student,Hobby,Monthly,Yes,88.5,1,69.1,13,-1,2,0,1,39.9,58.3,15,0,1,4,0,,15,240
Working Professional,Hobby,Monthly,Yes,88.3,0,63.1,3,1,6,3,0,74.8,49.1,9,0,0,4,0,,15,150
Working Professional,Get a Job,Annual,Yes,63.5,3,72.8,11,0,8,2,4,62.6,64.1,11,1,2,4,0,,10,120
Student,Hobby,Monthly,Yes,64.4,3,66.3,7,-1,4,1,0,24.6,53.9,24,0,3,3,0,,15,375
Career Switcher,Certification,Annual,No,68.9,2,59.4,9,0,2,0,5,36.8,44.1,14,0,2,4,0,,10,150
Working Professional,Certification,Annual,Yes,70.8,5,59.4,0,1,2,0,2,0.0,44.1,3,0,0,4,1,70.0,10,40
Student,Get a Job,Monthly,Yes,71.9,3,63.4,2,0,3,1,2,37.1,49.7,8,1,0,4,0,,15,135
Working Professional,Certification,Monthly,Yes,78.4,1,60.6,26,-1,5,2,0,62.4,45.7,16,2,0,3,1,5.0,15,255
Working Professional,Hobby,Monthly,Yes,67.4,4,76.5,3,1,8,4,2,57.0,70.6,5,3,0,4,0,,15,90
Student,Certification,Monthly,Yes,84.1,1,77.7,5,0,9,0,2,31.0,72.2,9,0,0,5,0,,15,150
Student,Certification,Monthly,Yes,76.7,1,78.1,2,1,12,0,4,25.6,72.9,1,0,0,4,0,,15,30
Career Switcher,Get a Job,Annual,Yes,60.9,2,46.6,1,0,5,1,2,33.5,27.3,13,0,0,3,0,,10,140
Working Professional,Certification,Monthly,Yes,90.0,1,43.0,2,0,2,1,0,42.8,22.7,11,2,0,4,1,40.0,15,180
Working Professional,Get a Job,Annual,No,49.6,6,33.6,8,0,8,0,2,4.1,14.0,17,1,0,3,0,,10,180
Working Professional,Certification,Monthly,Yes,68.6,5,35.0,25,-1,0,0,0,31.1,15.1,9,0,2,3,1,5.0,15,150
Student,Certification,Annual,Yes,84.5,0,81.6,3,1,10,1,5,58.0,78.1,16,0,0,5,0,,10,170
Student,Get a Job,Monthly,Yes,59.2,5,38.6,3,0,3,2,2,57.6,18.6,1,0,1,2,1,30.0,15,30
Working Professional,Certification,Annual,No,74.6,3,48.1,8,0,4,3,1,74.2,29.1,13,0,0,4,0,,10,140
Student,Get a Job,Monthly,No,78.2,0,74.0,4,0,5,1,1,41.5,66.0,24,0,1,4,0,,15,375
Student,Certification,Monthly,Yes,57.1,4,38.1,24,-1,4,1,1,79.0,18.1,13,0,2,2,1,47.0,15,210
Career Switcher,Get a Job,Annual,No,68.9,0,50.5,4,1,3,2,2,58.1,32.3,7,0,1,4,0,,10,80
Career Switcher,Get a Job,Monthly,No,67.7,3,45.4,6,1,4,1,4,18.0,25.8,20,0,1,4,0,,15,315
Working Professional,Get a Job,Annual,No,61.7,1,34.2,7,1,5,1,3,26.0,14.3,0,0,0,3,0,,10,10
Career Switcher,Get a Job,Annual,No,100.0,0,97.6,15,-1,6,2,0,66.0,95.1,0,0,0,5,0,,10,10
Student,Hobby,Monthly,No,58.6,1,39.0,8,-1,5,0,0,62.7,18.9,24,0,1,4,1,40.0,15,375
Career Switcher,Get a Job,Annual,No,85.1,1,88.4,2,1,4,0,4,0.5,87.1,9,2,1,4,0,,10,100
Student,Hobby,Monthly,Yes,64.1,4,68.4,1,1,4,1,1,49.3,57.1,0,1,0,4,1,92.0,15,15
Career Switcher,Hobby,Monthly,Yes,53.7,1,73.5,27,-1,4,3,1,70.3,65.2,3,2,2,4,1,5.0,15,60
Career Switcher,Get a Job,Annual,No,71.5,7,44.1,16,-1,8,1,0,27.3,24.2,11,0,2,2,1,8.0,10,120
Working Professional,Certification,Annual,No,79.7,1,77.0,0,0,13,1,1,68.0,71.2,11,1,1,3,0,,10,120
Career Switcher,Get a Job,Monthly,Yes,83.8,0,77.5,17,-1,8,6,0,100.0,71.8,1,1,1,5,1,31.0,15,30
Working Professional,Hobby,Monthly,No,93.4,1,87.9,8,-1,6,0,3,45.2,86.3,5,0,1,4,0,,15,90
Student,Hobby,Monthly,Yes,100.0,1,76.4,7,1,10,3,3,63.7,70.4,13,0,0,3,0,,15,210
Working Professional,Certification,Monthly,Yes,73.8,3,64.2,0,1,4,0,7,44.3,50.8,24,1,0,4,1,97.0,15,375
Working Professional,Certification,Monthly,No,60.1,3,49.9,15,-1,6,3,1,82.7,31.6,7,0,4,3,1,87.0,15,120
Student,Get a Job,Monthly,Yes,76.8,0,96.8,2,1,10,2,4,55.6,94.7,8,0,0,4,0,,15,135
Working Professional,Hobby,Monthly,Yes,66.0,3,54.8,13,-1,7,1,0,64.6,37.4,5,0,1,3,1,73.0,15,90
Career Switcher,Hobby,Monthly,Yes,83.9,2,78.0,0,1,7,3,2,75.5,72.7,6,0,0,5,0,,15,105
Student,Get a Job,Annual,No,50.5,4,61.8,15,0,7,5,0,100.0,47.6,0,0,1,4,0,,10,10
Working Professional,Certification,Annual,Yes,100.0,1,100.0,0,1,6,0,5,15.1,98.2,3,0,0,5,0,,10,40
Career Switcher,Get a Job,Monthly,Yes,82.8,1,70.9,2,1,7,0,4,0.0,61.6,5,0,0,4,0,,15,90
Career Switcher,Get a Job,Annual,No,44.7,8,40.6,3,0,3,1,3,45.3,20.5,2,0,0,4,0,,10,30
Career Switcher,Certification,Annual,No,59.4,2,38.6,1,1,8,6,6,100.0,18.8,3,1,0,3,0,,10,40
Working Professional,Certification,Annual,No,82.2,1,80.7,6,1,5,0,4,39.4,77.1,24,0,0,5,0,,10,250
Career Switcher,Get a Job,Annual,Yes,87.6,1,68.1,3,1,9,5,2,100.0,56.6,0,1,0,4,0,,10,10
Working Professional,Certification,Monthly,No,50.9,4,47.6,50,-1,5,0,0,41.9,28.5,2,0,0,3,1,73.0,15,45
Student,Hobby,Annual,Yes,80.7,2,69.8,8,1,4,2,5,53.7,59.7,7,0,0,4,0,,10,80
Working Professional,Certification,Monthly,Yes,40.8,10,35.5,8,1,7,2,3,48.8,15.5,2,0,0,3,0,,15,45
Working Professional,Certification,Monthly,Yes,68.7,3,45.1,2,1,2,0,0,25.4,25.3,9,1,0,3,1,59.0,15,150
Student,Get a Job,Monthly,No,86.7,1,88.0,5,1,10,0,0,0.0,86.4,2,0,0,5,0,,15,45
Working Professional,Hobby,Monthly,No,61.7,1,44.5,1,0,6,4,2,62.8,24.7,8,0,2,3,0,,15,135
Working Professional,Certification,Annual,Yes,47.4,6,24.9,14,0,1,0,2,17.9,8.3,15,0,0,3,0,,10,160
Student,Get a Job,Monthly,Yes,72.2,3,84.2,4,1,7,0,0,15.3,81.8,8,0,0,4,0,,15,135
Working Professional,Get a Job,Annual,Yes,60.9,1,40.1,13,0,7,4,4,100.0,19.9,0,0,0,3,0,,10,10
Working Professional,Get a Job,Annual,No,79.4,0,69.1,4,1,4,1,2,32.7,58.3,12,0,0,5,0,,10,130
Working Professional,Get a Job,Annual,No,56.7,2,50.1,44,-1,5,1,0,39.7,31.8,1,0,0,4,1,137.0,10,20
Student,Certification,Monthly,Yes,58.4,3,54.6,1,0,7,1,1,55.9,37.2,8,1,0,3,0,,15,135
Student,Hobby,Monthly,No,39.7,5,34.3,0,1,7,0,1,11.1,14.4,8,0,0,4,1,37.0,15,135
Working Professional,Certification,Monthly,Yes,72.5,1,55.9,9,-1,7,2,0,34.2,38.7,13,1,3,3,1,37.0,15,210
Career Switcher,Certification,Monthly,No,67.6,1,59.9,30,-1,4,2,1,54.2,44.6,5,0,2,3,0,,15,90
Student,Certification,Annual,No,52.2,5,31.9,10,-1,4,1,0,28.3,12.6,3,1,2,2,1,5.0,10,40
Working Professional,Certification,Monthly,Yes,72.9,1,61.0,0,1,3,0,4,42.8,46.4,5,1,0,4,0,,15,90
Student,Certification,Monthly,No,85.4,1,84.9,7,1,5,2,4,53.0,82.8,6,0,0,5,0,,15,105
Student,Get a Job,Annual,No,66.8,1,68.4,24,1,4,1,3,53.0,57.1,13,0,0,4,0,,10,140
Career Switcher,Get a Job,Monthly,Yes,74.0,2,48.4,0,0,2,0,2,5.1,29.4,1,0,1,4,0,,15,30
Working Professional,Certification,Annual,Yes,74.1,3,54.9,1,1,6,3,5,79.6,37.5,15,1,0,2,0,,10,160
Student,Get a Job,Monthly,No,51.9,3,69.1,16,-1,6,1,1,28.3,58.4,3,2,2,3,1,5.0,15,60
Working Professional,Certification,Monthly,Yes,100.0,0,64.1,22,-1,5,1,0,52.3,50.7,10,0,0,4,1,5.0,15,165
Student,Certification,Monthly,Yes,62.9,2,19.1,12,0,3,0,3,37.6,5.4,3,0,0,2,1,171.0,15,60
Working Professional,Hobby,Monthly,Yes,79.8,0,63.4,47,-1,2,0,0,53.3,49.6,9,0,0,4,0,,15,150
Working Professional,Certification,Monthly,No,81.5,0,70.4,0,0,17,0,0,28.0,60.9,12,0,1,4,0,,15,195
Student,Hobby,Monthly,No,67.9,1,76.4,7,0,11,2,1,79.1,70.5,6,0,0,4,0,,15,105
Student,Certification,Annual,No,79.1,1,100.0,11,-1,7,6,0,100.0,98.2,7,0,3,4,0,,10,80
Working Professional,Certification,Annual,No,73.7,7,36.8,12,1,4,2,1,50.4,16.9,9,0,0,4,1,101.0,10,100
Career Switcher,Get a Job,Monthly,Yes,48.7,9,23.7,15,-1,1,0,0,3.6,7.7,9,1,2,3,1,5.0,15,150
Career Switcher,Certification,Annual,No,65.0,3,44.5,24,1,6,2,3,70.9,24.6,10,0,2,2,1,48.0,10,110
Student,Certification,Annual,No,60.8,0,64.6,4,1,3,1,1,64.0,51.7,15,0,0,3,0,,10,160
Working Professional,Certification,Annual,Yes,63.1,3,60.6,0,0,1,1,2,28.2,45.7,1,0,0,4,0,,10,20
Working Professional,Certification,Monthly,Yes,50.4,3,37.5,4,1,5,1,6,56.3,17.6,1,0,0,3,0,,15,30
Working Professional,Certification,Annual,Yes,86.9,3,70.7,11,0,11,2,0,37.7,61.2,24,0,1,4,0,,10,250
Working Professional,Get a Job,Annual,No,94.0,1,77.9,2,1,7,3,2,78.8,72.5,15,0,1,4,0,,10,160
Career Switcher,Get a Job,Monthly,No,84.7,2,98.5,16,0,8,5,1,100.0,95.9,7,1,0,5,1,44.0,15,120
Career Switcher,Get a Job,Annual,No,89.1,0,70.2,2,1,15,4,3,100.0,60.5,0,0,0,4,0,,10,10
Working Professional,Hobby,Monthly,No,64.8,4,24.0,0,-1,1,0,1,62.0,7.9,15,1,1,3,1,36.0,15,240
Working Professional,Certification,Annual,Yes,60.5,0,81.1,7,0,10,2,3,69.1,77.5,11,0,0,5,0,,10,120
Working Professional,Certification,Annual,No,58.3,5,64.9,12,1,1,0,1,12.3,52.0,24,0,0,4,0,,10,250
Student,Certification,Annual,No,79.7,1,62.6,4,1,4,2,4,69.8,48.5,0,0,0,3,0,,10,10
Working Professional,Certification,Monthly,Yes,73.4,1,61.1,13,1,8,1,1,25.2,46.6,0,0,0,4,0,,15,15
Working Professional,Certification,Monthly,No,68.8,2,71.2,5,1,10,1,3,45.1,62.0,5,0,0,4,0,,15,90
Working Professional,Get a Job,Annual,Yes,89.4,1,81.4,1,-1,8,2,0,68.8,77.8,15,0,1,4,0,,10,160
Student,Hobby,Monthly,No,76.1,1,100.0,0,1,9,1,0,60.6,98.2,24,0,0,5,0,,15,375
Student,Hobby,Monthly,No,57.4,1,66.1,12,1,3,1,1,48.7,53.4,3,1,0,4,0,,15,60
Career Switcher,Certification,Annual,No,59.8,1,61.1,4,-1,2,0,0,24.8,46.6,0,0,0,4,0,,10,10
Student,Certification,Monthly,Yes,80.2,2,83.1,24,-1,8,3,0,57.6,80.4,1,0,0,5,0,,15,30
Working Professional,Certification,Monthly,Yes,85.6,1,82.0,7,1,9,2,4,62.7,78.7,16,0,0,4,0,,15,255
Student,Get a Job,Monthly,Yes,78.3,0,93.2,4,1,12,2,2,68.0,91.8,5,0,0,4,0,,15,90
Student,Get a Job,Monthly,Yes,98.5,0,77.8,4,0,12,2,1,80.6,72.3,15,0,0,5,0,,15,240
Student,Get a Job,Annual,No,94.5,1,94.2,1,-1,14,2,0,55.4,92.7,4,0,1,4,0,,10,50
Student,Certification,Annual,No,76.6,2,84.7,9,0,7,4,1,100.0,82.4,0,0,1,5,0,,10,10
Career Switcher,Get a Job,Annual,No,57.4,4,57.1,8,-1,3,1,1,42.6,40.1,7,2,2,3,0,,10,80
Student,Certification,Annual,Yes,50.4,1,48.8,16,-1,1,0,1,22.9,29.9,4,0,1,4,1,53.0,10,50
Career Switcher,Get a Job,Annual,No,64.2,1,49.0,2,1,4,0,4,17.2,30.3,5,0,0,3,0,,10,60
Working Professional,Certification,Annual,No,81.3,2,84.8,3,1,13,5,4,92.8,82.5,23,0,0,4,0,,10,240
Working Professional,Certification,Monthly,No,97.4,0,95.2,1,1,13,0,4,33.9,93.4,4,0,1,4,0,,15,75
Working Professional,Certification,Annual,Yes,76.3,0,87.6,3,1,12,3,3,71.8,85.8,12,0,0,4,0,,10,130
Working Professional,Certification,Monthly,Yes,87.5,0,69.3,5,1,3,1,0,51.7,58.7,0,0,0,4,0,,15,15
Working Professional,Certification,Annual,Yes,66.3,2,23.0,33,-1,1,0,0,37.8,7.3,5,1,2,1,1,5.0,10,60
Student,Hobby,Monthly,No,79.3,2,91.1,10,-1,7,0,0,32.1,89.7,7,1,2,4,1,90.0,15,120
Working Professional,Certification,Monthly,No,82.4,0,100.0,15,-1,8,5,1,100.0,98.2,0,1,3,5,0,,15,15
Career Switcher,Get a Job,Annual,No,40.3,7,20.9,3,0,0,0,0,8.7,6.4,2,0,0,2,1,42.0,10,30
Career Switcher,Get a Job,Monthly,Yes,63.8,1,45.7,1,1,2,0,2,0.0,26.3,10,0,1,3,0,,15,165
Career Switcher,Get a Job,Annual,Yes,84.2,0,92.3,2,1,9,3,6,81.3,90.9,1,1,0,5,0,,10,20
Working Professional,Certification,Monthly,No,74.1,4,37.8,2,1,3,1,5,36.3,17.8,1,0,0,3,0,,15,30
Working Professional,Certification,Annual,No,52.1,5,84.9,8,1,9,2,9,43.1,82.7,2,0,0,4,0,,10,30
Working Professional,Certification,Monthly,No,33.5,10,31.2,4,1,3,2,1,47.9,12.0,15,0,0,2,0,,15,240
Working Professional,Hobby,Monthly,No,64.5,5,54.5,19,0,1,1,1,46.1,36.8,11,0,0,3,1,70.0,15,180
Student,Certification,Monthly,Yes,68.9,4,39.5,44,-1,7,2,2,60.8,19.5,11,0,1,2,1,5.0,15,180
Working Professional,Certification,Monthly,No,56.7,4,72.6,4,1,9,3,4,56.3,63.9,3,1,0,4,0,,15,60
Student,Certification,Monthly,No,72.1,2,46.1,12,0,2,0,0,48.0,26.7,0,0,1,3,1,66.0,15,15
Student,Get a Job,Annual,No,77.6,1,90.6,10,0,7,3,2,91.1,89.0,0,0,1,4,0,,10,10
Career Switcher,Get a Job,Annual,Yes,80.1,0,86.0,2,0,9,2,0,59.1,84.1,7,0,0,4,0,,10,80
Student,Certification,Monthly,Yes,34.7,8,44.4,25,-1,7,1,0,26.7,24.5,9,0,0,3,1,40.0,15,150
Student,Hobby,Monthly,Yes,50.3,3,58.2,2,0,3,2,1,56.8,41.9,3,0,1,3,0,,15,60
Student,Certification,Annual,No,65.4,6,100.0,13,1,19,1,2,40.9,98.2,6,0,1,4,0,,10,70
Career Switcher,Get a Job,Annual,Yes,78.6,1,88.3,4,1,4,1,3,24.2,86.9,2,1,0,5,0,,10,30
Working Professional,Certification,Annual,Yes,77.3,1,82.2,4,0,7,3,0,57.6,78.8,3,1,0,4,0,,10,40
Working Professional,Hobby,Monthly,Yes,77.1,1,74.2,6,0,13,3,3,81.5,66.4,10,1,0,4,0,,15,165
Career Switcher,Certification,Monthly,Yes,64.2,2,72.5,19,-1,8,1,0,40.1,63.6,10,0,2,4,0,,15,165
Career Switcher,Get a Job,Monthly,Yes,65.1,2,47.7,1,1,0,0,4,18.9,28.6,0,1,0,3,0,,15,15
Student,Certification,Monthly,No,59.1,1,39.5,0,1,3,0,7,29.8,19.4,23,0,0,3,0,,15,360
Working Professional,Certification,Annual,Yes,81.5,3,73.0,5,1,10,3,4,86.3,64.5,2,1,0,4,0,,10,30
Working Professional,Certification,Annual,Yes,56.2,3,51.2,0,1,3,1,4,55.8,33.2,19,0,0,4,0,,10,200
Working Professional,Get a Job,Annual,No,82.8,1,100.0,11,-1,8,5,0,100.0,98.2,5,1,0,5,0,,10,60
Student,Certification,Monthly,Yes,73.1,4,60.8,14,0,4,0,4,47.7,46.0,5,0,0,4,0,,15,90
Career Switcher,Get a Job,Monthly,Yes,69.3,2,41.8,19,0,6,0,0,11.0,21.4,4,0,0,3,1,185.0,15,75
Working Professional,Hobby,Monthly,Yes,60.1,2,76.8,13,1,5,2,1,37.6,71.0,20,0,0,4,0,,15,315
Student,Get a Job,Annual,No,49.7,7,27.8,24,-1,3,3,0,71.6,10.0,1,1,0,2,1,5.0,10,20
Working Professional,Hobby,Monthly,No,60.3,4,80.9,13,-1,4,1,1,40.2,77.4,7,0,3,3,0,,15,120
Student,Certification,Annual,Yes,65.0,3,93.2,27,-1,10,2,0,71.1,91.8,3,0,1,4,0,,10,40
Student,Certification,Monthly,Yes,34.5,8,2.6,2,1,0,0,2,24.0,0.9,19,0,0,3,1,90.0,15,300
Working Professional,Certification,Annual,No,67.0,4,7.5,6,0,2,1,0,48.1,1.7,1,1,0,2,0,,10,20
Student,Get a Job,Annual,No,83.9,0,100.0,51,-1,6,1,1,40.4,98.2,9,0,2,4,0,,10,100
Working Professional,Certification,Annual,No,78.5,0,69.7,11,-1,3,2,0,62.5,59.4,4,0,1,4,0,,10,50
Working Professional,Get a Job,Annual,No,62.6,0,21.0,21,-1,1,0,0,0.0,6.4,8,0,0,2,1,41.0,10,90
Student,Certification,Annual,No,70.7,3,44.5,0,1,4,3,0,57.2,24.7,1,2,0,3,0,,10,20
Career Switcher,Get a Job,Annual,No,61.7,3,35.6,20,-1,5,3,0,100.0,15.7,4,0,2,2,0,,10,50
Student,Hobby,Monthly,Yes,72.2,6,39.5,11,0,9,3,0,74.9,19.5,0,0,0,3,0,,15,15
Student,Get a Job,Annual,No,93.1,1,92.8,1,-1,4,2,0,33.0,91.5,24,0,3,4,0,,10,250
Student,Get a Job,Annual,Yes,84.5,0,74.6,0,0,10,4,2,100.0,67.2,1,1,0,5,0,,10,20
Student,Certification,Annual,No,77.8,1,55.7,3,1,5,0,2,57.0,38.5,24,1,0,4,0,,10,250
Student,Hobby,Annual,No,62.6,2,55.7,24,-1,4,2,1,64.1,38.5,4,0,3,2,1,90.0,10,50
Working Professional,Certification,Annual,Yes,81.2,0,67.2,11,1,4,3,2,75.7,55.2,0,0,0,4,0,,10,10
Career Switcher,Get a Job,Monthly,No,44.7,4,21.3,25,-1,2,0,0,0.0,6.6,0,1,0,3,1,5.0,15,15
Student,Certification,Monthly,No,66.2,5,51.2,5,0,1,0,1,25.9,33.2,7,0,2,2,1,283.0,15,120
Working Professional,Get a Job,Annual,No,78.8,2,92.7,27,-1,2,1,1,18.6,91.3,7,0,0,4,0,,10,80
Working Professional,Hobby,Monthly,No,81.1,0,72.4,6,1,8,1,5,31.7,63.5,5,0,0,5,0,,15,90
Career Switcher,Get a Job,Annual,No,80.0,0,90.5,2,0,7,6,1,100.0,88.8,0,0,1,4,0,,10,10
Working Professional,Certification,Monthly,Yes,74.4,3,23.1,1,1,1,0,4,56.1,7.4,3,0,0,3,0,,15,60
Student,Certification,Annual,No,67.1,5,73.0,50,-1,13,2,0,70.9,64.5,3,1,4,3,1,57.0,10,40
Student,Get a Job,Annual,No,78.1,0,99.5,4,-1,8,4,2,100.0,96.2,9,0,3,4,0,,10,100
Working Professional,Hobby,Monthly,Yes,55.7,0,50.4,1,0,2,0,1,20.1,32.2,4,0,2,3,1,36.0,15,75
Career Switcher,Get a Job,Annual,Yes,57.3,3,38.6,0,1,2,0,0,11.9,18.7,6,0,0,3,0,,10,70
Student,Certification,Annual,No,70.9,5,33.4,3,0,2,0,0,14.9,13.7,2,1,1,3,1,13.0,10,30
Working Professional,Certification,Monthly,Yes,72.6,2,54.5,21,-1,5,2,1,46.5,36.9,10,0,1,4,0,,15,165
Career Switcher,Certification,Annual,No,42.6,4,43.2,7,1,3,0,1,37.0,23.1,0,1,0,3,0,,10,10
Career Switcher,Certification,Annual,Yes,76.8,3,73.6,10,-1,9,0,0,32.7,65.3,24,0,3,3,0,,10,250
Career Switcher,Get a Job,Monthly,Yes,81.6,0,96.7,25,-1,7,2,0,62.9,94.6,8,1,0,5,1,7.0,15,135
Working Professional,Certification,Monthly,Yes,68.8,3,32.0,7,0,4,0,1,11.2,12.7,1,0,0,3,0,,15,30
Working Professional,Hobby,Annual,Yes,100.0,0,74.7,18,-1,3,0,0,41.9,67.4,10,1,2,4,1,42.0,10,110
Working Professional,Get a Job,Annual,No,59.8,3,54.1,3,-1,1,0,1,13.5,36.2,12,0,2,3,0,,10,130
Working Professional,Certification,Monthly,Yes,64.6,5,59.3,37,-1,4,1,1,34.9,43.9,12,2,2,3,1,5.0,15,195
Student,Get a Job,Monthly,Yes,64.1,4,48.3,0,1,3,0,3,7.3,29.3,2,0,0,4,0,,15,45
Working Professional,Hobby,Monthly,Yes,68.9,4,79.9,12,0,10,2,3,35.3,76.2,24,0,1,4,0,,15,375
Working Professional,Certification,Annual,No,65.1,5,80.2,10,1,11,2,4,27.7,76.5,0,0,1,4,0,,10,10
Student,Certification,Annual,Yes,48.9,3,22.4,2,-1,2,0,2,60.1,7.0,3,0,1,1,1,26.0,10,40
Working Professional,Certification,Monthly,No,61.8,2,44.6,4,0,6,0,2,33.1,24.8,0,0,0,4,0,,15,15
Working Professional,Certification,Annual,No,68.5,3,43.0,3,0,4,1,3,39.6,22.9,3,1,0,4,0,,10,40
Career Switcher,Get a Job,Annual,Yes,88.4,2,95.5,0,0,7,5,0,100.0,93.7,0,0,0,5,0,,10,10
Student,Get a Job,Monthly,Yes,100.0,2,70.0,8,-1,13,1,2,26.3,60.1,8,0,4,3,0,,15,135
Student,Certification,Monthly,Yes,90.0,1,58.1,50,-1,6,0,0,31.7,41.7,0,0,2,3,0,,15,15
Working Professional,Certification,Monthly,Yes,58.4,1,28.8,8,1,0,0,4,46.6,10.7,7,0,0,3,0,,15,120
Student,Get a Job,Annual,Yes,59.6,0,68.3,7,1,0,0,1,0.0,56.9,2,0,0,5,0,,10,30
Working Professional,Hobby,Annual,No,67.6,7,27.7,0,-1,0,0,0,32.6,9.8,1,1,1,3,0,,10,20
Working Professional,Hobby,Monthly,No,96.8,0,74.0,1,1,4,0,6,19.3,66.0,3,1,1,5,0,,15,60
Student,Get a Job,Annual,No,67.5,5,57.0,7,1,6,0,3,18.4,40.1,8,0,0,4,0,,10,90
Working Professional,Certification,Annual,Yes,50.1,4,21.4,42,-1,1,0,0,33.1,6.7,6,0,1,3,1,17.0,10,70
Working Professional,Get a Job,Annual,Yes,62.5,2,58.6,20,-1,6,0,0,21.7,42.4,9,0,2,4,0,,10,100
Working Professional,Certification,Monthly,Yes,81.4,0,75.1,4,1,6,1,1,57.6,68.1,20,1,0,4,0,,15,315
Career Switcher,Certification,Annual,No,80.3,0,51.4,7,1,4,0,2,26.1,33.4,1,0,1,2,1,38.0,10,20
Career Switcher,Get a Job,Monthly,No,67.0,2,58.9,8,1,6,0,2,14.1,42.9,4,1,0,4,0,,15,75
Working Professional,Get a Job,Annual,Yes,80.3,1,85.9,11,0,8,1,0,39.2,84.0,2,0,0,5,0,,10,30
Working Professional,Certification,Monthly,Yes,35.9,5,27.8,11,-1,2,0,1,41.0,10.0,7,0,0,3,1,216.0,15,120
Working Professional,Certification,Annual,No,71.6,5,65.1,15,-1,5,1,0,67.0,52.2,2,1,2,3,0,,10,30
Career Switcher,Get a Job,Monthly,No,82.9,2,83.9,0,1,17,3,5,74.1,81.5,6,0,1,4,0,,15,105
Working Professional,Certification,Monthly,No,57.5,4,69.6,28,-1,4,0,0,1.9,59.2,13,1,2,3,1,5.0,15,210
Working Professional,Certification,Annual,No,57.5,4,36.1,0,-1,6,0,0,14.2,16.1,6,2,0,4,1,50.0,10,70
Career Switcher,Get a Job,Annual,No,42.0,7,4.0,6,1,3,0,3,14.7,1.0,14,0,0,3,0,,10,150
Student,Hobby,Monthly,Yes,93.8,0,62.6,25,-1,9,4,1,86.2,48.5,7,0,3,3,1,28.0,15,120
Career Switcher,Certification,Annual,No,59.2,5,38.8,6,0,7,3,2,66.5,18.8,16,0,0,3,0,,10,170
Student,Certification,Monthly,No,73.6,2,95.4,0,1,14,4,2,85.9,93.6,21,1,0,5,0,,15,330
Student,Hobby,Monthly,No,79.1,0,68.0,2,0,4,2,2,47.5,56.3,5,0,1,4,0,,15,90
Student,Certification,Monthly,Yes,92.7,0,72.2,8,0,5,1,1,43.4,63.3,12,0,0,5,0,,15,195
Career Switcher,Certification,Monthly,Yes,67.7,1,50.3,0,-1,2,0,0,19.6,32.1,5,0,1,3,1,76.0,15,90
Career Switcher,Get a Job,Annual,No,61.9,3,47.9,5,1,3,2,4,76.4,28.8,9,0,0,3,0,,10,100
Working Professional,Hobby,Monthly,Yes,72.6,5,91.3,3,-1,11,3,0,89.8,90.0,0,0,2,4,1,44.0,15,15
Working Professional,Hobby,Monthly,No,89.3,2,54.1,16,-1,4,2,0,70.9,36.2,24,0,2,4,0,,15,375
Working Professional,Get a Job,Annual,Yes,67.4,4,98.7,1,1,7,0,3,10.3,96.0,17,0,0,5,0,,10,180
Career Switcher,Certification,Annual,Yes,55.7,1,57.9,11,-1,4,0,0,47.1,41.4,17,0,2,4,0,,10,180
Working Professional,Certification,Monthly,No,46.9,7,39.4,5,0,3,2,0,61.5,19.3,2,0,0,4,1,15.0,15,45
Working Professional,Certification,Monthly,Yes,51.7,5,55.4,8,0,6,2,0,62.4,38.2,2,0,1,4,1,41.0,15,45
Student,Get a Job,Annual,Yes,83.0,2,92.2,2,0,12,1,6,17.7,90.8,4,1,1,5,0,,10,50
Working Professional,Certification,Monthly,Yes,65.2,3,36.1,9,-1,5,3,0,78.9,16.1,16,0,1,2,0,,15,255
Working Professional,Hobby,Monthly,No,60.9,0,27.9,11,0,2,0,2,20.6,10.1,15,0,0,2,1,13.0,15,240
Working Professional,Certification,Monthly,Yes,59.3,1,100.0,0,1,7,3,4,69.0,98.2,2,2,0,5,0,,15,45
Student,Hobby,Monthly,No,71.3,3,93.3,17,-1,7,3,0,72.5,92.0,6,1,2,5,1,5.0,15,105
Career Switcher,Get a Job,Monthly,Yes,66.4,3,33.9,19,-1,5,4,1,100.0,14.3,5,1,2,2,1,79.0,15,90
Student,Get a Job,Annual,No,65.9,6,69.3,0,0,1,1,2,39.8,58.8,8,0,0,4,0,,10,90
Working Professional,Certification,Annual,No,90.2,0,97.4,9,0,8,2,1,75.8,95.0,1,1,0,5,0,,10,20
Career Switcher,Get a Job,Monthly,Yes,93.1,2,89.9,9,-1,10,2,0,51.2,88.4,0,0,1,5,0,,15,15
Working Professional,Certification,Annual,Yes,45.8,7,21.9,0,0,2,1,2,46.8,6.8,0,0,0,2,0,,10,10
Student,Get a Job,Annual,Yes,74.9,1,95.5,4,1,8,3,5,72.5,93.7,3,0,0,5,0,,10,40
Working Professional,Hobby,Monthly,Yes,58.3,5,68.8,34,-1,6,0,1,22.5,57.7,23,1,0,4,1,192.0,15,360
Career Switcher,Get a Job,Annual,Yes,66.3,4,36.4,8,0,4,2,1,63.1,16.4,9,0,0,4,0,,10,100
Working Professional,Get a Job,Monthly,Yes,74.6,2,47.3,27,-1,5,0,1,17.1,28.0,11,1,2,3,0,,15,180
Career Switcher,Get a Job,Annual,No,66.8,7,33.6,11,-1,4,2,0,44.9,14.0,23,1,1,3,1,34.0,10,240
Student,Certification,Monthly,Yes,73.5,2,52.9,0,1,2,1,4,75.7,34.8,4,0,0,4,0,,15,75
Working Professional,Hobby,Annual,Yes,80.1,2,77.9,0,0,10,2,2,52.5,72.6,5,0,0,4,0,,10,60
Working Professional,Certification,Annual,No,74.4,2,70.1,12,0,11,1,1,48.1,60.3,3,0,1,4,0,,10,40
Career Switcher,Certification,Annual,No,60.3,2,69.8,8,-1,4,0,0,22.0,59.6,1,0,1,4,1,62.0,10,20
Student,Get a Job,Monthly,Yes,60.6,5,62.8,1,0,5,2,1,57.2,48.7,11,1,2,4,0,,15,180
Career Switcher,Get a Job,Monthly,Yes,48.4,4,30.4,9,-1,2,0,0,25.2,11.7,18,0,0,4,1,5.0,15,285
Working Professional,Certification,Monthly,No,57.2,0,75.9,16,-1,10,4,0,100.0,69.2,13,0,1,3,0,,15,210
Working Professional,Certification,Monthly,Yes,99.4,0,76.6,13,1,9,1,2,20.2,70.8,0,1,0,5,0,,15,15
Student,Get a Job,Monthly,No,58.1,5,7.1,2,1,0,0,1,4.4,1.5,2,1,0,1,1,203.0,15,45
Career Switcher,Get a Job,Annual,Yes,52.1,0,97.2,2,1,17,4,4,100.0,94.9,7,0,0,5,0,,10,80
Student,Certification,Monthly,No,74.8,5,36.8,34,0,1,1,2,38.5,16.8,3,0,1,3,1,112.0,15,60
Student,Hobby,Annual,Yes,68.3,1,68.9,21,-1,3,0,1,46.3,58.0,1,0,1,4,0,,10,20
Student,Certification,Monthly,No,67.1,5,48.2,3,0,2,0,0,47.0,29.2,6,0,1,3,0,,15,105
Career Switcher,Get a Job,Annual,Yes,91.1,0,100.0,17,-1,12,2,0,68.5,98.2,5,0,1,4,0,,10,60
